claim,noise,model,alpha,seed,direction,threshold,empirical_tail,gaussian_tail,gap,gap_upper95,theorem_rate,normalized_upper
4,iid,sgd,0.08,1729,axis_0,0.45,0.2744140625,0.2730088051737921,0.0014052573262078871,0.0062367209499525605,1.8782496983989507,0.0033204961807095394
4,iid,sgd,0.08,1729,axis_0,0.7,0.179534912109375,0.1738272400666594,0.005707672042715606,0.009863289992725916,1.2074462346850399,0.008168719823204995
4,iid,sgd,0.08,1729,axis_0,0.95,0.11181640625,0.1012327333519929,0.010583672898007102,0.013995878897830646,0.8896972255573977,0.0157310582699212
4,iid,sgd,0.08,1729,axis_0,1.2,0.06439208984375,0.05370231816512683,0.010689771678623172,0.013347400387095571,0.7043436368996066,0.018950125603247325
4,iid,sgd,0.08,1729,axis_3,0.45,0.24176025390625,0.24053995263804717,0.001220301268202828,0.0058561240819351885,1.8782496983989507,0.0031178623837538957
4,iid,sgd,0.08,1729,axis_3,0.7,0.14483642578125,0.1365409844100126,0.008295441371237389,0.012106052225877992,1.2074462346850399,0.010026162555416667
4,iid,sgd,0.08,1729,axis_3,0.95,0.079498291015625,0.0684521350827646,0.011046155932860402,0.013975175680858619,0.8896972255573977,0.01570778831203293
4,iid,sgd,0.08,1729,axis_3,1.2,0.03759765625,0.03013285555817935,0.00746480069182065,0.009524433619277576,0.7043436368996066,0.01352242445349888
4,iid,sgd,0.08,1729,mean,0.45,0.24212646484375,0.24014102836435636,0.001985436479393643,0.006623648588415486,1.8782496983989507,0.003526500546791828
4,iid,sgd,0.08,1729,mean,0.7,0.14208984375,0.13610501592554702,0.005984827824452976,0.009765191023973337,1.2074462346850399,0.008087474823688998
4,iid,sgd,0.08,1729,mean,0.95,0.075897216796875,0.06809560300181894,0.0078016137950560616,0.010669118691484753,0.8896972255573977,0.011991853391248378
4,iid,sgd,0.08,1729,mean,1.2,0.03558349609375,0.029900092976545944,0.0056834031172040556,0.007689203586089473,0.7043436368996066,0.010916835452558298
4,iid,sgd,0.08,1729,alternating,0.45,0.24676513671875,0.24014102836435636,0.006624108354393643,0.01129218750711235,1.8782496983989507,0.00601208003213736
4,iid,sgd,0.08,1729,alternating,0.7,0.14556884765625,0.13610501592554702,0.009463831730702976,0.013282429047324611,1.2074462346850399,0.011000431046761521
4,iid,sgd,0.08,1729,alternating,0.95,0.07501220703125,0.06809560300181894,0.0069166040294310616,0.009768706181808357,0.8896972255573977,0.010979809648937857
4,iid,sgd,0.08,1729,alternating,1.2,0.034637451171875,0.029900092976545944,0.0047373581953290556,0.006717285707094581,0.7043436368996066,0.009536943837049283
4,iid,linear,0.08,1729,axis_0,0.45,0.298187255859375,0.29720815768556674,0.0009790981738082571,0.005932302780533166,1.8782496983989507,0.0031584207283993993
4,iid,linear,0.08,1729,axis_0,0.7,0.207489013671875,0.2037641352509022,0.003724878420972799,0.008115553533167424,1.2074462346850399,0.006721254578498355
4,iid,linear,0.08,1729,axis_0,0.95,0.1373291015625,0.13049481332680246,0.006834288235697539,0.010561078627334682,0.8896972255573977,0.011870418749162826
4,iid,linear,0.08,1729,axis_0,1.2,0.087249755859375,0.07782434558402673,0.009425410275348267,0.012480958855585868,0.7043436368996066,0.017719985248287034
4,iid,linear,0.08,1729,axis_3,0.45,0.261077880859375,0.26225914010653817,0.0011812592471631689,0.005936970485671438,1.8782496983989507,0.00316090586397123
4,iid,linear,0.08,1729,axis_3,0.7,0.165313720703125,0.16109940308129078,0.004214317621834218,0.008236365086664522,1.2074462346850399,0.006821310009561595
4,iid,linear,0.08,1729,axis_3,0.95,0.09783935546875,0.08955459636336105,0.00828475910538895,0.011501601874623592,0.8896972255573977,0.012927546073236103
4,iid,linear,0.08,1729,axis_3,1.2,0.0523681640625,0.04484301088518228,0.007525153177317723,0.009937193698166884,0.7043436368996066,0.014108445334877468
4,iid,linear,0.08,1729,mean,0.45,0.26385498046875,0.26246134653937636,0.0013936339293736388,0.006165579056821444,1.8782496983989507,0.0032826194845536672
4,iid,linear,0.08,1729,mean,0.7,0.165496826171875,0.16133541967928666,0.004161406492588338,0.008185239371851411,1.2074462346850399,0.006778967987743583
4,iid,linear,0.08,1729,mean,0.95,0.09649658203125,0.0897667235307733,0.006729858500476693,0.009926927203688339,0.8896972255573977,0.011157646577428734
4,iid,linear,0.08,1729,mean,1.2,0.05096435546875,0.044999631262410245,0.005964724206339755,0.00834597772141787,0.7043436368996066,0.011849298104197202
4,iid,linear,0.08,1729,alternating,0.45,0.270538330078125,0.26246134653937636,0.008076983538748639,0.012887002015387478,1.8782496983989507,0.006861176139877759
4,iid,linear,0.08,1729,alternating,0.7,0.168609619140625,0.16133541967928666,0.007274199461338338,0.011328115738864853,1.2074462346850399,0.009381880048530501
4,iid,linear,0.08,1729,alternating,0.95,0.096923828125,0.0897667235307733,0.007157104594226693,0.01036048544376096,0.8896972255573977,0.011644956448268216
4,iid,linear,0.08,1729,alternating,1.2,0.051025390625,0.044999631262410245,0.006025759362589755,0.008408361731684029,0.7043436368996066,0.011937868522098273
4,iid,contractive,0.08,1729,axis_0,0.45,0.28424072265625,0.2846068247368555,0.00036610208060550153,0.0052499006815846724,1.8782496983989507,0.0027951026352139277
4,iid,contractive,0.08,1729,axis_0,0.7,0.191680908203125,0.18796029127403735,0.00372061692908765,0.007982602267668374,1.2074462346850399,0.006611145108047499
4,iid,contractive,0.08,1729,axis_0,0.95,0.12200927734375,0.11474657436629188,0.007262702977458124,0.010806529831366816,0.8896972255573977,0.012146300472721487
4,iid,contractive,0.08,1729,axis_0,1.2,0.07354736328125,0.06452065254973405,0.009026710731515952,0.011853062859485192,0.7043436368996066,0.01682852266779925
4,iid,contractive,0.08,1729,axis_3,0.45,0.302825927734375,0.3099910034093183,0.007165075674943289,0.01214013479307548,1.8782496983989507,0.006463536133360714
4,iid,contractive,0.08,1729,axis_3,0.7,0.217193603515625,0.2202460684564681,0.0030524649408431026,0.007517057202462061,1.2074462346850399,0.0062255833730127715
4,iid,contractive,0.08,1729,axis_3,0.95,0.147308349609375,0.14758461028838432,0.0002762606790093214,0.004113693546825486,0.8896972255573977,0.004623700545146969
4,iid,contractive,0.08,1729,axis_3,1.2,0.093994140625,0.09302821225967983,0.0009659283653201678,0.004125636715143788,0.7043436368996066,0.00585742029743336
4,iid,contractive,0.08,1729,mean,0.45,0.311798095703125,0.3207645286368521,0.00896643293372712,0.013982066129635973,1.8782496983989507,0.007444199853488332
4,iid,contractive,0.08,1729,mean,0.7,0.22540283203125,0.23446916634829895,0.009066334317048952,0.013590606666713339,1.2074462346850399,0.011255661971779988
4,iid,contractive,0.08,1729,mean,0.95,0.15484619140625,0.16283987544579825,0.007993684039548254,0.01191064501126015,0.8896972255573977,0.013387301510126771
4,iid,contractive,0.08,1729,mean,1.2,0.102691650390625,0.10721080139375283,0.00451915100312783,0.007805922598918743,0.7043436368996066,0.01108254861686407
4,iid,contractive,0.08,1729,alternating,0.45,0.322601318359375,0.3207645286368521,0.0018367897225228802,0.006898372530607081,1.8782496983989507,0.00367276647853976
4,iid,contractive,0.08,1729,alternating,0.7,0.235931396484375,0.23446916634829895,0.0014622301360760481,0.006059395756680802,1.2074462346850399,0.005018356579878179
4,iid,contractive,0.08,1729,alternating,0.95,0.164031982421875,0.16283987544579825,0.0011921069760767455,0.005201606829734023,0.8896972255573977,0.005846491008753233
4,iid,contractive,0.08,1729,alternating,1.2,0.10614013671875,0.10721080139375283,0.0010706646750028304,0.004405739972236254,0.7043436368996066,0.006255100126451806
4,iid,sgd,0.08,2718,axis_0,0.45,0.277557373046875,0.2730088051737921,0.004548567873082887,0.009397087630440705,1.8782496983989507,0.005003108819051551
4,iid,sgd,0.08,2718,axis_0,0.7,0.1842041015625,0.1738272400666594,0.010376861495840606,0.014574175986875687,1.2074462346850399,0.01207024840379525
4,iid,sgd,0.08,2718,axis_0,0.95,0.112091064453125,0.1012327333519929,0.010858331101132102,0.014274197009212414,0.8896972255573977,0.016043881670272257
4,iid,sgd,0.08,2718,axis_0,1.2,0.06298828125,0.05370231816512683,0.009285963084873172,0.011916433938730413,0.7043436368996066,0.01691849448826485
4,iid,sgd,0.08,2718,axis_3,0.45,0.247772216796875,0.24053995263804717,0.007232264158827828,0.011906731092728877,1.8782496983989507,0.006339269535290414
4,iid,sgd,0.08,2718,axis_3,0.7,0.148406982421875,0.1365409844100126,0.011865998011862389,0.015715232046403856,1.2074462346850399,0.013015264444054642
4,iid,sgd,0.08,2718,axis_3,0.95,0.080902099609375,0.0684521350827646,0.012449964526610402,0.015402477994058713,0.8896972255573977,0.017312044537858392
4,iid,sgd,0.08,2718,axis_3,1.2,0.040557861328125,0.03013285555817935,0.01042500576994565,0.01256089153458388,0.7043436368996066,0.017833470590967012
4,iid,sgd,0.08,2718,mean,0.45,0.246246337890625,0.24014102836435636,0.006105309526268643,0.010770084642460905,1.8782496983989507,0.0057341069462923345
4,iid,sgd,0.08,2718,mean,0.7,0.143798828125,0.13610501592554702,0.007693812199452976,0.011493051825120863,1.2074462346850399,0.009518479162857967
4,iid,sgd,0.08,2718,mean,0.95,0.07647705078125,0.06809560300181894,0.008381447779431062,0.011258982123305393,0.8896972255573977,0.012654846839891638
4,iid,sgd,0.08,2718,mean,1.2,0.036285400390625,0.029900092976545944,0.0063853074140790556,0.008410056832313356,0.7043436368996066,0.011940275160762305
4,iid,sgd,0.08,2718,alternating,0.45,0.245452880859375,0.24014102836435636,0.005311852495018643,0.00997155674904927,1.8782496983989507,0.005308962252223003
4,iid,sgd,0.08,2718,alternating,0.7,0.142974853515625,0.13610501592554702,0.006869837590077976,0.010659999096363258,1.2074462346850399,0.008828549702789788
4,iid,sgd,0.08,2718,alternating,0.95,0.072601318359375,0.06809560300181894,0.0045057153575560616,0.007315264252022873,0.8896972255573977,0.008222195193920988
4,iid,sgd,0.08,2718,alternating,1.2,0.033721923828125,0.029900092976545944,0.0038218308515790556,0.005776342838992802,0.7043436368996066,0.008201029350416538
4,iid,linear,0.08,2718,axis_0,0.45,0.29852294921875,0.29720815768556674,0.0013147915331832571,0.006269598041029402,1.8782496983989507,0.0033380002916405123
4,iid,linear,0.08,2718,axis_0,0.7,0.20989990234375,0.2037641352509022,0.006135767092847799,0.010545154727646217,1.2074462346850399,0.008733436259707995
4,iid,linear,0.08,2718,axis_0,0.95,0.13885498046875,0.13049481332680246,0.008360167141947539,0.012104289058192679,0.8896972255573977,0.013604953135162705
4,iid,linear,0.08,2718,axis_0,1.2,0.0858154296875,0.07782434558402673,0.007991084103473267,0.011023793089163528,0.7043436368996066,0.01565115734939876
4,iid,linear,0.08,2718,axis_3,0.45,0.266571044921875,0.26225914010653817,0.004311904815336831,0.009099491129208999,1.8782496983989507,0.00484466529501671
4,iid,linear,0.08,2718,axis_3,0.7,0.170013427734375,0.16109940308129078,0.008914024653084218,0.012981343777687008,1.2074462346850399,0.01075107396485705
4,iid,linear,0.08,2718,axis_3,0.95,0.09967041015625,0.08955459636336105,0.01011581379288895,0.013359321905022408,0.8896972255573977,0.015015582291664175
4,iid,linear,0.08,2718,axis_3,1.2,0.0555419921875,0.04484301088518228,0.010698981302317723,0.013178875525924671,0.7043436368996066,0.01871086048840549
4,iid,linear,0.08,2718,mean,0.45,0.2650146484375,0.26246134653937636,0.002553301898123639,0.0073319536881197005,1.8782496983989507,0.003903609671477425
4,iid,linear,0.08,2718,mean,0.7,0.168182373046875,0.16133541967928666,0.006846953367588338,0.010896770390160373,1.2074462346850399,0.009024642321239899
4,iid,linear,0.08,2718,mean,0.95,0.095855712890625,0.0897667235307733,0.006088989359851693,0.009276553818970528,0.8896972255573977,0.010426641280306053
4,iid,linear,0.08,2718,mean,1.2,0.051513671875,0.044999631262410245,0.006514040612589755,0.008907399877955925,0.7043436368996066,0.012646383684482038
4,iid,linear,0.08,2718,alternating,0.45,0.267486572265625,0.26246134653937636,0.005025225726248639,0.009818032183472606,1.8782496983989507,0.005227224150144493
4,iid,linear,0.08,2718,alternating,0.7,0.1666259765625,0.16133541967928666,0.005290556883213338,0.009325360833550005,1.2074462346850399,0.007723209999476712
4,iid,linear,0.08,2718,alternating,0.95,0.0933837890625,0.0897667235307733,0.003617065531726693,0.006767559045148842,0.8896972255573977,0.00760658665751031
4,iid,linear,0.08,2718,alternating,1.2,0.04876708984375,0.044999631262410245,0.0037674585813397554,0.00609950911791624,0.7043436368996066,0.008659848401222416
4,iid,contractive,0.08,2718,axis_0,0.45,0.2864990234375,0.2846068247368555,0.0018921987006444985,0.00678761875686332,1.8782496983989507,0.003613799998290532
4,iid,contractive,0.08,2718,axis_0,0.7,0.19525146484375,0.18796029127403735,0.00729117356971265,0.011583160113394136,1.2074462346850399,0.00959310632693768
4,iid,contractive,0.08,2718,axis_0,0.95,0.122283935546875,0.11474657436629188,0.007537361180583124,0.011084619624506567,0.8896972255573977,0.012458867248419284
4,iid,contractive,0.08,2718,axis_0,1.2,0.07232666015625,0.06452065254973405,0.007806007606515952,0.0106106522792646,0.7043436368996066,0.015064595920779201
4,iid,contractive,0.08,2718,axis_3,0.45,0.307708740234375,0.3099910034093183,0.0022822631749432887,0.007279678500414511,1.8782496983989507,0.0038757778087864583
4,iid,contractive,0.08,2718,axis_3,0.7,0.22076416015625,0.2202460684564681,0.0005180916997818974,0.005008955130397379,1.2074462346850399,0.004148387718235716
4,iid,contractive,0.08,2718,axis_3,0.95,0.14947509765625,0.14758461028838432,0.0018904873678656786,0.005751125035183206,0.8896972255573977,0.006464137315455953
4,iid,contractive,0.08,2718,axis_3,1.2,0.09625244140625,0.09302821225967983,0.003224229146570168,0.006417682298594886,0.7043436368996066,0.009111578443221783
4,iid,contractive,0.08,2718,mean,0.45,0.312835693359375,0.3207645286368521,0.00792883527747712,0.012949018287642274,1.8782496983989507,0.006894194258984958
4,iid,contractive,0.08,2718,mean,0.7,0.225830078125,0.23446916634829895,0.008639088223298952,0.013166397287055608,1.2074462346850399,0.010904334212852168
4,iid,contractive,0.08,2718,mean,0.95,0.158721923828125,0.16283987544579825,0.0041179516176732545,0.008074526129278694,0.8896972255573977,0.00907558874786867
4,iid,contractive,0.08,2718,mean,1.2,0.1025390625,0.10721080139375283,0.00467173889375283,0.007956346940247015,0.7043436368996066,0.011296115309949298
4,iid,contractive,0.08,2718,alternating,0.45,0.3173828125,0.3207645286368521,0.00338171613685212,0.008421494243761884,1.8782496983989507,0.004483692584080007
4,iid,contractive,0.08,2718,alternating,0.7,0.228546142578125,0.23446916634829895,0.005923023770173952,0.010469480155012256,1.2074462346850399,0.008670763015583217
4,iid,contractive,0.08,2718,alternating,0.95,0.156219482421875,0.16283987544579825,0.0066203930239232545,0.01055148719758284,0.8896972255573977,0.011859638194299534
4,iid,contractive,0.08,2718,alternating,1.2,0.10101318359375,0.10721080139375283,0.00619761780000283,0.009460465440140401,0.7043436368996066,0.01343160489357675
4,iid,sgd,0.08,3141,axis_0,0.45,0.27374267578125,0.2730088051737921,0.0007338706074578871,0.005561652266937513,1.8782496983989507,0.0029610824757104193
4,iid,sgd,0.08,3141,axis_0,0.7,0.178375244140625,0.1738272400666594,0.004548004073965606,0.008693105409760947,1.2074462346850399,0.0071995797080178295
4,iid,sgd,0.08,3141,axis_0,0.95,0.10870361328125,0.1012327333519929,0.0074708799292571015,0.010841145834386608,0.8896972255573977,0.012185208094354347
4,iid,sgd,0.08,3141,axis_0,1.2,0.06231689453125,0.05370231816512683,0.008614576366123172,0.011231927867967383,0.7043436368996066,0.015946659101526494
4,iid,sgd,0.08,3141,axis_3,0.45,0.252227783203125,0.24053995263804717,0.011687830565077828,0.01639015108145346,1.8782496983989507,0.008726289744875071
4,iid,sgd,0.08,3141,axis_3,0.7,0.152252197265625,0.1365409844100126,0.01571121285561239,0.019601182611742606,1.2074462346850399,0.016233586265524725
4,iid,sgd,0.08,3141,axis_3,0.95,0.082763671875,0.0684521350827646,0.014311536792235402,0.017294800209477827,0.8896972255573977,0.019438972846793568
4,iid,sgd,0.08,3141,axis_3,1.2,0.040740966796875,0.03013285555817935,0.01060811123869565,0.01274860870469143,0.7043436368996066,0.018099984207720684
4,iid,sgd,0.08,3141,mean,0.45,0.24761962890625,0.24014102836435636,0.007478600541893643,0.012152101826752165,1.8782496983989507,0.0064699075086293405
4,iid,sgd,0.08,3141,mean,0.7,0.14495849609375,0.13610501592554702,0.008853480168202976,0.01266542440753712,1.2074462346850399,0.010489431366557595
4,iid,sgd,0.08,3141,mean,0.95,0.074798583984375,0.06809560300181894,0.0067029809825560616,0.009551347922505594,0.8896972255573977,0.010735503773794113
4,iid,sgd,0.08,3141,mean,1.2,0.036407470703125,0.029900092976545944,0.0065073777265790556,0.008535401633909838,0.7043436368996066,0.012118234888130932
4,iid,sgd,0.08,3141,alternating,0.45,0.247222900390625,0.24014102836435636,0.007081872026268643,0.011752858954452657,1.8782496983989507,0.006257346381831434
4,iid,sgd,0.08,3141,alternating,0.7,0.143707275390625,0.13610501592554702,0.007602259465077976,0.011400492517161579,1.2074462346850399,0.009441822078426023
4,iid,sgd,0.08,3141,alternating,0.95,0.0751953125,0.06809560300181894,0.0070997094981810616,0.009955007880793157,0.8896972255573977,0.01118920863730503
4,iid,sgd,0.08,3141,alternating,1.2,0.033416748046875,0.029900092976545944,0.0035166550703290556,0.00546261023100837,0.7043436368996066,0.007755603862702293
4,iid,linear,0.08,3141,axis_0,0.45,0.297393798828125,0.29720815768556674,0.00018564114255825714,0.005135046765605503,1.8782496983989507,0.0027339531958837514
4,iid,linear,0.08,3141,axis_0,0.7,0.2066650390625,0.2037641352509022,0.002900903811597799,0.007285129554452137,1.2074462346850399,0.0060335022340373195
4,iid,linear,0.08,3141,axis_0,0.95,0.135040283203125,0.13049481332680246,0.004545469876322539,0.008245972486046175,0.8896972255573977,0.009268290660207523
4,iid,linear,0.08,3141,axis_0,1.2,0.08502197265625,0.07782434558402673,0.007197627072223267,0.01021759287301587,0.7043436368996066,0.014506545296542848
4,iid,linear,0.08,3141,axis_3,0.45,0.270965576171875,0.26225914010653817,0.008706436065336831,0.013518841207040087,1.8782496983989507,0.007197574006567794
4,iid,linear,0.08,3141,axis_3,0.7,0.17352294921875,0.16109940308129078,0.012423546137459218,0.016523934228174463,1.2074462346850399,0.01368502692170364
4,iid,linear,0.08,3141,axis_3,0.95,0.102813720703125,0.08955459636336105,0.01325912433976395,0.01654762515248798,0.8896972255573977,0.01859916461144503
4,iid,linear,0.08,3141,axis_3,1.2,0.0552978515625,0.04484301088518228,0.010454840677317723,0.012929598379505643,0.7043436368996066,0.018356946385459517
4,iid,linear,0.08,3141,mean,0.45,0.268524169921875,0.26246134653937636,0.006062823382498639,0.010861514382168664,1.8782496983989507,0.00578278510648887
4,iid,linear,0.08,3141,mean,0.7,0.167327880859375,0.16133541967928666,0.005992461180088338,0.010034051334617025,1.2074462346850399,0.008310143380615526
4,iid,linear,0.08,3141,mean,0.95,0.09588623046875,0.0897667235307733,0.006119506937976693,0.009307524965136683,0.8896972255573977,0.01046145216346549
4,iid,linear,0.08,3141,mean,1.2,0.050506591796875,0.044999631262410245,0.005506960534464755,0.007878067315036808,0.7043436368996066,0.011184976909445277
4,iid,linear,0.08,3141,alternating,0.45,0.2664794921875,0.26246134653937636,0.004018145648123639,0.008805208505567007,1.8782496983989507,0.004687986114451505
4,iid,linear,0.08,3141,alternating,0.7,0.16656494140625,0.16133541967928666,0.005229521726963338,0.009263734356484785,1.2074462346850399,0.007672171306990918
4,iid,linear,0.08,3141,alternating,0.95,0.095611572265625,0.0897667235307733,0.005844848734851693,0.009028781089040908,0.8896972255573977,0.010148150212994485
4,iid,linear,0.08,3141,alternating,1.2,0.0494384765625,0.044999631262410245,0.004438845300089755,0.00678606509570896,0.7043436368996066,0.009634594167102854
4,iid,contractive,0.08,3141,axis_0,0.45,0.2838134765625,0.2846068247368555,0.0007933481743555015,0.005674931231518369,1.8782496983989507,0.003021393394262631
4,iid,contractive,0.08,3141,axis_0,0.7,0.1907958984375,0.18796029127403735,0.00283560716346265,0.007090069259310946,1.2074462346850399,0.00587195442384263
4,iid,contractive,0.08,3141,axis_0,0.95,0.119781494140625,0.11474657436629188,0.005034919774333124,0.008550695914228447,0.8896972255573977,0.00961079305251448
4,iid,contractive,0.08,3141,axis_0,1.2,0.072052001953125,0.06452065254973405,0.007531349403390952,0.010331078104963864,0.7043436368996066,0.014667667263154962
4,iid,contractive,0.08,3141,axis_3,0.45,0.311065673828125,0.3099910034093183,0.0010746704188067113,0.006087074333711181,1.8782496983989507,0.003240822739862489
4,iid,contractive,0.08,3141,axis_3,0.7,0.223358154296875,0.2202460684564681,0.0031120858404068974,0.007621731337445598,1.2074462346850399,0.0063122738872374825
4,iid,contractive,0.08,3141,axis_3,0.95,0.151031494140625,0.14758461028838432,0.0034468838522406786,0.00732401644072416,0.8896972255573977,0.008232032460408814
4,iid,contractive,0.08,3141,axis_3,1.2,0.098907470703125,0.09302821225967983,0.005879258443445168,0.009111697506611761,0.7043436368996066,0.012936437598442442
4,iid,contractive,0.08,3141,mean,0.45,0.317474365234375,0.3207645286368521,0.00329016340247712,0.008330330320018741,1.8782496983989507,0.004435155947113765
4,iid,contractive,0.08,3141,mean,0.7,0.230499267578125,0.23446916634829895,0.003969898770173952,0.008529957095280014,1.2074462346850399,0.007064461215952227
4,iid,contractive,0.08,3141,mean,0.95,0.16033935546875,0.16283987544579825,0.0025005199770482545,0.006473378224631764,0.8896972255573977,0.007275933922999675
4,iid,contractive,0.08,3141,mean,1.2,0.1031494140625,0.10721080139375283,0.00406138733125283,0.007354636073582665,0.7043436368996066,0.01044182936890925
4,iid,contractive,0.08,3141,alternating,0.45,0.31561279296875,0.3207645286368521,0.00515173566810212,0.010183952482612613,1.8782496983989507,0.0054220439866401
4,iid,contractive,0.08,3141,alternating,0.7,0.22967529296875,0.23446916634829895,0.004793873379548952,0.009348210315013112,1.2074462346850399,0.007742133808095874
4,iid,contractive,0.08,3141,alternating,0.95,0.158447265625,0.16283987544579825,0.0043926098207982545,0.008346404803968564,0.8896972255573977,0.009381174363828682
4,iid,contractive,0.08,3141,alternating,1.2,0.10394287109375,0.10721080139375283,0.0032679303000028304,0.006572358409597764,0.7043436368996066,0.009331181635328032
4,iid,sgd,0.08,5772,axis_0,0.45,0.27496337890625,0.2730088051737921,0.001954573732457887,0.0067890396561708964,1.8782496983989507,0.0036145565001064446
4,iid,sgd,0.08,5772,axis_0,0.7,0.182159423828125,0.1738272400666594,0.008332183761465606,0.012511365453413342,1.2074462346850399,0.01036184063025954
4,iid,sgd,0.08,5772,axis_0,0.95,0.110443115234375,0.1012327333519929,0.009210381882382102,0.012604190050547392,0.8896972255573977,0.014166830791959403
4,iid,sgd,0.08,5772,axis_0,1.2,0.061370849609375,0.05370231816512683,0.007668531444248172,0.010267249659454303,0.7043436368996066,0.01457704609166185
4,iid,sgd,0.08,5772,axis_3,0.45,0.24542236328125,0.24053995263804717,0.004882410643202828,0.00954191943752471,1.8782496983989507,0.005080218804591525
4,iid,sgd,0.08,5772,axis_3,0.7,0.148406982421875,0.1365409844100126,0.011865998011862389,0.015715232046403856,1.2074462346850399,0.013015264444054642
4,iid,sgd,0.08,5772,axis_3,0.95,0.08050537109375,0.0684521350827646,0.012053236010985402,0.014999136892379892,0.8896972255573977,0.01685869806212208
4,iid,sgd,0.08,5772,axis_3,1.2,0.0384521484375,0.03013285555817935,0.00831929287932065,0.010401274349222908,0.7043436368996066,0.014767329190347254
4,iid,sgd,0.08,5772,mean,0.45,0.2431640625,0.24014102836435636,0.003023034135643643,0.00766799085869957,1.8782496983989507,0.004082519414344048
4,iid,sgd,0.08,5772,mean,0.7,0.142181396484375,0.13610501592554702,0.006076380558827976,0.009857759679779927,1.2074462346850399,0.008164139649954109
4,iid,sgd,0.08,5772,mean,0.95,0.07305908203125,0.06809560300181894,0.0049634790294310616,0.007781175683419005,0.8896972255573977,0.008745869336103726
4,iid,sgd,0.08,5772,mean,1.2,0.0350341796875,0.029900092976545944,0.0051340867109540556,0.007124911527316672,0.7043436368996066,0.010115675295483956
4,iid,sgd,0.08,5772,alternating,0.45,0.242218017578125,0.24014102836435636,0.002076989213768643,0.006715797924736143,1.8782496983989507,0.0035755618278340696
4,iid,sgd,0.08,5772,alternating,0.7,0.141693115234375,0.13610501592554702,0.005588099308827976,0.009364054016379346,1.2074462346850399,0.007755255470088854
4,iid,sgd,0.08,5772,alternating,0.95,0.07318115234375,0.06809560300181894,0.0050855493419310616,0.007905413284413477,0.8896972255573977,0.008885509651286948
4,iid,sgd,0.08,5772,alternating,1.2,0.033416748046875,0.029900092976545944,0.0035166550703290556,0.00546261023100837,0.7043436368996066,0.007755603862702293
4,iid,linear,0.08,5772,axis_0,0.45,0.297882080078125,0.29720815768556674,0.0006739223925582571,0.00562566796061784,1.8782496983989507,0.0029951651079264097
4,iid,linear,0.08,5772,axis_0,0.7,0.208648681640625,0.2037641352509022,0.004884546389722799,0.009284251728233297,1.2074462346850399,0.007689163675809612
4,iid,linear,0.08,5772,axis_0,0.95,0.137451171875,0.13049481332680246,0.006956358548197539,0.010684541121147792,0.8896972255573977,0.012009187861020808
4,iid,linear,0.08,5772,axis_0,1.2,0.08514404296875,0.07782434558402673,0.007319697384723267,0.010341628762918277,0.7043436368996066,0.014682646681441262
4,iid,linear,0.08,5772,axis_3,0.45,0.263092041015625,0.26225914010653817,0.0008329009090868311,0.005600410578155116,1.8782496983989507,0.00298171781043223
4,iid,linear,0.08,5772,axis_3,0.7,0.17047119140625,0.16109940308129078,0.009371788324959218,0.013443456136148772,1.2074462346850399,0.011133792751985743
4,iid,linear,0.08,5772,axis_3,0.95,0.10052490234375,0.08955459636336105,0.01097030598038895,0.01422614186825732,0.8896972255573977,0.015989868754895355
4,iid,linear,0.08,5772,axis_3,1.2,0.053985595703125,0.04484301088518228,0.009142584817942723,0.011589500066798004,0.7043436368996066,0.01645432635384184
4,iid,linear,0.08,5772,mean,0.45,0.264923095703125,0.26246134653937636,0.002461749163748639,0.007239873022315893,1.8782496983989507,0.0038545849513444744
4,iid,linear,0.08,5772,mean,0.7,0.165130615234375,0.16133541967928666,0.0037951955550883376,0.007815455834864857,1.2074462346850399,0.006472715397471511
4,iid,linear,0.08,5772,mean,0.95,0.093597412109375,0.0897667235307733,0.003830688578601693,0.006984411922710353,0.8896972255573977,0.007850324494756741
4,iid,linear,0.08,5772,mean,1.2,0.048858642578125,0.044999631262410245,0.0038590113157147554,0.006193137525810348,0.7043436368996066,0.008792778412922732
4,iid,linear,0.08,5772,alternating,0.45,0.263763427734375,0.26246134653937636,0.0013020811949986388,0.006073495040286702,1.8782496983989507,0.003233592980456136
4,iid,linear,0.08,5772,alternating,0.7,0.164642333984375,0.16133541967928666,0.0033069143050883376,0.007322400083698594,1.2074462346850399,0.006064369471166249
4,iid,linear,0.08,5772,alternating,0.95,0.09368896484375,0.0897667235307733,0.003922241312976693,0.007077347339010361,0.8896972255573977,0.007954781846797807
4,iid,linear,0.08,5772,alternating,1.2,0.0478515625,0.044999631262410245,0.0028519312375897554,0.0051630991278717765,0.7043436368996066,0.007330369520478394
4,iid,contractive,0.08,5772,axis_0,0.45,0.28472900390625,0.2846068247368555,0.00012217916939449847,0.005008503227576774,1.8782496983989507,0.002666580078168574
4,iid,contractive,0.08,5772,axis_0,0.7,0.19451904296875,0.18796029127403735,0.00655875169471265,0.010844629696965227,1.2074462346850399,0.008981459700186177
4,iid,contractive,0.08,5772,axis_0,0.95,0.121917724609375,0.11474657436629188,0.007171150243083124,0.010713831940234248,0.8896972255573977,0.01204211009371419
4,iid,contractive,0.08,5772,axis_0,1.2,0.070404052734375,0.06452065254973405,0.005883400184640952,0.008653382806931512,0.7043436368996066,0.012285740018923349
4,iid,contractive,0.08,5772,axis_3,0.45,0.3035888671875,0.3099910034093183,0.006402136221818289,0.011380732123335909,1.8782496983989507,0.0060592221220836726
4,iid,contractive,0.08,5772,axis_3,0.7,0.22064208984375,0.2202460684564681,0.0003960213872818974,0.0048859946917984235,1.2074462346850399,0.004046552592938373
4,iid,contractive,0.08,5772,axis_3,0.95,0.152801513671875,0.14758461028838432,0.005216903383490679,0.009112621434422132,0.8896972255573977,0.01024238490652036
4,iid,contractive,0.08,5772,axis_3,1.2,0.097747802734375,0.09302821225967983,0.004719590474695168,0.007935090963338845,0.7043436368996066,0.011265936891639544
4,iid,contractive,0.08,5772,mean,0.45,0.312469482421875,0.3207645286368521,0.00829504621497712,0.013313626751156611,1.8782496983989507,0.007088315660322136
4,iid,contractive,0.08,5772,mean,0.7,0.226165771484375,0.23446916634829895,0.008303394863923952,0.012833085174801287,1.2074462346850399,0.010628287045964224
4,iid,contractive,0.08,5772,mean,0.95,0.15606689453125,0.16283987544579825,0.0067729809145482545,0.010702510021254538,0.8896972255573977,0.012029384507239962
4,iid,contractive,0.08,5772,mean,1.2,0.1019287109375,0.10721080139375283,0.00528209045625283,0.008558021684386366,0.7043436368996066,0.012150349965617964
4,iid,contractive,0.08,5772,alternating,0.45,0.314483642578125,0.3207645286368521,0.00628088605872712,0.011308235179210532,1.8782496983989507,0.006020623982450175
4,iid,contractive,0.08,5772,alternating,0.7,0.228607177734375,0.23446916634829895,0.005861988613923952,0.010408872164122635,1.2074462346850399,0.008620567827467507
4,iid,contractive,0.08,5772,alternating,0.95,0.157379150390625,0.16283987544579825,0.0054607250551732545,0.00940367081276233,0.8896972255573977,0.010569517969296695
4,iid,contractive,0.08,5772,alternating,1.2,0.10235595703125,0.10721080139375283,0.00485484436250283,0.008136853169366496,0.7043436368996066,0.011552391110088612
4,iid,sgd,0.04,1729,axis_0,0.45,0.27325439453125,0.2730088051737921,0.0002455893574578871,0.005070684580934661,1.7830133530497683,0.002843884804486445
4,iid,sgd,0.04,1729,axis_0,0.7,0.176300048828125,0.1738272400666594,0.002472808761465606,0.0065989286272612815,1.1462228698177084,0.005757107802526008
4,iid,sgd,0.04,1729,axis_0,0.95,0.104736328125,0.1012327333519929,0.0035035947730071015,0.00681914229433793,0.8445852724972588,0.008073953591654729
4,iid,sgd,0.04,1729,axis_0,1.2,0.0576171875,0.05370231816512683,0.003914869334873172,0.006437890011924225,0.6686300073936632,0.009628479040327976
4,iid,sgd,0.04,1729,axis_3,0.45,0.2493896484375,0.24053995263804717,0.008849695799452828,0.013534350553164726,1.7830133530497683,0.007590717439112162
4,iid,sgd,0.04,1729,axis_3,0.7,0.1473388671875,0.1365409844100126,0.010797882777487389,0.014635644443377858,1.1462228698177084,0.012768585262746908
4,iid,sgd,0.04,1729,axis_3,0.95,0.077484130859375,0.0684521350827646,0.009031995776610402,0.011926834741518684,0.8445852724972588,0.01412152819839443
4,iid,sgd,0.04,1729,axis_3,1.2,0.03631591796875,0.03013285555817935,0.00618306241057065,0.008208631028196555,0.6686300073936632,0.012276791255890547
4,iid,sgd,0.04,1729,mean,0.45,0.244140625,0.24014102836435636,0.003999596635643643,0.00865086750804839,1.7830133530497683,0.004851824296913677
4,iid,sgd,0.04,1729,mean,0.7,0.14190673828125,0.13610501592554702,0.005801722355702976,0.009580052112637839,1.1462228698177084,0.008357931397897705
4,iid,sgd,0.04,1729,mean,0.95,0.07342529296875,0.06809560300181894,0.0053296899669310616,0.008153881641163385,0.8445852724972588,0.009654302421180153
4,iid,sgd,0.04,1729,mean,1.2,0.033233642578125,0.029900092976545944,0.0033335496015790556,0.005274349857321045,0.6686300073936632,0.007888293673627655
4,iid,sgd,0.04,1729,alternating,0.45,0.24041748046875,0.24014102836435636,0.000276452104393643,0.0049034745414520235,1.7830133530497683,0.00275010533884384
4,iid,sgd,0.04,1729,alternating,0.7,0.136505126953125,0.13610501592554702,0.00040011102757797623,0.004117478266047202,1.1462228698177084,0.0035922143716274235
4,iid,sgd,0.04,1729,alternating,0.95,0.069000244140625,0.06809560300181894,0.0009046411388060616,0.003648938709170571,0.8445852724972588,0.0043203911173840814
4,iid,sgd,0.04,1729,alternating,1.2,0.032562255859375,0.029900092976545944,0.0026621628828290556,0.004583926024923055,0.6686300073936632,0.006855698928008505
4,iid,linear,0.04,1729,axis_0,0.45,0.295745849609375,0.29720815768556674,0.0014623080761917429,0.006403766443791096,1.7830133530497683,0.0035915414950974576
4,iid,linear,0.04,1729,axis_0,0.7,0.205108642578125,0.2037641352509022,0.0013445073272227992,0.005716475298056983,1.1462228698177084,0.0049872284427252035
4,iid,linear,0.04,1729,axis_0,0.95,0.131927490234375,0.13049481332680246,0.0014326769075725387,0.00509685653495923,0.8445852724972588,0.006034744745061574
4,iid,linear,0.04,1729,axis_0,1.2,0.079742431640625,0.07782434558402673,0.0019180860565982671,0.00485121084471548,0.6686300073936632,0.007255448889626751
4,iid,linear,0.04,1729,axis_3,0.45,0.270477294921875,0.26225914010653817,0.008218154815336831,0.0130278318799277,1.7830133530497683,0.007306637304563171
4,iid,linear,0.04,1729,axis_3,0.7,0.169677734375,0.16109940308129078,0.008578331293709218,0.012642454582365228,1.1462228698177084,0.011029665273016097
4,iid,linear,0.04,1729,axis_3,0.95,0.09747314453125,0.08955459636336105,0.00791854816788895,0.011130016612693708,0.8445852724972588,0.01317808512074171
4,iid,linear,0.04,1729,axis_3,1.2,0.05169677734375,0.04484301088518228,0.006853766458567723,0.00925114411074896,0.6686300073936632,0.013835969083724128
4,iid,linear,0.04,1729,mean,0.45,0.266143798828125,0.26246134653937636,0.003682452288748639,0.00846759355910007,1.7830133530497683,0.004749035415027383
4,iid,linear,0.04,1729,mean,0.7,0.1669921875,0.16133541967928666,0.005656767820713338,0.00969511560654996,1.1462228698177084,0.008458316320360839
4,iid,linear,0.04,1729,mean,0.95,0.093475341796875,0.0897667235307733,0.003708618266101693,0.006860496605793175,0.8445852724972588,0.008122917636851692
4,iid,linear,0.04,1729,mean,1.2,0.04876708984375,0.044999631262410245,0.0037674585813397554,0.00609950911791624,0.6686300073936632,0.009122398113258903
4,iid,linear,0.04,1729,alternating,0.45,0.261444091796875,0.26246134653937636,0.0010172547425013612,0.005775120761627581,1.7830133530497683,0.0032389666357514842
4,iid,linear,0.04,1729,alternating,0.7,0.160125732421875,0.16133541967928666,0.0012096872574116624,0.0051804030774786625,1.1462228698177084,0.004519542589743073
4,iid,linear,0.04,1729,alternating,0.95,0.08941650390625,0.0897667235307733,0.0003502196245233069,0.003439802390506467,0.8445852724972588,0.004072770983012413
4,iid,linear,0.04,1729,alternating,1.2,0.046539306640625,0.044999631262410245,0.0015396753782147554,0.003820502954545819,0.6686300073936632,0.005713926853863824
4,iid,contractive,0.04,1729,axis_0,0.45,0.28387451171875,0.2846068247368555,0.0007323130181055015,0.005614212911470444,1.7830133530497683,0.0031487217422503156
4,iid,contractive,0.04,1729,axis_0,0.7,0.189056396484375,0.18796029127403735,0.00109610521033765,0.005335678214026949,1.1462228698177084,0.004655009383014246
4,iid,contractive,0.04,1729,axis_0,0.95,0.116180419921875,0.11474657436629188,0.0014338455555831242,0.004903445355814454,0.8445852724972588,0.005805743381382924
4,iid,contractive,0.04,1729,axis_0,1.2,0.067352294921875,0.06452065254973405,0.0028316423721409523,0.00554536912401345,0.6686300073936632,0.008293628857055698
4,iid,contractive,0.04,1729,axis_3,0.45,0.315521240234375,0.3099910034093183,0.005530236825056711,0.010562060243738756,1.7830133530497683,0.005923713485192246
4,iid,contractive,0.04,1729,axis_3,0.7,0.22540283203125,0.2202460684564681,0.005156763574781897,0.009681035924446284,1.1462228698177084,0.008446032773701265
4,iid,contractive,0.04,1729,axis_3,0.95,0.150909423828125,0.14758461028838432,0.0033248135397406786,0.007200657593963739,0.8445852724972588,0.008525672692199485
4,iid,contractive,0.04,1729,axis_3,1.2,0.09765625,0.09302821225967983,0.004628037740320168,0.007842195082086615,0.6686300073936632,0.01172875132041365
4,iid,contractive,0.04,1729,mean,0.45,0.318756103515625,0.3207645286368521,0.00200842512122712,0.0070540117922151275,1.7830133530497683,0.0039562304904500805
4,iid,contractive,0.04,1729,mean,0.7,0.2330322265625,0.23446916634829895,0.0014369397857989519,0.006014432421722008,1.1462228698177084,0.005247175379320886
4,iid,contractive,0.04,1729,mean,0.95,0.163055419921875,0.16283987544579825,0.00021554447607674554,0.004215425506072029,0.8445852724972588,0.004991118887981451
4,iid,contractive,0.04,1729,mean,1.2,0.108154296875,0.10721080139375283,0.0009434954812471696,0.004306270830153335,0.6686300073936632,0.006440439080709657
4,iid,contractive,0.04,1729,alternating,0.45,0.318023681640625,0.3207645286368521,0.00274084699622712,0.007783342055577806,1.7830133530497683,0.004365274125549722
4,iid,contractive,0.04,1729,alternating,0.7,0.230010986328125,0.23446916634829895,0.004458180020173952,0.009014850867957714,1.1462228698177084,0.007864832490553435
4,iid,contractive,0.04,1729,alternating,0.95,0.157073974609375,0.16283987544579825,0.0057659008364232545,0.009705735092463533,0.8445852724972588,0.01149171718773374
4,iid,contractive,0.04,1729,alternating,1.2,0.103118896484375,0.10721080139375283,0.00409190490937783,0.007384722470431105,0.6686300073936632,0.011044557361726767
4,iid,sgd,0.04,2718,axis_0,0.45,0.267730712890625,0.2730088051737921,0.005278092283167113,0.010072286356959408,1.7830133530497683,0.005649024635587385
4,iid,sgd,0.04,2718,axis_0,0.7,0.1708984375,0.1738272400666594,0.002928802566659394,0.0070045195275627815,1.1462228698177084,0.006110957748275218
4,iid,sgd,0.04,2718,axis_0,0.95,0.10406494140625,0.1012327333519929,0.0028322080542571015,0.006138350729829746,0.8445852724972588,0.007267887482432591
4,iid,sgd,0.04,2718,axis_0,1.2,0.057037353515625,0.05370231816512683,0.0033350353504981722,0.005846100795869033,0.6686300073936632,0.00874340177859693
4,iid,sgd,0.04,2718,axis_3,0.45,0.236328125,0.24053995263804717,0.004211827638047172,0.008811662143519007,1.7830133530497683,0.004942005694150879
4,iid,sgd,0.04,2718,axis_3,0.7,0.140350341796875,0.1365409844100126,0.0038093573868623887,0.0075703162968415345,1.1462228698177084,0.006604576209551196
4,iid,sgd,0.04,2718,axis_3,0.95,0.07427978515625,0.0684521350827646,0.005827650073485402,0.00866691748074083,0.8445852724972588,0.010261743559788346
4,iid,sgd,0.04,2718,axis_3,1.2,0.036865234375,0.03013285555817935,0.00673237881682065,0.008772627627326404,0.6686300073936632,0.013120302006071087
4,iid,sgd,0.04,2718,mean,0.45,0.24102783203125,0.24014102836435636,0.000886803666893643,0.005517834006754278,1.7830133530497683,0.0030946677978133242
4,iid,sgd,0.04,2718,mean,0.7,0.137939453125,0.13610501592554702,0.0018344371994529762,0.005568178627873751,1.1462228698177084,0.004857849877623971
4,iid,sgd,0.04,2718,mean,0.95,0.071319580078125,0.06809560300181894,0.0032239770763060616,0.006010538606240177,0.8445852724972588,0.007116556257804845
4,iid,sgd,0.04,2718,mean,1.2,0.033355712890625,0.029900092976545944,0.0034556199140790556,0.005399858516366441,0.6686300073936632,0.008076003853633832
4,iid,sgd,0.04,2718,alternating,0.45,0.241729736328125,0.24014102836435636,0.001588707963768643,0.006224331460874748,1.7830133530497683,0.0034909056907668663
4,iid,sgd,0.04,2718,alternating,0.7,0.138885498046875,0.13610501592554702,0.0027804821213279762,0.006524949106265961,1.1462228698177084,0.005692565798572548
4,iid,sgd,0.04,2718,alternating,0.95,0.069976806640625,0.06809560300181894,0.0018812036388060616,0.004643403209471247,0.8445852724972588,0.005497850081782379
4,iid,sgd,0.04,2718,alternating,1.2,0.031524658203125,0.029900092976545944,0.0016245652265790556,0.003516475698171732,0.6686300073936632,0.005259225071095813
4,iid,linear,0.04,2718,axis_0,0.45,0.292266845703125,0.29720815768556674,0.004941311982441743,0.009865738378640281,1.7830133530497683,0.0055331825539979024
4,iid,linear,0.04,2718,axis_0,0.7,0.201934814453125,0.2037641352509022,0.0018293207977772008,0.00617598295974025,1.1462228698177084,0.005388117025376102
4,iid,linear,0.04,2718,axis_0,0.95,0.130615234375,0.13049481332680246,0.00012042104819753874,0.0037690864098783227,0.8445852724972588,0.004462647565158148
4,iid,linear,0.04,2718,axis_0,1.2,0.079620361328125,0.07782434558402673,0.0017960157440982671,0.004727089028813784,0.6686300073936632,0.007069812865922811
4,iid,linear,0.04,2718,axis_3,0.45,0.25518798828125,0.26225914010653817,0.007071151825288169,0.011791614348157783,1.7830133530497683,0.006613306808941576
4,iid,linear,0.04,2718,axis_3,0.7,0.16259765625,0.16109940308129078,0.0014982531687092182,0.005493607770408882,1.1462228698177084,0.004792791973591111
4,iid,linear,0.04,2718,axis_3,0.95,0.0943603515625,0.08955459636336105,0.00480575519913895,0.007970972950837082,0.8445852724972588,0.009437736141513116
4,iid,linear,0.04,2718,axis_3,1.2,0.051025390625,0.04484301088518228,0.006182379739817723,0.008564982108911996,0.6686300073936632,0.012809748312521173
4,iid,linear,0.04,2718,mean,0.45,0.26220703125,0.26246134653937636,0.00025431528937636116,0.00501665669983135,1.7830133530497683,0.0028135833594575012
4,iid,linear,0.04,2718,mean,0.7,0.16204833984375,0.16133541967928666,0.0007129201644633376,0.004702828146431868,1.1462228698177084,0.00410289156696009
4,iid,linear,0.04,2718,mean,0.95,0.091705322265625,0.0897667235307733,0.001938598734851693,0.005063539282545635,0.8445852724972588,0.005995296682801285
4,iid,linear,0.04,2718,mean,1.2,0.04779052734375,0.044999631262410245,0.0027908960813397554,0.00510066356964586,0.6686300073936632,0.007628529251219784
4,iid,linear,0.04,2718,alternating,0.45,0.263275146484375,0.26246134653937636,0.0008137999449986388,0.005582375805448214,1.7830133530497683,0.0031308659556025186
4,iid,linear,0.04,2718,alternating,0.7,0.1644287109375,0.16133541967928666,0.0030932912582133376,0.007106684216475877,1.1462228698177084,0.006200089357496506
4,iid,linear,0.04,2718,alternating,0.95,0.092132568359375,0.0897667235307733,0.002365844828601693,0.005497319557428545,0.8445852724972588,0.006508898197069127
4,iid,linear,0.04,2718,alternating,1.2,0.04638671875,0.044999631262410245,0.0013870874875897554,0.003664355132841846,0.6686300073936632,0.005480392881446639
4,iid,contractive,0.04,2718,axis_0,0.45,0.2786865234375,0.2846068247368555,0.0059203012993555015,0.010774875136159852,1.7830133530497683,0.006043070354874173
4,iid,contractive,0.04,2718,axis_0,0.7,0.183990478515625,0.18796029127403735,0.00396981275841235,0.008165241909358405,1.1462228698177084,0.007123607567398283
4,iid,contractive,0.04,2718,axis_0,0.95,0.115203857421875,0.11474657436629188,0.0004572830555831242,0.003914178343908415,0.8445852724972588,0.004634438311166643
4,iid,contractive,0.04,2718,axis_0,1.2,0.067108154296875,0.06452065254973405,0.0025875017471409523,0.005296660155320612,0.6686300073936632,0.007921660853911012
4,iid,contractive,0.04,2718,axis_3,0.45,0.302398681640625,0.3099910034093183,0.007592321768693289,0.012565393195672542,1.7830133530497683,0.007047279356702502
4,iid,contractive,0.04,2718,axis_3,0.7,0.21484375,0.2202460684564681,0.005402318456468103,0.00984935309278568,1.1462228698177084,0.008592877835662177
4,iid,contractive,0.04,2718,axis_3,0.95,0.14794921875,0.14758461028838432,0.0003646084616156786,0.00420893421917032,0.8445852724972588,0.004983433119459209
4,iid,contractive,0.04,2718,axis_3,1.2,0.09442138671875,0.09302821225967983,0.0013931744590701678,0.004559309029558732,0.6686300073936632,0.006818881861630822
4,iid,contractive,0.04,2718,mean,0.45,0.31707763671875,0.3207645286368521,0.00368689191810212,0.00872537236431582,1.7830133530497683,0.004893610218561427
4,iid,contractive,0.04,2718,mean,0.7,0.22979736328125,0.23446916634829895,0.004671803067048952,0.009226989171831375,1.1462228698177084,0.008049908455673029
4,iid,contractive,0.04,2718,mean,0.95,0.1568603515625,0.16283987544579825,0.0059795238832982545,0.009917176975498957,0.8445852724972588,0.011742067140451048
4,iid,contractive,0.04,2718,mean,1.2,0.1033935546875,0.10721080139375283,0.0038172467062528304,0.007113941676273288,0.6686300073936632,0.010639578836737546
4,iid,contractive,0.04,2718,alternating,0.45,0.3154296875,0.3207645286368521,0.00533484113685212,0.01036627093364198,1.7830133530497683,0.005813905384337653
4,iid,contractive,0.04,2718,alternating,0.7,0.232269287109375,0.23446916634829895,0.002199879238923952,0.006772144885498928,1.1462228698177084,0.005908226980827863
4,iid,contractive,0.04,2718,alternating,0.95,0.16015625,0.16283987544579825,0.0026836254457982545,0.006654647480192956,0.8445852724972588,0.007879189582025959
4,iid,contractive,0.04,2718,alternating,1.2,0.104339599609375,0.10721080139375283,0.0028712017843778304,0.006181197056440897,0.6686300073936632,0.00924457022282826
4,iid,sgd,0.04,3141,axis_0,0.45,0.269195556640625,0.2730088051737921,0.003813248533167113,0.008615729330942623,1.7830133530497683,0.0048321171101751905
4,iid,sgd,0.04,3141,axis_0,0.7,0.177215576171875,0.1738272400666594,0.003388336105215606,0.007522855943813778,1.1462228698177084,0.006563170341392847
4,iid,sgd,0.04,3141,axis_0,0.95,0.106475830078125,0.1012327333519929,0.0052430967261321015,0.008582814543035685,0.8445852724972588,0.010162164582456109
4,iid,sgd,0.04,3141,axis_0,1.2,0.058349609375,0.05370231816512683,0.004647291209873172,0.007185310542104222,0.6686300073936632,0.010746317788088431
4,iid,sgd,0.04,3141,axis_3,0.45,0.238983154296875,0.24053995263804717,0.001556798341172172,0.00617435128371262,1.7830133530497683,0.003462874393594224
4,iid,sgd,0.04,3141,axis_3,0.7,0.141143798828125,0.1365409844100126,0.004602814418112389,0.008372648468386274,1.1462228698177084,0.007304555413135173
4,iid,sgd,0.04,3141,axis_3,0.95,0.074188232421875,0.0684521350827646,0.005736097339110402,0.00857375476315219,0.8445852724972588,0.010151437684677383
4,iid,sgd,0.04,3141,axis_3,1.2,0.034820556640625,0.03013285555817935,0.00468770108244565,0.006672666708470747,0.6686300073936632,0.009979610000575612
4,iid,sgd,0.04,3141,mean,0.45,0.24151611328125,0.24014102836435636,0.001375084916893643,0.006009312297890059,1.7830133530497683,0.003370312559696419
4,iid,sgd,0.04,3141,mean,0.7,0.1397705078125,0.13610501592554702,0.0036654918869529762,0.0074199394176022795,1.1462228698177084,0.006473382806244586
4,iid,sgd,0.04,3141,mean,0.95,0.07281494140625,0.06809560300181894,0.0047193384044310616,0.007532693609824628,0.8445852724972588,0.008918807674152377
4,iid,sgd,0.04,3141,mean,1.2,0.033538818359375,0.029900092976545944,0.0036387253828290556,0.0055881084535564125,0.6686300073936632,0.008357549604061298
4,iid,sgd,0.04,3141,alternating,0.45,0.240234375,0.24014102836435636,9.334663564364298e-05,0.0047191641836567925,1.7830133530497683,0.002646735188822262
4,iid,sgd,0.04,3141,alternating,0.7,0.1361083984375,0.13610501592554702,3.3825119529762304e-06,0.00371619650101466,1.1462228698177084,0.0032421238476995945
4,iid,sgd,0.04,3141,alternating,0.95,0.068603515625,0.06809560300181894,0.0005079126231810616,0.003244892390731198,0.8445852724972588,0.0038419949961200984
4,iid,sgd,0.04,3141,alternating,1.2,0.031097412109375,0.029900092976545944,0.0011973191328290556,0.0030767799947089506,0.6686300073936632,0.004601618175502349
4,iid,linear,0.04,3141,axis_0,0.45,0.291259765625,0.29720815768556674,0.005948392060566743,0.010867823311247245,1.7830133530497683,0.006095200180446376
4,iid,linear,0.04,3141,axis_0,0.7,0.204376220703125,0.2037641352509022,0.0006120854522227992,0.004978250645935996,1.1462228698177084,0.004343178606031234
4,iid,linear,0.04,3141,axis_0,0.95,0.133453369140625,0.13049481332680246,0.0029585558138225387,0.006640624147505835,0.8445852724972588,0.007862585772862134
4,iid,linear,0.04,3141,axis_0,1.2,0.0809326171875,0.07782434558402673,0.003108271603473267,0.00606129285924935,0.6686300073936632,0.009065242050497292
4,iid,linear,0.04,3141,axis_3,0.45,0.258392333984375,0.26225914010653817,0.003866806122163169,0.008606584348025161,1.7830133530497683,0.004826988162093103
4,iid,linear,0.04,3141,axis_3,0.7,0.16375732421875,0.16109940308129078,0.002657921137459218,0.006664720851252034,1.1462228698177084,0.005814506957370315
4,iid,linear,0.04,3141,axis_3,0.95,0.094024658203125,0.08955459636336105,0.00447006183976395,0.007630229863296083,0.8445852724972588,0.00903429187290363
4,iid,linear,0.04,3141,axis_3,1.2,0.048919677734375,0.04484301088518228,0.004076666849192723,0.006412175583026215,0.6686300073936632,0.009590020657345367
4,iid,linear,0.04,3141,mean,0.45,0.26104736328125,0.26246134653937636,0.0014139832581263612,0.0061695147382745865,1.7830133530497683,0.0034601618253289547
4,iid,linear,0.04,3141,mean,0.7,0.16448974609375,0.16133541967928666,0.0031543264144633376,0.007168317568744606,1.1462228698177084,0.006253860185048159
4,iid,linear,0.04,3141,mean,0.95,0.094268798828125,0.0897667235307733,0.004502075297351693,0.0076659170638952836,0.8445852724972588,0.009076545984787064
4,iid,linear,0.04,3141,mean,1.2,0.049163818359375,0.044999631262410245,0.004164187096964755,0.006505215895517785,0.6686300073936632,0.009729171325820811
4,iid,linear,0.04,3141,alternating,0.45,0.262786865234375,0.26246134653937636,0.00032551869499863884,0.00509124901553511,1.7830133530497683,0.0028554183325810462
4,iid,linear,0.04,3141,alternating,0.7,0.159759521484375,0.16133541967928666,0.0015758981949116624,0.005542935452599174,1.1462228698177084,0.004835826957004186
4,iid,linear,0.04,3141,alternating,0.95,0.08984375,0.0897667235307733,7.70264692266931e-05,0.0031732550632877716,0.8445852724972588,0.0037571754642430977
4,iid,linear,0.04,3141,alternating,1.2,0.045562744140625,0.044999631262410245,0.0005631128782147554,0.0028210390210001855,0.6686300073936632,0.00421913313761772
4,iid,contractive,0.04,3141,axis_0,0.45,0.2802734375,0.2846068247368555,0.0043333872368555015,0.009196404816526994,1.7830133530497683,0.005157787966532576
4,iid,contractive,0.04,3141,axis_0,0.7,0.189971923828125,0.18796029127403735,0.00201163255408765,0.006259058839109961,1.1462228698177084,0.005460594971469538
4,iid,contractive,0.04,3141,axis_0,0.95,0.117889404296875,0.11474657436629188,0.003142829930583124,0.00663447435043581,0.8445852724972588,0.007855304332763324
4,iid,contractive,0.04,3141,axis_0,1.2,0.067901611328125,0.06452065254973405,0.0033809587783909523,0.0061049269119351265,0.6686300073936632,0.009130500941368587
4,iid,contractive,0.04,3141,axis_3,0.45,0.302642822265625,0.3099910034093183,0.007348181143693289,0.012322389018252087,1.7830133530497683,0.006910990877984826
4,iid,contractive,0.04,3141,axis_3,0.7,0.22003173828125,0.2202460684564681,0.0002143301752181026,0.004699844357639817,1.1462228698177084,0.004100288418069398
4,iid,contractive,0.04,3141,axis_3,0.95,0.147918701171875,0.14758461028838432,0.0003340908834906786,0.00417808897251323,0.8445852724972588,0.004946911944319737
4,iid,contractive,0.04,3141,axis_3,1.2,0.093505859375,0.09302821225967983,0.0004776471153201678,0.003629986859305696,0.6686300073936632,0.005428991847756695
4,iid,contractive,0.04,3141,mean,0.45,0.31646728515625,0.3207645286368521,0.00429724348060212,0.009333121097855748,1.7830133530497683,0.005234465059889676
4,iid,contractive,0.04,3141,mean,0.7,0.23211669921875,0.23446916634829895,0.002352467129548952,0.006923684869638328,1.1462228698177084,0.006040435112535705
4,iid,contractive,0.04,3141,mean,0.95,0.15899658203125,0.16283987544579825,0.0038432934145482545,0.0078026432696235845,0.8445852724972588,0.009238431599159703
4,iid,contractive,0.04,3141,mean,1.2,0.1043701171875,0.10721080139375283,0.0028406842062528304,0.006151107102918593,0.6686300073936632,0.009199567825105196
4,iid,contractive,0.04,3141,alternating,0.45,0.31817626953125,0.3207645286368521,0.00258825910560212,0.0076313994353868824,1.7830133530497683,0.004280057365994315
4,iid,contractive,0.04,3141,alternating,0.7,0.2314453125,0.23446916634829895,0.003023853848298952,0.007590450842027353,1.1462228698177084,0.006622142204538733
4,iid,contractive,0.04,3141,alternating,0.95,0.157440185546875,0.16283987544579825,0.0053996898989232545,0.0093432573299808,0.8445852724972588,0.0110625387799562
4,iid,contractive,0.04,3141,alternating,1.2,0.103424072265625,0.10721080139375283,0.0037867291281278304,0.0070838544743206736,0.6686300073936632,0.010594580554249606
4,iid,sgd,0.04,5772,axis_0,0.45,0.269256591796875,0.2730088051737921,0.003752213376917113,0.008555038007903653,1.7830133530497683,0.004798078485094138
4,iid,sgd,0.04,5772,axis_0,0.7,0.17779541015625,0.1738272400666594,0.003968170089590606,0.00810798881818416,1.1462228698177084,0.007073658214020479
4,iid,sgd,0.04,5772,axis_0,0.95,0.105926513671875,0.1012327333519929,0.0046937803198821015,0.008025895854301496,0.8445852724972588,0.009502765576968481
4,iid,sgd,0.04,5772,axis_0,1.2,0.05810546875,0.05370231816512683,0.004403150584873172,0.006936182991914346,0.6686300073936632,0.010373723756359312
4,iid,sgd,0.04,5772,axis_3,0.45,0.24432373046875,0.24053995263804717,0.003783777830702828,0.008436228976722901,1.7830133530497683,0.0047314446424605245
4,iid,sgd,0.04,5772,axis_3,0.7,0.14544677734375,0.1365409844100126,0.008905792933737389,0.012723061477840122,1.1462228698177084,0.011099989201806415
4,iid,sgd,0.04,5772,axis_3,0.95,0.07647705078125,0.0684521350827646,0.008024915698485402,0.010902450042359733,0.8445852724972588,0.012908643327539339
4,iid,sgd,0.04,5772,axis_3,1.2,0.036865234375,0.03013285555817935,0.00673237881682065,0.008772627627326404,0.6686300073936632,0.013120302006071087
4,iid,sgd,0.04,5772,mean,0.45,0.24169921875,0.24014102836435636,0.001558190385643643,0.006193614533998717,1.7830133530497683,0.003473678154683925
4,iid,sgd,0.04,5772,mean,0.7,0.137603759765625,0.13610501592554702,0.0014987438400779762,0.005228665250308491,1.1462228698177084,0.004561647990098157
4,iid,sgd,0.04,5772,mean,0.95,0.073333740234375,0.06809560300181894,0.0052381372325560616,0.008060707075105,0.8445852724972588,0.009543982517326174
4,iid,sgd,0.04,5772,mean,1.2,0.033843994140625,0.029900092976545944,0.0039439011640790556,0.0059018238497898275,0.6686300073936632,0.008826740924768374
4,iid,sgd,0.04,5772,alternating,0.45,0.23809814453125,0.24014102836435636,0.002042883833106357,0.006654558105311429,1.7830133530497683,0.0037321975709991694
4,iid,sgd,0.04,5772,alternating,0.7,0.1351318359375,0.13610501592554702,0.0009731799880470238,0.0046747408791903465,1.1462228698177084,0.00407838737324601
4,iid,sgd,0.04,5772,alternating,0.95,0.070068359375,0.06809560300181894,0.0019727563731810616,0.004736626237504102,0.8445852724972588,0.005608227365247451
4,iid,sgd,0.04,5772,alternating,1.2,0.03082275390625,0.029900092976545944,0.0009226609297040556,0.0027940686983259984,0.6686300073936632,0.004178796445611751
4,iid,linear,0.04,5772,axis_0,0.45,0.291412353515625,0.29720815768556674,0.005795804169941743,0.010715994140210674,1.7830133530497683,0.006010047048655818
4,iid,linear,0.04,5772,axis_0,0.7,0.20428466796875,0.2037641352509022,0.0005205327178477992,0.004885971009121622,1.1462228698177084,0.004262671019553702
4,iid,linear,0.04,5772,axis_0,0.95,0.13409423828125,0.13049481332680246,0.0035994249544475387,0.007288958619509374,0.8445852724972588,0.008630222260397077
4,iid,linear,0.04,5772,axis_0,1.2,0.081878662109375,0.07782434558402673,0.004054316525348267,0.007023017897220806,0.6686300073936632,0.01050359364605353
4,iid,linear,0.04,5772,axis_3,0.45,0.264678955078125,0.26225914010653817,0.002419814971586831,0.007196529722014083,1.7830133530497683,0.004036161428463071
4,iid,linear,0.04,5772,axis_3,0.7,0.168426513671875,0.16109940308129078,0.007327110590584218,0.011379271199018517,1.1462228698177084,0.009927625332434903
4,iid,linear,0.04,5772,axis_3,0.95,0.096832275390625,0.08955459636336105,0.00727767902726395,0.010479708884148859,0.8445852724972588,0.012408112271674585
4,iid,linear,0.04,5772,axis_3,1.2,0.0516357421875,0.04484301088518228,0.006792731302317723,0.009188770423305126,0.6686300073936632,0.013742683280284095
4,iid,linear,0.04,5772,mean,0.45,0.2626953125,0.26246134653937636,0.00023396596062363884,0.004999161900236012,1.7830133530497683,0.002803771430923475
4,iid,linear,0.04,5772,mean,0.7,0.1617431640625,0.16133541967928666,0.0004077443832133376,0.0043946194161134326,1.1462228698177084,0.0038340008141805257
4,iid,linear,0.04,5772,mean,0.95,0.09375,0.0897667235307733,0.003983276469226693,0.007139303773696288,0.8445852724972588,0.008453028967207642
4,iid,linear,0.04,5772,mean,1.2,0.04766845703125,0.044999631262410245,0.0026688257688397554,0.004975789334986875,0.6686300073936632,0.007441767913442336
4,iid,linear,0.04,5772,alternating,0.45,0.25836181640625,0.26246134653937636,0.004099530133126361,0.008839125969105492,1.7830133530497683,0.004957408733920329
4,iid,linear,0.04,5772,alternating,0.7,0.15875244140625,0.16133541967928666,0.0025829782730366624,0.0065398613626425324,1.1462228698177084,0.005705575708572811
4,iid,linear,0.04,5772,alternating,0.95,0.090545654296875,0.0897667235307733,0.0007789307661016931,0.0038860316950598676,0.8445852724972588,0.004601112311098794
4,iid,linear,0.04,5772,alternating,1.2,0.045745849609375,0.044999631262410245,0.0007462183469647554,0.0030084599328394726,0.6686300073936632,0.00449943900149879
4,iid,contractive,0.04,5772,axis_0,0.45,0.27923583984375,0.2846068247368555,0.0053709848931055015,0.010228490103125485,1.7830133530497683,0.00573663124038308
4,iid,contractive,0.04,5772,axis_0,0.7,0.189422607421875,0.18796029127403735,0.00146231614783765,0.005705034987776404,1.1462228698177084,0.0049772475650252165
4,iid,contractive,0.04,5772,axis_0,0.95,0.118621826171875,0.11474657436629188,0.003875251805583124,0.007376271489319211,0.8445852724972588,0.008733601839289888
4,iid,contractive,0.04,5772,axis_0,1.2,0.068084716796875,0.06452065254973405,0.0035640642471409523,0.006291434746271181,0.6686300073936632,0.009409441210685944
4,iid,contractive,0.04,5772,axis_3,0.45,0.30816650390625,0.3099910034093183,0.0018244995030682887,0.006823976933637627,1.7830133530497683,0.0038272158320999143
4,iid,contractive,0.04,5772,axis_3,0.7,0.221832275390625,0.2202460684564681,0.0015862069341568974,0.006084834890585151,1.1462228698177084,0.005308596653243242
4,iid,contractive,0.04,5772,axis_3,0.95,0.150848388671875,0.14758461028838432,0.0032637783834906786,0.007138977840863937,0.8445852724972588,0.008452643058474723
4,iid,contractive,0.04,5772,axis_3,1.2,0.09625244140625,0.09302821225967983,0.003224229146570168,0.006417682298594886,0.6686300073936632,0.00959825647612074
4,iid,contractive,0.04,5772,mean,0.45,0.31317138671875,0.3207645286368521,0.00759314191810212,0.012614790663062803,1.7830133530497683,0.007074983842092793
4,iid,contractive,0.04,5772,mean,0.7,0.229400634765625,0.23446916634829895,0.005068531582673952,0.009620955904977392,1.1462228698177084,0.008393617121343495
4,iid,contractive,0.04,5772,mean,0.95,0.156707763671875,0.16283987544579825,0.0061321117739232545,0.010068205319763532,0.8445852724972588,0.01192088667375645
4,iid,contractive,0.04,5772,mean,1.2,0.104095458984375,0.10721080139375283,0.0031153424093778304,0.0064219135049780485,0.6686300073936632,0.009604584649155713
4,iid,contractive,0.04,5772,alternating,0.45,0.312835693359375,0.3207645286368521,0.00792883527747712,0.012949018287642274,1.7830133530497683,0.007262434835663755
4,iid,contractive,0.04,5772,alternating,0.7,0.227142333984375,0.23446916634829895,0.007326832363923952,0.011863426273787737,1.1462228698177084,0.010350017074493076
4,iid,contractive,0.04,5772,alternating,0.95,0.155975341796875,0.16283987544579825,0.0068645336489232545,0.010793123082674086,0.8445852724972588,0.012779198778545024
4,iid,contractive,0.04,5772,alternating,1.2,0.101470947265625,0.10721080139375283,0.00573985412812783,0.009009253864118319,0.6686300073936632,0.0134741991303032
4,iid,sgd,0.02,1729,axis_0,0.45,0.27154541015625,0.2730088051737921,0.0014633950175421129,0.006279030204761408,1.6528965956308097,0.0037988040034440786
4,iid,sgd,0.02,1729,axis_0,0.7,0.176605224609375,0.1738272400666594,0.002777984542715606,0.006906908942624646,1.0625763829055206,0.006500152886645493
4,iid,sgd,0.02,1729,axis_0,0.95,0.104705810546875,0.1012327333519929,0.0034730771948821015,0.0067881981478716096,0.7829510189830152,0.008670016365377344
4,iid,sgd,0.02,1729,axis_0,1.2,0.056884765625,0.05370231816512683,0.0031824474598731722,0.005690354707348905,0.6198362233615538,0.00918041652436581
4,iid,sgd,0.02,1729,axis_3,0.45,0.2362060546875,0.24053995263804717,0.004333897950547172,0.008932911852972758,1.6528965956308097,0.005404398482388798
4,iid,sgd,0.02,1729,axis_3,0.7,0.1380615234375,0.1365409844100126,0.0015205390274873887,0.005255667707838629,1.0625763829055206,0.004946155205772101
4,iid,sgd,0.02,1729,axis_3,0.95,0.072052001953125,0.0684521350827646,0.003599866870360402,0.006399595571933314,0.7829510189830152,0.008173685730999913
4,iid,sgd,0.02,1729,axis_3,1.2,0.0318603515625,0.03013285555817935,0.00172749600432065,0.0036291232399627074,0.6198362233615538,0.005854971205588642
4,iid,sgd,0.02,1729,mean,0.45,0.235198974609375,0.24014102836435636,0.004942053754981357,0.009534277571941405,1.6528965956308097,0.005768223854501166
4,iid,sgd,0.02,1729,mean,0.7,0.133270263671875,0.13610501592554702,0.0028347522536720238,0.006514682450571397,1.0625763829055206,0.006131025077705546
4,iid,sgd,0.02,1729,mean,0.95,0.068603515625,0.06809560300181894,0.0005079126231810616,0.003244892390731198,0.7829510189830152,0.0041444385562535305
4,iid,sgd,0.02,1729,mean,1.2,0.0322265625,0.029900092976545944,0.0023264695234540556,0.004238632673142356,0.6198362233615538,0.006838310691419432
4,iid,sgd,0.02,1729,alternating,0.45,0.243438720703125,0.24014102836435636,0.003297692338768643,0.007944428215486087,1.6528965956308097,0.004806367341118628
4,iid,sgd,0.02,1729,alternating,0.7,0.138275146484375,0.13610501592554702,0.0021701305588279762,0.00590768456638214,1.0625763829055206,0.005559774018530416
4,iid,sgd,0.02,1729,alternating,0.95,0.069976806640625,0.06809560300181894,0.0018812036388060616,0.004643403209471247,0.7829510189830152,0.005930643292989925
4,iid,sgd,0.02,1729,alternating,1.2,0.0303955078125,0.029900092976545944,0.0004954148359540556,0.002354216767370787,0.6198362233615538,0.003798127115906809
4,iid,linear,0.02,1729,axis_0,0.45,0.297454833984375,0.29720815768556674,0.00024667629880825714,0.005196374784301636,1.6528965956308097,0.0031437990725115485
4,iid,linear,0.02,1729,axis_0,0.7,0.20550537109375,0.2037641352509022,0.0017412358428477992,0.006116337769241031,1.0625763829055206,0.005756139386908308
4,iid,linear,0.02,1729,axis_0,0.95,0.13348388671875,0.13049481332680246,0.0029890733919475387,0.00667149785728687,0.7829510189830152,0.008520964524642374
4,iid,linear,0.02,1729,axis_0,1.2,0.081207275390625,0.07782434558402673,0.003382929806598267,0.006340515572868651,0.6198362233615538,0.010229340160989904
4,iid,linear,0.02,1729,axis_3,0.45,0.2591552734375,0.26225914010653817,0.003103866669038169,0.00784819488368865,1.6528965956308097,0.0047481463174612396
4,iid,linear,0.02,1729,axis_3,0.7,0.160491943359375,0.16109940308129078,0.0006074597219157818,0.004581846743626958,1.0625763829055206,0.004312016356977845
4,iid,linear,0.02,1729,axis_3,0.95,0.09222412109375,0.08955459636336105,0.0026695247303889502,0.005802396979117405,0.7829510189830152,0.007410932278566046
4,iid,linear,0.02,1729,axis_3,1.2,0.047576904296875,0.04484301088518228,0.0027338934116927227,0.00503875130032043,0.6198362233615538,0.008129165593120394
4,iid,linear,0.02,1729,mean,0.45,0.257080078125,0.26246134653937636,0.005381268414376361,0.010113176691147217,1.6528965956308097,0.006118456966926982
4,iid,linear,0.02,1729,mean,0.7,0.157745361328125,0.16133541967928666,0.0035900583511616624,0.007536731020785748,1.0625763829055206,0.007092883995950698
4,iid,linear,0.02,1729,mean,0.95,0.0892333984375,0.0897667235307733,0.0005333250932733069,0.0036200531446778203,0.7829510189830152,0.004623601038772454
4,iid,linear,0.02,1729,mean,1.2,0.04595947265625,0.044999631262410245,0.0009598413938397554,0.003227105090764352,0.6198362233615538,0.005206383507667257
4,iid,linear,0.02,1729,alternating,0.45,0.2652587890625,0.26246134653937636,0.002797442523123639,0.007577500840169703,1.6528965956308097,0.004584376820788256
4,iid,linear,0.02,1729,alternating,0.7,0.162750244140625,0.16133541967928666,0.0014148244613383376,0.005411689124983552,1.0625763829055206,0.005092988336693283
4,iid,linear,0.02,1729,alternating,0.95,0.09136962890625,0.0897667235307733,0.001602905375476693,0.004722697510880904,0.7829510189830152,0.006031919489695887
4,iid,linear,0.02,1729,alternating,1.2,0.04583740234375,0.044999631262410245,0.0008377710813397554,0.0031021666537086458,0.6198362233615538,0.005004816654445727
4,iid,contractive,0.02,1729,axis_0,0.45,0.283416748046875,0.2846068247368555,0.0011900766899805015,0.006069597628696208,1.6528965956308097,0.0036720976041334356
4,iid,contractive,0.02,1729,axis_0,0.7,0.19024658203125,0.18796029127403735,0.00228629075721265,0.006536065687811464,1.0625763829055206,0.006151149030754075
4,iid,contractive,0.02,1729,axis_0,0.95,0.117889404296875,0.11474657436629188,0.003142829930583124,0.00663447435043581,0.7829510189830152,0.008473677394345066
4,iid,contractive,0.02,1729,axis_0,1.2,0.067657470703125,0.06452065254973405,0.0031368181533909523,0.00585624092938218,0.6198362233615538,0.00944804564280233
4,iid,contractive,0.02,1729,axis_3,0.45,0.302276611328125,0.3099910034093183,0.007714392081193289,0.012686894659998305,1.6528965956308097,0.007675552538213373
4,iid,contractive,0.02,1729,axis_3,0.7,0.217529296875,0.2202460684564681,0.0027167715814681026,0.007183854611925229,1.0625763829055206,0.006760788897153556
4,iid,contractive,0.02,1729,axis_3,0.95,0.14617919921875,0.14758461028838432,0.0014054110696343214,0.0052306384748163955,0.7829510189830152,0.006680671393225258
4,iid,contractive,0.02,1729,axis_3,1.2,0.09405517578125,0.09302821225967983,0.0010269635215701678,0.004187591117411727,0.6198362233615538,0.006755963849129681
4,iid,contractive,0.02,1729,mean,0.45,0.310455322265625,0.3207645286368521,0.01030920637122712,0.015318908038861333,1.6528965956308097,0.009267916746488936
4,iid,contractive,0.02,1729,mean,0.7,0.22491455078125,0.23446916634829895,0.009554615567048952,0.014075409092176114,1.0625763829055206,0.013246491563917655
4,iid,contractive,0.02,1729,mean,0.95,0.154327392578125,0.16283987544579825,0.008512482867673254,0.012424076630006805,0.7829510189830152,0.015868268038203195
4,iid,contractive,0.02,1729,mean,1.2,0.1031494140625,0.10721080139375283,0.00406138733125283,0.007354636073582665,0.6198362233615538,0.011865450576115598
4,iid,contractive,0.02,1729,alternating,0.45,0.319915771484375,0.3207645286368521,0.0008487571524771198,0.005899209537876993,1.6528965956308097,0.00356901306075086
4,iid,contractive,0.02,1729,alternating,0.7,0.231475830078125,0.23446916634829895,0.002993336270173952,0.007560143650293011,1.0625763829055206,0.007114917827949903
4,iid,contractive,0.02,1729,alternating,0.95,0.15875244140625,0.16283987544579825,0.0040874340395482545,0.008044317129154124,0.7829510189830152,0.010274355526866785
4,iid,contractive,0.02,1729,alternating,1.2,0.105621337890625,0.10721080139375283,0.0015894635031278304,0.004917343449839923,0.6198362233615538,0.007933294739006582
4,iid,sgd,0.02,2718,axis_0,0.45,0.271820068359375,0.2730088051737921,0.0011887368144171129,0.006005898411363098,1.6528965956308097,0.003633559671693203
4,iid,sgd,0.02,2718,axis_0,0.7,0.175262451171875,0.1738272400666594,0.0014352111052156058,0.005551761423788544,1.0625763829055206,0.005224811611761732
4,iid,sgd,0.02,2718,axis_0,0.95,0.104522705078125,0.1012327333519929,0.0032899717261321015,0.006602531423355559,0.7829510189830152,0.0084328792775973
4,iid,sgd,0.02,2718,axis_0,1.2,0.057281494140625,0.05370231816512683,0.0035791759754981722,0.006095284035598754,0.6198362233615538,0.00983370091302867
4,iid,sgd,0.02,2718,axis_3,0.45,0.238739013671875,0.24053995263804717,0.001800938966172172,0.0064168729412734105,1.6528965956308097,0.003882198655521147
4,iid,sgd,0.02,2718,axis_3,0.7,0.139404296875,0.1365409844100126,0.0028633124649873887,0.006613636305623991,1.0625763829055206,0.006224151422921325
4,iid,sgd,0.02,2718,axis_3,0.95,0.07305908203125,0.0684521350827646,0.004606946948485402,0.007424643602473345,0.7829510189830152,0.009482896659509183
4,iid,sgd,0.02,2718,axis_3,1.2,0.03375244140625,0.03013285555817935,0.00361958584807065,0.005574951151554314,0.6198362233615538,0.008994232575372439
4,iid,sgd,0.02,2718,mean,0.45,0.241943359375,0.24014102836435636,0.001802331010643643,0.00643934904974521,1.6528965956308097,0.003895796667962586
4,iid,sgd,0.02,2718,mean,0.7,0.14105224609375,0.13610501592554702,0.004947230168202976,0.008716042229955822,1.0625763829055206,0.00820274416990389
4,iid,sgd,0.02,2718,mean,0.95,0.071197509765625,0.06809560300181894,0.0031019067638060616,0.005886265515420108,0.7829510189830152,0.007518050775469775
4,iid,sgd,0.02,2718,mean,1.2,0.031982421875,0.029900092976545944,0.0020823288984540556,0.003987475496439079,0.6198362233615538,0.00643311143516884
4,iid,sgd,0.02,2718,alternating,0.45,0.245086669921875,0.24014102836435636,0.004945641557518643,0.00960299820637155,1.6528965956308097,0.005809799736871423
4,iid,sgd,0.02,2718,alternating,0.7,0.140045166015625,0.13610501592554702,0.003940150090077976,0.007697684672424175,1.0625763829055206,0.00724435889622875
4,iid,sgd,0.02,2718,alternating,0.95,0.071319580078125,0.06809560300181894,0.0032239770763060616,0.006010538606240177,0.7829510189830152,0.007676774741346324
4,iid,sgd,0.02,2718,alternating,1.2,0.03173828125,0.029900092976545944,0.0018381882734540556,0.0037362887009716704,0.6198362233615538,0.006027864394095395
4,iid,linear,0.02,2718,axis_0,0.45,0.29266357421875,0.29720815768556674,0.004544583466816743,0.009470969630172781,1.6528965956308097,0.005729922643199764
4,iid,linear,0.02,2718,axis_0,0.7,0.203704833984375,0.2037641352509022,5.93012665272008e-05,0.004420127795729605,1.0625763829055206,0.004159821229644836
4,iid,linear,0.02,2718,axis_0,0.95,0.1328125,0.13049481332680246,0.0023176866731975387,0.0059922614052140225,0.7829510189830152,0.007653430751003358
4,iid,linear,0.02,2718,axis_0,1.2,0.08056640625,0.07782434558402673,0.002742060665973267,0.005688980241639727,0.6198362233615538,0.009178199058433078
4,iid,linear,0.02,2718,axis_3,0.45,0.26007080078125,0.26225914010653817,0.002188339325288169,0.0069381028085483765,1.6528965956308097,0.004197541955672385
4,iid,linear,0.02,2718,axis_3,0.7,0.16259765625,0.16109940308129078,0.0014982531687092182,0.005493607770408882,1.0625763829055206,0.0051700826959725004
4,iid,linear,0.02,2718,axis_3,0.95,0.093902587890625,0.08955459636336105,0.00434799152726395,0.007506320247124722,0.7829510189830152,0.009587215630518975
4,iid,linear,0.02,2718,axis_3,1.2,0.04779052734375,0.04484301088518228,0.0029475164585677227,0.005257283946873827,0.6198362233615538,0.008481730735841854
4,iid,linear,0.02,2718,mean,0.45,0.2657470703125,0.26246134653937636,0.003285723773123639,0.00806858952035515,1.6528965956308097,0.004881484747251151
4,iid,linear,0.02,2718,mean,0.7,0.1651611328125,0.16133541967928666,0.0038257131332133376,0.007846271400225455,1.0625763829055206,0.007384195175475785
4,iid,linear,0.02,2718,mean,0.95,0.091796875,0.0897667235307733,0.002030151469226693,0.00515649392451208,0.7829510189830152,0.006585972557018846
4,iid,linear,0.02,2718,mean,1.2,0.0479736328125,0.044999631262410245,0.0029740015500897554,0.005287967135552088,0.6198362233615538,0.008531232826106693
4,iid,linear,0.02,2718,alternating,0.45,0.268341064453125,0.26246134653937636,0.005879717913748639,0.01067737290088755,1.6528965956308097,0.006459794840833736
4,iid,linear,0.02,2718,alternating,0.7,0.1654052734375,0.16133541967928666,0.004069853758213338,0.008092794151440258,1.0625763829055206,0.007616199909611422
4,iid,linear,0.02,2718,alternating,0.95,0.09295654296875,0.0897667235307733,0.003189819437976693,0.006333838231121967,0.7829510189830152,0.008089699198998511
4,iid,linear,0.02,2718,alternating,1.2,0.04644775390625,0.044999631262410245,0.0014481226438397554,0.0037268150726587758,0.6198362233615538,0.0060125803110492055
4,iid,contractive,0.02,2718,axis_0,0.45,0.281036376953125,0.2846068247368555,0.0035704477837305015,0.008437498048694984,1.6528965956308097,0.005104673862235711
4,iid,contractive,0.02,2718,axis_0,0.7,0.1883544921875,0.18796029127403735,0.00039420091346265007,0.004627727483111821,1.0625763829055206,0.0043551951253214495
4,iid,contractive,0.02,2718,axis_0,0.95,0.11749267578125,0.11474657436629188,0.002746101414958124,0.006232649509402041,0.7829510189830152,0.007960459030371667
4,iid,contractive,0.02,2718,axis_0,1.2,0.067535400390625,0.06452065254973405,0.0030147478408909523,0.0057318941223258365,0.6198362233615538,0.009247433283650465
4,iid,contractive,0.02,2718,axis_3,0.45,0.30426025390625,0.3099910034093183,0.005730749503068289,0.010712444365720816,1.6528965956308097,0.006481013025277925
4,iid,contractive,0.02,2718,axis_3,0.7,0.2181396484375,0.2202460684564681,0.0021064200189681026,0.006578020596147877,1.0625763829055206,0.006190633164799753
4,iid,contractive,0.02,2718,axis_3,0.95,0.148406982421875,0.14758461028838432,0.0008223721334906786,0.004671606168032145,0.7829510189830152,0.005966664650491357
4,iid,contractive,0.02,2718,axis_3,1.2,0.09417724609375,0.09302821225967983,0.0011490338340701678,0.0043114987060425426,0.6198362233615538,0.006955867604284273
4,iid,contractive,0.02,2718,mean,0.45,0.323028564453125,0.3207645286368521,0.00226403581627288,0.007327371720989416,1.6528965956308097,0.004433049072977856
4,iid,contractive,0.02,2718,mean,0.7,0.2366943359375,0.23446916634829895,0.002225169589201048,0.006827462748411653,1.0625763829055206,0.0064253853729955525
4,iid,contractive,0.02,2718,mean,0.95,0.16241455078125,0.16283987544579825,0.00042532466454825446,0.004418865535969954,0.7829510189830152,0.005643859486522763
4,iid,contractive,0.02,2718,mean,1.2,0.108489990234375,0.10721080139375283,0.0012791888406221696,0.004646544979962268,0.6198362233615538,0.0074964076070977124
4,iid,contractive,0.02,2718,alternating,0.45,0.32269287109375,0.3207645286368521,0.0019283424568978802,0.006990301335557684,1.6528965956308097,0.004229121987446476
4,iid,contractive,0.02,2718,alternating,0.7,0.236297607421875,0.23446916634829895,0.0018284410735760481,0.006428070477618016,1.0625763829055206,0.0060495137865204844
4,iid,contractive,0.02,2718,alternating,0.95,0.16607666015625,0.16283987544579825,0.0032367847104517455,0.007266259747632219,0.7829510189830152,0.009280605774126783
4,iid,contractive,0.02,2718,alternating,1.2,0.11004638671875,0.10721080139375283,0.0028355853249971696,0.006224047819089329,0.6198362233615538,0.010041439310104355
4,iid,sgd,0.02,3141,axis_0,0.45,0.2730712890625,0.2730088051737921,6.248388870788713e-05,0.004886569819194987,1.6528965956308097,0.002956367526021845
4,iid,sgd,0.02,3141,axis_0,0.7,0.178009033203125,0.1738272400666594,0.004181793136465606,0.008323559979851578,1.0625763829055206,0.00783337566480778
4,iid,sgd,0.02,3141,axis_0,0.95,0.104766845703125,0.1012327333519929,0.0035341123511321015,0.006850086353003387,0.7829510189830152,0.0087490611633676
4,iid,sgd,0.02,3141,axis_0,1.2,0.05743408203125,0.05370231816512683,0.0037317638661231722,0.006251017026301462,0.6198362233615538,0.010084949524892821
4,iid,sgd,0.02,3141,axis_3,0.45,0.239013671875,0.24053995263804717,0.001526280763047172,0.00614403593020731,1.6528965956308097,0.0037171326666460384
4,iid,sgd,0.02,3141,axis_3,0.7,0.138336181640625,0.1365409844100126,0.0017951972306123887,0.005533443636914283,1.0625763829055206,0.0052075725810727825
4,iid,sgd,0.02,3141,axis_3,0.95,0.0711669921875,0.0684521350827646,0.002714857104735402,0.005498664791369085,0.7829510189830152,0.007022999725463502
4,iid,sgd,0.02,3141,axis_3,1.2,0.034576416015625,0.03013285555817935,0.00444356045744565,0.006421805304948154,0.6198362233615538,0.010360487275365772
4,iid,sgd,0.02,3141,mean,0.45,0.24322509765625,0.24014102836435636,0.003084069291893643,0.007729421605845884,1.6528965956308097,0.004676288659724679
4,iid,sgd,0.02,3141,mean,0.7,0.139862060546875,0.13610501592554702,0.0037570446213279762,0.007512521712826304,1.0625763829055206,0.0070701004028378475
4,iid,sgd,0.02,3141,mean,0.95,0.07403564453125,0.06809560300181894,0.0059400415294310616,0.008775012846044355,0.7829510189830152,0.011207614056677936
4,iid,sgd,0.02,3141,mean,1.2,0.035003662109375,0.029900092976545944,0.0051035691328290556,0.0070935581428107665,0.6198362233615538,0.011444245875693291
4,iid,sgd,0.02,3141,alternating,0.45,0.243621826171875,0.24014102836435636,0.003480797807518643,0.008128718351225393,1.6528965956308097,0.0049178626011527095
4,iid,sgd,0.02,3141,alternating,0.7,0.13818359375,0.13610501592554702,0.0020785778244529762,0.005815092774154683,1.0625763829055206,0.005472635066717585
4,iid,sgd,0.02,3141,alternating,0.95,0.06951904296875,0.06809560300181894,0.0014234399669310616,0.004177267520469182,0.7829510189830152,0.005335285885310024
4,iid,sgd,0.02,3141,alternating,1.2,0.031158447265625,0.029900092976545944,0.0012583542890790556,0.0031395994072921755,0.6198362233615538,0.005065208016184028
4,iid,linear,0.02,3141,axis_0,0.45,0.29656982421875,0.29720815768556674,0.0006383334668167429,0.005583775105925658,1.6528965956308097,0.003378175695131535
4,iid,linear,0.02,3141,axis_0,0.7,0.206085205078125,0.2037641352509022,0.002321069827222799,0.006700740537566795,1.0625763829055206,0.006306125983380335
4,iid,linear,0.02,3141,axis_0,0.95,0.134490966796875,0.13049481332680246,0.003996153470072539,0.007690294438563108,0.7829510189830152,0.009822190982715785
4,iid,linear,0.02,3141,axis_0,1.2,0.080841064453125,0.07782434558402673,0.003016718869098267,0.005968216386825703,0.6198362233615538,0.00962869893995274
4,iid,linear,0.02,3141,axis_3,0.45,0.25927734375,0.26225914010653817,0.002981796356538169,0.007726850829920219,1.6528965956308097,0.0046747333440851765
4,iid,linear,0.02,3141,axis_3,0.7,0.162811279296875,0.16109940308129078,0.0017118762155842182,0.005709344553092005,1.0625763829055206,0.005373114483760979
4,iid,linear,0.02,3141,axis_3,0.95,0.091339111328125,0.08955459636336105,0.0017845149647639502,0.004903838431312123,0.7829510189830152,0.006263276134031704
4,iid,linear,0.02,3141,axis_3,1.2,0.0489501953125,0.04484301088518228,0.004107184427317723,0.006443384046108176,0.6198362233615538,0.010395300892812966
4,iid,linear,0.02,3141,mean,0.45,0.26580810546875,0.26246134653937636,0.003346758929373639,0.008129975078639334,1.6528965956308097,0.004918622919382697
4,iid,linear,0.02,3141,mean,0.7,0.165740966796875,0.16133541967928666,0.004405547117588338,0.008431757799200041,1.0625763829055206,0.007935201586303047
4,iid,linear,0.02,3141,mean,0.95,0.095367431640625,0.0897667235307733,0.005600708109851693,0.008781002013787117,0.7829510189830152,0.01121526353614415
4,iid,linear,0.02,3141,mean,1.2,0.050567626953125,0.044999631262410245,0.005567995690714755,0.007940458474850021,0.6198362233615538,0.012810575077052749
4,iid,linear,0.02,3141,alternating,0.45,0.26531982421875,0.26246134653937636,0.002858477679373639,0.0076388873351193294,1.6528965956308097,0.004621515559601012
4,iid,linear,0.02,3141,alternating,0.7,0.161956787109375,0.16133541967928666,0.0006213674300883376,0.004610366056870953,1.0625763829055206,0.004338856134054398
4,iid,linear,0.02,3141,alternating,0.95,0.09124755859375,0.0897667235307733,0.001480835062976693,0.0045987518901586585,0.7829510189830152,0.00587361377488471
4,iid,linear,0.02,3141,alternating,1.2,0.0462646484375,0.044999631262410245,0.0012650171750897554,0.0035394319995194616,0.6198362233615538,0.005710269690796841
4,iid,contractive,0.02,3141,axis_0,0.45,0.284088134765625,0.2846068247368555,0.0005186899712305015,0.005401697925063008,1.6528965956308097,0.0032680192695305967
4,iid,contractive,0.02,3141,axis_0,0.7,0.1904296875,0.18796029127403735,0.00246939622596265,0.006720735043732388,1.0625763829055206,0.006324942989373748
4,iid,contractive,0.02,3141,axis_0,0.95,0.11822509765625,0.11474657436629188,0.003478523289958124,0.006974470059780162,0.7829510189830152,0.00890792641005741
4,iid,contractive,0.02,3141,axis_0,1.2,0.0672607421875,0.06452065254973405,0.0027400896377659523,0.005452104464494289,0.6198362233615538,0.008796040403908514
4,iid,contractive,0.02,3141,axis_3,0.45,0.305206298828125,0.3099910034093183,0.004784704581193289,0.009770744903381133,1.6528965956308097,0.005911286240898958
4,iid,contractive,0.02,3141,axis_3,0.7,0.218597412109375,0.2202460684564681,0.0016486563470931026,0.006123635686757297,1.0625763829055206,0.005763007521410141
4,iid,contractive,0.02,3141,axis_3,0.95,0.144989013671875,0.14758461028838432,0.0025955966165093214,0.006407874057546446,0.7829510189830152,0.008184259170988388
4,iid,contractive,0.02,3141,axis_3,1.2,0.093902587890625,0.09302821225967983,0.0008743756309451678,0.00403270435080594,0.6198362233615538,0.006506080475476894
4,iid,contractive,0.02,3141,mean,0.45,0.321319580078125,0.3207645286368521,0.0005550514412728802,0.005611345918225159,1.6528965956308097,0.0033948559958668504
4,iid,contractive,0.02,3141,mean,0.7,0.23480224609375,0.23446916634829895,0.0003330797454510481,0.004922618808884435,1.0625763829055206,0.004632719951316791
4,iid,contractive,0.02,3141,mean,0.95,0.160736083984375,0.16283987544579825,0.0021037914614232545,0.006080621871668235,0.7829510189830152,0.0077662864269165
4,iid,contractive,0.02,3141,mean,1.2,0.1077880859375,0.10721080139375283,0.0005772845437471696,0.0039350510521011985,0.6198362233615538,0.006348533538037293
4,iid,contractive,0.02,3141,alternating,0.45,0.320648193359375,0.3207645286368521,0.0001163352774771198,0.005169842257187974,1.6528965956308097,0.0031277469327807292
4,iid,contractive,0.02,3141,alternating,0.7,0.233062744140625,0.23446916634829895,0.0014064222076739519,0.005984123488959922,1.0625763829055206,0.005631711362336954
4,iid,contractive,0.02,3141,alternating,0.95,0.163330078125,0.16283987544579825,0.0004902026792017455,0.004492794163061546,0.7829510189830152,0.005738282541476594
4,iid,contractive,0.02,3141,alternating,1.2,0.109100341796875,0.10721080139375283,0.0018895404031221696,0.005265199299866678,0.6198362233615538,0.008494500807506791
4,iid,sgd,0.02,5772,axis_0,0.45,0.273895263671875,0.2730088051737921,0.0008864584980828871,0.005715078175169339,1.6528965956308097,0.0034576138581665136
4,iid,sgd,0.02,5772,axis_0,0.7,0.175079345703125,0.1738272400666594,0.0012521056364656058,0.0053669617170878465,1.0625763829055206,0.0050508949788742406
4,iid,sgd,0.02,5772,axis_0,0.95,0.107574462890625,0.1012327333519929,0.0063417295386321015,0.009696568605541973,0.7829510189830152,0.012384642679355557
4,iid,sgd,0.02,5772,axis_0,1.2,0.059051513671875,0.05370231816512683,0.005349195506748172,0.007901482722071789,0.6198362233615538,0.012747694349355269
4,iid,sgd,0.02,5772,axis_3,0.45,0.2431640625,0.24053995263804717,0.002624109861952828,0.007269066585008755,1.6528965956308097,0.004397774551791969
4,iid,sgd,0.02,5772,axis_3,0.7,0.139617919921875,0.1365409844100126,0.0030769355118623887,0.006829665898179568,1.0625763829055206,0.006427458776661734
4,iid,sgd,0.02,5772,axis_3,0.95,0.07391357421875,0.0684521350827646,0.005461439135985402,0.008294259039051323,0.7829510189830152,0.01059358610941568
4,iid,sgd,0.02,5772,axis_3,1.2,0.034515380859375,0.03013285555817935,0.00438252530119565,0.00635908583100891,0.6198362233615538,0.010259300104343243
4,iid,sgd,0.02,5772,mean,0.45,0.24151611328125,0.24014102836435636,0.001375084916893643,0.006009312297890059,1.6528965956308097,0.003635625068001711
4,iid,sgd,0.02,5772,mean,0.7,0.13885498046875,0.13610501592554702,0.0027499645432029762,0.006494086459448116,1.0625763829055206,0.006111642008916681
4,iid,sgd,0.02,5772,mean,0.95,0.0693359375,0.06809560300181894,0.0012403344981810616,0.003990803608698968,0.7829510189830152,0.005097130614738419
4,iid,sgd,0.02,5772,mean,1.2,0.03131103515625,0.029900092976545944,0.0014109421797040556,0.003296639539300043,0.6198362233615538,0.0053185654775408245
4,iid,sgd,0.02,5772,alternating,0.45,0.239410400390625,0.24014102836435636,0.000730627973731357,0.005351009105078218,1.6528965956308097,0.0032373526082773887
4,iid,sgd,0.02,5772,alternating,0.7,0.138336181640625,0.13610501592554702,0.0022311657150779762,0.005969412121379871,1.0625763829055206,0.00561786636463446
4,iid,sgd,0.02,5772,alternating,0.95,0.070556640625,0.06809560300181894,0.0024610376231810616,0.005233792741821978,0.7829510189830152,0.006684700083308169
4,iid,sgd,0.02,5772,alternating,1.2,0.03082275390625,0.029900092976545944,0.0009226609297040556,0.0027940686983259984,0.6198362233615538,0.00450775316610724
4,iid,linear,0.02,5772,axis_0,0.45,0.295562744140625,0.29720815768556674,0.0016454135449417429,0.00658598411710631,1.6528965956308097,0.003984510667222254
4,iid,linear,0.02,5772,axis_0,0.7,0.20379638671875,0.2037641352509022,3.22514678477992e-05,0.0043938070949996536,1.0625763829055206,0.004135050586184853
4,iid,linear,0.02,5772,axis_0,0.95,0.134246826171875,0.13049481332680246,0.0037520128450725387,0.007443319822037946,0.7829510189830152,0.00950675028395284
4,iid,linear,0.02,5772,axis_0,1.2,0.083221435546875,0.07782434558402673,0.005397089962848267,0.008387845603754263,0.6198362233615538,0.013532357883610794
4,iid,linear,0.02,5772,axis_3,0.45,0.26324462890625,0.26225914010653817,0.0009854887997118311,0.005753887035397073,1.6528965956308097,0.0034810931613064194
4,iid,linear,0.02,5772,axis_3,0.7,0.162567138671875,0.16109940308129078,0.0014677355905842182,0.005462788029411401,1.0625763829055206,0.0051410779660600895
4,iid,linear,0.02,5772,axis_3,0.95,0.0933837890625,0.08955459636336105,0.0038291926991389502,0.0069796862125610995,0.7829510189830152,0.008914588580045658
4,iid,linear,0.02,5772,axis_3,1.2,0.049346923828125,0.04484301088518228,0.004503912942942723,0.006849071307853236,0.6198362233615538,0.01104980807786404
4,iid,linear,0.02,5772,mean,0.45,0.262786865234375,0.26246134653937636,0.00032551869499863884,0.00509124901553511,1.6528965956308097,0.003080198137616764
4,iid,linear,0.02,5772,mean,0.7,0.163970947265625,0.16133541967928666,0.0026355275863383376,0.00664442775673052,1.0625763829055206,0.006253129528968001
4,iid,linear,0.02,5772,mean,0.95,0.0924072265625,0.0897667235307733,0.002640503031726693,0.005776167511548304,0.7829510189830152,0.0073774315014635775
4,iid,linear,0.02,5772,mean,1.2,0.046722412109375,0.044999631262410245,0.0017227808469647554,0.004007871443103373,0.6198362233615538,0.006466016815486372
4,iid,linear,0.02,5772,alternating,0.45,0.2618408203125,0.26246134653937636,0.0006205262268763612,0.005380721763695794,1.6528965956308097,0.0032553287228728914
4,iid,linear,0.02,5772,alternating,0.7,0.162139892578125,0.16133541967928666,0.0008044728988383376,0.004795289782554214,1.0625763829055206,0.0045128894822995405
4,iid,linear,0.02,5772,alternating,0.95,0.0924072265625,0.0897667235307733,0.002640503031726693,0.005776167511548304,0.7829510189830152,0.0073774315014635775
4,iid,linear,0.02,5772,alternating,1.2,0.046142578125,0.044999631262410245,0.0011429468625897554,0.0034145045143222346,0.6198362233615538,0.005508720506530539
4,iid,contractive,0.02,5772,axis_0,0.45,0.28472900390625,0.2846068247368555,0.00012217916939449847,0.005008503227576774,1.6528965956308097,0.003030137058068859
4,iid,contractive,0.02,5772,axis_0,0.7,0.188385009765625,0.18796029127403735,0.00042471849158765007,0.004658508412910071,1.0625763829055206,0.004384163329672164
4,iid,contractive,0.02,5772,axis_0,0.95,0.11944580078125,0.11474657436629188,0.004699226414958124,0.008210741943687254,0.7829510189830152,0.010486916479593178
4,iid,contractive,0.02,5772,axis_0,1.2,0.06964111328125,0.06452065254973405,0.005120460731515952,0.007876524181143683,0.6198362233615538,0.01270742800158884
4,iid,contractive,0.02,5772,axis_3,0.45,0.308837890625,0.3099910034093183,0.0011531127843182887,0.006155604214876235,1.6528965956308097,0.0037241314617911816
4,iid,contractive,0.02,5772,axis_3,0.7,0.218536376953125,0.2202460684564681,0.0017096915033431026,0.006184220805971736,1.0625763829055206,0.005820024711128563
4,iid,contractive,0.02,5772,axis_3,0.95,0.14794921875,0.14758461028838432,0.0003646084616156786,0.00420893421917032,0.7829510189830152,0.005375731197894546
4,iid,contractive,0.02,5772,axis_3,1.2,0.093994140625,0.09302821225967983,0.0009659283653201678,0.004125636715143788,0.6198362233615538,0.0066560109907246945
4,iid,contractive,0.02,5772,mean,0.45,0.320953369140625,0.3207645286368521,0.0001888405037728802,0.005243616014265148,1.6528965956308097,0.0031723799468919467
4,iid,contractive,0.02,5772,mean,0.7,0.232879638671875,0.23446916634829895,0.0015895276764239519,0.0061659765849771415,1.0625763829055206,0.005802854913937412
4,iid,contractive,0.02,5772,mean,0.95,0.16107177734375,0.16283987544579825,0.0017680981020482545,0.005748282855710398,0.7829510189830152,0.007341816686281236
4,iid,contractive,0.02,5772,mean,1.2,0.10516357421875,0.10721080139375283,0.0020472271750028304,0.005368737449400312,0.6198362233615538,0.008661541947781098
4,iid,contractive,0.02,5772,alternating,0.45,0.32159423828125,0.3207645286368521,0.0008297096443978802,0.005887141006647187,1.6528965956308097,0.003561711617174954
4,iid,contractive,0.02,5772,alternating,0.7,0.231719970703125,0.23446916634829895,0.002749195645173952,0.007317684907243706,1.0625763829055206,0.006886737767720893
4,iid,contractive,0.02,5772,alternating,0.95,0.161346435546875,0.16283987544579825,0.0014934398989232545,0.005476364546979882,0.7829510189830152,0.00699451742727559
4,iid,contractive,0.02,5772,alternating,1.2,0.10577392578125,0.10721080139375283,0.0014368756125028304,0.004766874436353184,0.6198362233615538,0.007690538656326062
4,iid,sgd,0.01,1729,axis_0,0.45,0.27471923828125,0.2730088051737921,0.0017104331074578871,0.006543565809512959,1.5080312054255802,0.004339144830670997
4,iid,sgd,0.01,1729,axis_0,0.7,0.175018310546875,0.1738272400666594,0.0011910704802156058,0.005305361447511594,0.9694486320593017,0.005472555504299337
4,iid,sgd,0.01,1729,axis_0,0.95,0.10595703125,0.1012327333519929,0.0047242978980071015,0.00805683651491537,0.7143305709910643,0.011278862815205138
4,iid,sgd,0.01,1729,axis_0,1.2,0.057586669921875,0.05370231816512683,0.0038843517567481722,0.006406745013318517,0.5655117020345927,0.011329111299144455
4,iid,sgd,0.01,1729,axis_3,0.45,0.238372802734375,0.24053995263804717,0.002167149903672172,0.006780651522413358,1.5080312054255802,0.0044963602198800625
4,iid,sgd,0.01,1729,axis_3,0.7,0.136505126953125,0.1365409844100126,3.585745688761133e-05,0.0037532246953568367,0.9694486320593017,0.0038715044523650946
4,iid,sgd,0.01,1729,axis_3,0.95,0.07196044921875,0.0684521350827646,0.003508314135985402,0.006306401558809821,0.7143305709910643,0.008828407763733673
4,iid,sgd,0.01,1729,axis_3,1.2,0.0335693359375,0.03013285555817935,0.00343648037932065,0.005386719346160411,0.5655117020345927,0.009525389707728635
4,iid,sgd,0.01,1729,mean,0.45,0.24005126953125,0.24014102836435636,8.975883310635702e-05,0.00471437032821194,1.5080312054255802,0.003126175579955258
4,iid,sgd,0.01,1729,mean,0.7,0.13812255859375,0.13610501592554702,0.0020175426682029762,0.0057533646059835675,0.9694486320593017,0.005934677109979801
4,iid,sgd,0.01,1729,mean,0.95,0.069183349609375,0.06809560300181894,0.0010877466075560616,0.0038354127870290832,0.7143305709910643,0.005369240716812414
4,iid,sgd,0.01,1729,mean,1.2,0.031890869140625,0.029900092976545944,0.0019907761640790556,0.003893283936733279,0.5655117020345927,0.0068845329331401256
4,iid,sgd,0.01,1729,alternating,0.45,0.241973876953125,0.24014102836435636,0.001832848588768643,0.0064700657197389825,1.5080312054255802,0.0042904057266593965
4,iid,sgd,0.01,1729,alternating,0.7,0.13916015625,0.13610501592554702,0.0030551403244529762,0.00680271018676448,0.9694486320593017,0.007017091944638852
4,iid,sgd,0.01,1729,alternating,0.95,0.06964111328125,0.06809560300181894,0.0015455102794310616,0.004301573729058792,0.7143305709910643,0.00602182505375736
4,iid,sgd,0.01,1729,alternating,1.2,0.031341552734375,0.029900092976545944,0.0014414597578290556,0.0033280461312335603,0.5655117020345927,0.0058850172671227625
4,iid,linear,0.01,1729,axis_0,0.45,0.298858642578125,0.29720815768556674,0.0016504848925582571,0.006606890118281547,1.5080312054255802,0.004381136208926805
4,iid,linear,0.01,1729,axis_0,0.7,0.2059326171875,0.2037641352509022,0.002168481936597799,0.0065469516703729495,0.9694486320593017,0.006753273411161479
4,iid,linear,0.01,1729,axis_0,0.95,0.133209228515625,0.13049481332680246,0.0027144151888225387,0.006393632159928478,0.7143305709910643,0.008950522936541739
4,iid,linear,0.01,1729,axis_0,1.2,0.081146240234375,0.07782434558402673,0.003321894650348267,0.006278466948454013,0.5655117020345927,0.011102275913770492
4,iid,linear,0.01,1729,axis_3,0.45,0.258209228515625,0.26225914010653817,0.004049911590913169,0.008788595026558755,1.5080312054255802,0.0058278601894571095
4,iid,linear,0.01,1729,axis_3,0.7,0.16033935546875,0.16109940308129078,0.0007600476125407818,0.004732905860124291,0.9694486320593017,0.004882059454837394
4,iid,linear,0.01,1729,axis_3,0.95,0.092010498046875,0.08955459636336105,0.0024559016835139502,0.00558551159328601,0.7143305709910643,0.007819225188047958
4,iid,linear,0.01,1729,axis_3,1.2,0.048095703125,0.04484301088518228,0.0032526922398177227,0.00556945138794309,0.5655117020345927,0.009848516605236233
4,iid,linear,0.01,1729,mean,0.45,0.26202392578125,0.26246134653937636,0.00043742075812636116,0.00519868976542885,1.5080312054255802,0.003447335669663236
4,iid,linear,0.01,1729,mean,0.7,0.162567138671875,0.16133541967928666,0.0012317189925883376,0.00522677143141552,0.9694486320593017,0.0053914887891613385
4,iid,linear,0.01,1729,mean,0.95,0.092193603515625,0.0897667235307733,0.002426879984851693,0.005559286497747489,0.7143305709910643,0.007782512359837153
4,iid,linear,0.01,1729,mean,1.2,0.04693603515625,0.044999631262410245,0.0019364038938397554,0.004226455813837319,0.5655117020345927,0.007473684096423498
4,iid,linear,0.01,1729,alternating,0.45,0.264068603515625,0.26246134653937636,0.0016072569762486388,0.006380440731488807,1.5080312054255802,0.0042309739404153696
4,iid,linear,0.01,1729,alternating,0.7,0.16412353515625,0.16133541967928666,0.0027881154769633376,0.0067985144831927725,0.9694486320593017,0.007012764016956088
4,iid,linear,0.01,1729,alternating,0.95,0.09130859375,0.0897667235307733,0.001541870219226693,0.004660724911484184,0.7143305709910643,0.006524605134871773
4,iid,linear,0.01,1729,alternating,1.2,0.046417236328125,0.044999631262410245,0.0014176050657147554,0.003695585238108581,0.5655117020345927,0.006534940346614649
4,iid,contractive,0.01,1729,axis_0,0.45,0.286041259765625,0.2846068247368555,0.0014344350287694985,0.006327511489059318,1.5080312054255802,0.0041958756995838405
4,iid,contractive,0.01,1729,axis_0,0.7,0.188873291015625,0.18796029127403735,0.0009129997415876501,0.005150997560259626,0.9694486320593017,0.0053133269674308405
4,iid,contractive,0.01,1729,axis_0,0.95,0.11846923828125,0.11474657436629188,0.003722663914958124,0.0072217339724109965,0.7143305709910643,0.010109792672587905
4,iid,contractive,0.01,1729,axis_0,1.2,0.06756591796875,0.06452065254973405,0.0030452654190159523,0.005762981063125182,0.5655117020345927,0.010190737065901878
4,iid,contractive,0.01,1729,axis_3,0.45,0.305023193359375,0.3099910034093183,0.004967810049943289,0.009953011253696735,1.5080312054255802,0.006600003513115568
4,iid,contractive,0.01,1729,axis_3,0.7,0.21722412109375,0.2202460684564681,0.0030219473627181026,0.007486766237558168,0.9694486320593017,0.0077227054533614515
4,iid,contractive,0.01,1729,axis_3,0.95,0.14630126953125,0.14758461028838432,0.0012833407571343214,0.005109891431904047,0.7143305709910643,0.007153398775604086
4,iid,contractive,0.01,1729,axis_3,1.2,0.092742919921875,0.09302821225967983,0.0002852923378048322,0.003426066210315737,0.5655117020345927,0.006058347153541595
4,iid,contractive,0.01,1729,mean,0.45,0.315582275390625,0.3207645286368521,0.00518225324622712,0.010214338953909717,1.5080312054255802,0.006773294158078869
4,iid,contractive,0.01,1729,mean,0.7,0.231292724609375,0.23446916634829895,0.003176441738923952,0.00774198629655132,0.9694486320593017,0.007985968560403043
4,iid,contractive,0.01,1729,mean,0.95,0.159820556640625,0.16283987544579825,0.0030193188051732545,0.006986969668621198,0.7143305709910643,0.009781143286262348
4,iid,contractive,0.01,1729,mean,1.2,0.105224609375,0.10721080139375283,0.0019861920187528304,0.005308552715602874,0.5655117020345927,0.009387166872946773
4,iid,contractive,0.01,1729,alternating,0.45,0.32269287109375,0.3207645286368521,0.0019283424568978802,0.006990301335557684,1.5080312054255802,0.004635382418087931
4,iid,contractive,0.01,1729,alternating,0.7,0.233489990234375,0.23446916634829895,0.0009791761139239519,0.005559794929594442,0.9694486320593017,0.005735007246113012
4,iid,contractive,0.01,1729,alternating,0.95,0.16314697265625,0.16283987544579825,0.00030709721045174554,0.004307882174717324,0.7143305709910643,0.006030656323081001
4,iid,contractive,0.01,1729,alternating,1.2,0.107574462890625,0.10721080139375283,0.00036366149687216964,0.0037185005637820406,0.5655117020345927,0.006575461746244427
4,iid,sgd,0.01,2718,axis_0,0.45,0.272705078125,0.2730088051737921,0.0003037270487921129,0.005125791314125871,1.5080312054255802,0.0033989955218992475
4,iid,sgd,0.01,2718,axis_0,0.7,0.173736572265625,0.1738272400666594,9.06678010343942e-05,0.00419304881407075,0.9694486320593017,0.004325189262647037
4,iid,sgd,0.01,2718,axis_0,0.95,0.102203369140625,0.1012327333519929,0.0009706357886321015,0.004250476073492751,0.7143305709910643,0.005950292828144858
4,iid,sgd,0.01,2718,axis_0,1.2,0.05401611328125,0.05370231816512683,0.00031379511612317224,0.00276136239788237,0.5655117020345927,0.004882944752420801
4,iid,sgd,0.01,2718,axis_3,0.45,0.236907958984375,0.24053995263804717,0.003631993653672172,0.008235718844028978,1.5080312054255802,0.005461239007786171
4,iid,sgd,0.01,2718,axis_3,0.7,0.13629150390625,0.1365409844100126,0.00024948050376261133,0.003964397303228421,0.9694486320593017,0.0040893319894704
4,iid,sgd,0.01,2718,axis_3,0.95,0.07012939453125,0.0684521350827646,0.001677259448485402,0.004442242083913353,0.7143305709910643,0.006218748383889231
4,iid,sgd,0.01,2718,axis_3,1.2,0.030731201171875,0.03013285555817935,0.00059834561369565,0.002467060254166769,0.5655117020345927,0.00436252732753505
4,iid,sgd,0.01,2718,mean,0.45,0.240875244140625,0.24014102836435636,0.000734215776268643,0.0053642453500030935,1.5080312054255802,0.0035571182683114665
4,iid,sgd,0.01,2718,mean,0.7,0.136077880859375,0.13610501592554702,2.713506617202377e-05,0.0037395983680981273,0.9694486320593017,0.0038574487027275253
4,iid,sgd,0.01,2718,mean,0.95,0.069122314453125,0.06809560300181894,0.0010267114513060616,0.00377325537915335,0.7143305709910643,0.00528222581026922
4,iid,sgd,0.01,2718,mean,1.2,0.031402587890625,0.029900092976545944,0.0015024949140790556,0.0033908578860373318,0.5655117020345927,0.005996087921501421
4,iid,sgd,0.01,2718,alternating,0.45,0.2431640625,0.24014102836435636,0.003023034135643643,0.00766799085869957,1.5080312054255802,0.005084769354315578
4,iid,sgd,0.01,2718,alternating,0.7,0.13720703125,0.13610501592554702,0.0011020153244529762,0.0048274125455869945,0.9694486320593017,0.004979544439948933
4,iid,sgd,0.01,2718,alternating,0.95,0.0693359375,0.06809560300181894,0.0012403344981810616,0.003990803608698968,0.7143305709910643,0.005586774206180362
4,iid,sgd,0.01,2718,alternating,1.2,0.030029296875,0.029900092976545944,0.00012920389845405555,0.001977123167897463,0.5655117020345927,0.003496166676629658
4,iid,linear,0.01,2718,axis_0,0.45,0.298187255859375,0.29720815768556674,0.0009790981738082571,0.005932302780533166,1.5080312054255802,0.00393380638224858
4,iid,linear,0.01,2718,axis_0,0.7,0.20306396484375,0.2037641352509022,0.0007001704071522008,0.005055883516624063,0.9694486320593017,0.005215215483758392
4,iid,linear,0.01,2718,axis_0,0.95,0.12939453125,0.13049481332680246,0.0011002820768024613,0.004734406230231575,0.7143305709910643,0.006627752503526548
4,iid,linear,0.01,2718,axis_0,1.2,0.079315185546875,0.07782434558402673,0.0014908399628482671,0.004416775583937526,0.5655117020345927,0.00781022844982145
4,iid,linear,0.01,2718,axis_3,0.45,0.25927734375,0.26225914010653817,0.002981796356538169,0.007726850829920219,1.5080312054255802,0.005123800357791423
4,iid,linear,0.01,2718,axis_3,0.7,0.159210205078125,0.16109940308129078,0.0018891980031657818,0.005850703571039387,0.9694486320593017,0.006035083631621955
4,iid,linear,0.01,2718,axis_3,0.95,0.09027099609375,0.08955459636336105,0.0007163997303889502,0.0038192530213206786,0.7143305709910643,0.005346618465484175
4,iid,linear,0.01,2718,axis_3,1.2,0.045501708984375,0.04484301088518228,0.0006586980991927227,0.002915183539825444,0.5655117020345927,0.0051549482165218225
4,iid,linear,0.01,2718,mean,0.45,0.261749267578125,0.26246134653937636,0.0007120789612513612,0.005471737362354658,1.5080312054255802,0.003628397968602038
4,iid,linear,0.01,2718,mean,0.7,0.160858154296875,0.16133541967928666,0.0004772653824116624,0.004455316265410584,0.9694486320593017,0.004595721854748102
4,iid,linear,0.01,2718,mean,0.95,0.090606689453125,0.0897667235307733,0.0008399659223516931,0.0039480095961005116,0.7143305709910643,0.005526866350719152
4,iid,linear,0.01,2718,mean,1.2,0.04742431640625,0.044999631262410245,0.0024246851438397554,0.00472602833962225,0.5655117020345927,0.008357083191415827
4,iid,linear,0.01,2718,alternating,0.45,0.265167236328125,0.26246134653937636,0.002705889788748639,0.007485420877988521,1.5080312054255802,0.0049637042330805525
4,iid,linear,0.01,2718,alternating,0.7,0.162994384765625,0.16133541967928666,0.0016589650863383376,0.005658243243474883,0.9694486320593017,0.0058365580767860276
4,iid,linear,0.01,2718,alternating,0.95,0.091278076171875,0.0897667235307733,0.001511352641101693,0.0046297384535863104,0.7143305709910643,0.006481226817946484
4,iid,linear,0.01,2718,alternating,1.2,0.045684814453125,0.044999631262410245,0.0006851831907147554,0.0029459874040005155,0.5655117020345927,0.005209418997699729
4,iid,contractive,0.01,2718,axis_0,0.45,0.285125732421875,0.2846068247368555,0.0005189076850194985,0.0054072785062170385,1.5080312054255802,0.0035856542535477936
4,iid,contractive,0.01,2718,axis_0,0.7,0.186798095703125,0.18796029127403735,0.00116219557091235,0.0053822351059730315,0.9694486320593017,0.005551851772218291
4,iid,contractive,0.01,2718,axis_0,0.95,0.1156005859375,0.11474657436629188,0.0008540115712081242,0.004316077585122278,0.7143305709910643,0.006042129177159727
4,iid,contractive,0.01,2718,axis_0,1.2,0.064605712890625,0.06452065254973405,8.506034089095227e-05,0.0027467898657517237,0.5655117020345927,0.004857175998072806
4,iid,contractive,0.01,2718,axis_3,0.45,0.3048095703125,0.3099910034093183,0.005181433096818289,0.01016565415378829,1.5080312054255802,0.006741010475920125
4,iid,contractive,0.01,2718,axis_3,0.7,0.21722412109375,0.2202460684564681,0.0030219473627181026,0.007486766237558168,0.9694486320593017,0.0077227054533614515
4,iid,contractive,0.01,2718,axis_3,0.95,0.14569091796875,0.14758461028838432,0.0018936923196343214,0.005713617489229775,0.7143305709910643,0.007998562180115971
4,iid,contractive,0.01,2718,axis_3,1.2,0.092254638671875,0.09302821225967983,0.0007735735878048322,0.00390691146829332,0.5655117020345927,0.006908630633525479
4,iid,contractive,0.01,2718,mean,0.45,0.3172607421875,0.3207645286368521,0.00350378644935212,0.008543045792084883,1.5080312054255802,0.00566503250154824
4,iid,contractive,0.01,2718,mean,0.7,0.232208251953125,0.23446916634829895,0.002260914395173952,0.006832760979623388,0.9694486320593017,0.007048089763259807
4,iid,contractive,0.01,2718,mean,0.95,0.164581298828125,0.16283987544579825,0.0017414233823267455,0.0057563114595589205,0.7143305709910643,0.008058329985195225
4,iid,contractive,0.01,2718,mean,1.2,0.107635498046875,0.10721080139375283,0.00042469665312216964,0.003780372555157624,0.5655117020345927,0.006684870607551772
4,iid,contractive,0.01,2718,alternating,0.45,0.3216552734375,0.3207645286368521,0.0008907448006478802,0.0059484285319024825,1.5080312054255802,0.003944499630048293
4,iid,contractive,0.01,2718,alternating,0.7,0.2353515625,0.23446916634829895,0.0008823961517010481,0.0054756510786466055,0.9694486320593017,0.005648211671633632
4,iid,contractive,0.01,2718,alternating,0.95,0.16375732421875,0.16283987544579825,0.0009174487729517455,0.004924248486744561,0.7143305709910643,0.006893514972924433
4,iid,contractive,0.01,2718,alternating,1.2,0.1080322265625,0.10721080139375283,0.0008214251687471696,0.004182532253265132,0.5655117020345927,0.007396013624859144
4,iid,sgd,0.01,3141,axis_0,0.45,0.269805908203125,0.2730088051737921,0.003202896970667113,0.008008810904202069,1.5080312054255802,0.005310772665305629
4,iid,sgd,0.01,3141,axis_0,0.7,0.172576904296875,0.1738272400666594,0.0012503357697843942,0.0053418706754904685,0.9694486320593017,0.005510215290255527
4,iid,sgd,0.01,3141,axis_0,0.95,0.1024169921875,0.1012327333519929,0.0011842588355071015,0.004467134417279471,0.7143305709910643,0.0062535954622266205
4,iid,sgd,0.01,3141,axis_0,1.2,0.057525634765625,0.05370231816512683,0.0038233166004981722,0.0063444544177567366,0.5655117020345927,0.011218962215867007
4,iid,sgd,0.01,3141,axis_3,0.45,0.236480712890625,0.24053995263804717,0.004059239747422172,0.00866009926692431,1.5080312054255802,0.00574265256300207
4,iid,sgd,0.01,3141,axis_3,0.7,0.13604736328125,0.1365409844100126,0.0004936211287626113,0.004205733681010229,0.9694486320593017,0.004338273882625854
4,iid,sgd,0.01,3141,axis_3,0.95,0.068817138671875,0.0684521350827646,0.000365003589110402,0.0031059269762718934,0.7143305709910643,0.004348024713491851
4,iid,sgd,0.01,3141,axis_3,1.2,0.031005859375,0.03013285555817935,0.00087300381682065,0.0027497846773294537,0.5655117020345927,0.004862471753345341
4,iid,sgd,0.01,3141,mean,0.45,0.238922119140625,0.24014102836435636,0.001218909223731357,0.005836057619517929,1.5080312054255802,0.0038699846518566836
4,iid,sgd,0.01,3141,mean,0.7,0.13616943359375,0.13610501592554702,6.441766820297623e-05,0.003777932843977977,0.9694486320593017,0.003896991257755345
4,iid,sgd,0.01,3141,mean,0.95,0.06842041015625,0.06809560300181894,0.00032480715443106156,0.003058400590683826,0.7143305709910643,0.004281491951885234
4,iid,sgd,0.01,3141,mean,1.2,0.0308837890625,0.029900092976545944,0.0009836960859540556,0.0028568968308223517,0.5655117020345927,0.005051879245900368
4,iid,sgd,0.01,3141,alternating,0.45,0.24346923828125,0.24014102836435636,0.003328209916893643,0.007975143317822718,1.5080312054255802,0.00528844714163064
4,iid,sgd,0.01,3141,alternating,0.7,0.13970947265625,0.13610501592554702,0.0036044567307029762,0.007358217585139968,0.9694486320593017,0.007590105696997736
4,iid,sgd,0.01,3141,alternating,0.95,0.07177734375,0.06809560300181894,0.0036817407481810616,0.006476541667119834,0.7143305709910643,0.009066588957734597
4,iid,sgd,0.01,3141,alternating,1.2,0.03033447265625,0.029900092976545944,0.00043437967970405555,0.0022913728510141436,0.5655117020345927,0.004051857534990459
4,iid,linear,0.01,3141,axis_0,0.45,0.2938232421875,0.29720815768556674,0.003384915498066743,0.008317004295329021,1.5080312054255802,0.00551514071154906
4,iid,linear,0.01,3141,axis_0,0.7,0.20098876953125,0.2037641352509022,0.002775365719652201,0.007114403597759148,0.9694486320593017,0.007338608114435873
4,iid,linear,0.01,3141,axis_0,0.95,0.129913330078125,0.13049481332680246,0.0005814832486774613,0.004221800376536054,0.7143305709910643,0.005910149373389851
4,iid,linear,0.01,3141,axis_0,1.2,0.079681396484375,0.07782434558402673,0.0018570509003482671,0.004789150190662237,0.5655117020345927,0.00846870219207114
4,iid,linear,0.01,3141,axis_3,0.45,0.25634765625,0.26225914010653817,0.005911483856538169,0.010638975337867364,1.5080312054255802,0.007054877445234926
4,iid,linear,0.01,3141,axis_3,0.7,0.15960693359375,0.16109940308129078,0.0014924694875407818,0.0054579718335955145,0.9694486320593017,0.005629975279867792
4,iid,linear,0.01,3141,axis_3,0.95,0.08990478515625,0.08955459636336105,0.0003501887928889502,0.0034473650627973845,0.7143305709910643,0.004826008017568812
4,iid,linear,0.01,3141,axis_3,1.2,0.044921875,0.04484301088518228,7.886411481772271e-05,0.0023216070147987875,0.5655117020345927,0.004105320909268777
4,iid,linear,0.01,3141,mean,0.45,0.26141357421875,0.26246134653937636,0.0010477723206263612,0.00580545893819577,1.5080312054255802,0.0038496941689992524
4,iid,linear,0.01,3141,mean,0.7,0.161224365234375,0.16133541967928666,0.00011105444491166239,0.004092761869105102,0.9694486320593017,0.004221741857958231
4,iid,linear,0.01,3141,mean,0.95,0.090240478515625,0.0897667235307733,0.0004737549848516931,0.0035761357810412246,0.7143305709910643,0.005006275702409997
4,iid,linear,0.01,3141,mean,1.2,0.045013427734375,0.044999631262410245,1.3796471964755419e-05,0.0022587160069731413,0.5655117020345927,0.003994110110978701
4,iid,linear,0.01,3141,alternating,0.45,0.265869140625,0.26246134653937636,0.003407794085623639,0.008191360519956201,1.5080312054255802,0.005431824282206762
4,iid,linear,0.01,3141,alternating,0.7,0.164947509765625,0.16133541967928666,0.0036120900863383376,0.007630561408077648,0.9694486320593017,0.007871032209173186
4,iid,linear,0.01,3141,alternating,0.95,0.09259033203125,0.0897667235307733,0.002823608500476693,0.00596206147477288,0.7143305709910643,0.008346361918265795
4,iid,linear,0.01,3141,alternating,1.2,0.046478271484375,0.044999631262410245,0.0014786402219647554,0.0037580446367462073,0.5655117020345927,0.0066453879260597966
4,iid,contractive,0.01,3141,axis_0,0.45,0.2802734375,0.2846068247368555,0.0043333872368555015,0.009196404816526994,1.5080312054255802,0.006098285488682367
4,iid,contractive,0.01,3141,axis_0,0.7,0.1865234375,0.18796029127403735,0.00143685377403735,0.005654501777541794,0.9694486320593017,0.005832698701663551
4,iid,contractive,0.01,3141,axis_0,0.95,0.1148681640625,0.11474657436629188,0.00012158969620812421,0.0035740995321283096,0.7143305709910643,0.005003425132945932
4,iid,contractive,0.01,3141,axis_0,1.2,0.067596435546875,0.06452065254973405,0.0030757829971409523,0.0057940678445009535,0.5655117020345927,0.010245708132396043
4,iid,contractive,0.01,3141,axis_3,0.45,0.30303955078125,0.3099910034093183,0.006951452628068289,0.011927503681290648,1.5080312054255802,0.007909321530203081
4,iid,contractive,0.01,3141,axis_3,0.7,0.21514892578125,0.2202460684564681,0.005097142675218103,0.009546469658125391,0.9694486320593017,0.009847318715429812
4,iid,contractive,0.01,3141,axis_3,0.95,0.144775390625,0.14758461028838432,0.0028092196633843214,0.0066191634787368175,0.7143305709910643,0.009266246955598401
4,iid,contractive,0.01,3141,axis_3,1.2,0.090850830078125,0.09302821225967983,0.002177382181554832,0.005289192574868043,0.5655117020345927,0.009352932142409495
4,iid,contractive,0.01,3141,mean,0.45,0.316375732421875,0.3207645286368521,0.00438879621497712,0.009424282543780322,1.5080312054255802,0.006249394912965812
4,iid,contractive,0.01,3141,mean,0.7,0.23187255859375,0.23446916634829895,0.002596607754548952,0.007166147101924964,0.9694486320593017,0.007391982272131987
4,iid,contractive,0.01,3141,mean,0.95,0.16046142578125,0.16283987544579825,0.0023784496645482545,0.006352531033430226,0.7143305709910643,0.008892984972793066
4,iid,contractive,0.01,3141,mean,1.2,0.1029052734375,0.10721080139375283,0.00430552795625283,0.007595324736708502,0.5655117020345927,0.013430888714384007
4,iid,contractive,0.01,3141,alternating,0.45,0.322357177734375,0.3207645286368521,0.0015926490975228802,0.006653227964783323,1.5080312054255802,0.004411863587998977
4,iid,contractive,0.01,3141,alternating,0.7,0.233123779296875,0.23446916634829895,0.0013453870514239519,0.005923505523361191,0.9694486320593017,0.006110179876966238
4,iid,contractive,0.01,3141,alternating,0.95,0.1602783203125,0.16283987544579825,0.0025615551332982545,0.006533801514078657,0.7143305709910643,0.009146747709556433
4,iid,contractive,0.01,3141,alternating,1.2,0.1082763671875,0.10721080139375283,0.0010655657937471696,0.004430008060588775,0.5655117020345927,0.007833627570659517
4,iid,sgd,0.01,5772,axis_0,0.45,0.272705078125,0.2730088051737921,0.0003037270487921129,0.005125791314125871,1.5080312054255802,0.0033989955218992475
4,iid,sgd,0.01,5772,axis_0,0.7,0.1734619140625,0.1738272400666594,0.0003653260041593942,0.004465144270877053,0.9694486320593017,0.0046058595816388945
4,iid,sgd,0.01,5772,axis_0,0.95,0.10540771484375,0.1012327333519929,0.0041749814917571015,0.0074998913627519915,0.7143305709910643,0.010499188565241749
4,iid,sgd,0.01,5772,axis_0,1.2,0.055755615234375,0.05370231816512683,0.0020532970692481722,0.004537674730181411,0.5655117020345927,0.008024015619581005
4,iid,sgd,0.01,5772,axis_3,0.45,0.239715576171875,0.24053995263804717,0.000824376466172172,0.005446773838447485,1.5080312054255802,0.0036118442502059206
4,iid,sgd,0.01,5772,axis_3,0.7,0.134490966796875,0.1365409844100126,0.0020500176131376113,0.005744158581628181,0.9694486320593017,0.005925180965417885
4,iid,sgd,0.01,5772,axis_3,0.95,0.068328857421875,0.0684521350827646,0.00012327766088959802,0.002855175817868779,0.7143305709910643,0.003996995136169938
4,iid,sgd,0.01,5772,axis_3,1.2,0.031646728515625,0.03013285555817935,0.00151387295744565,0.003409323367576737,0.5655117020345927,0.006028740617233393
4,iid,sgd,0.01,5772,mean,0.45,0.239288330078125,0.24014102836435636,0.000852698286231357,0.005472272013019411,1.5080312054255802,0.0036287525041466804
4,iid,sgd,0.01,5772,mean,0.7,0.136077880859375,0.13610501592554702,2.713506617202377e-05,0.0037395983680981273,0.9694486320593017,0.0038574487027275253
4,iid,sgd,0.01,5772,mean,0.95,0.068389892578125,0.06809560300181894,0.00029428957630606156,0.0030273180762589173,0.7143305709910643,0.004237979164266772
4,iid,sgd,0.01,5772,mean,1.2,0.03167724609375,0.029900092976545944,0.0017771531172040556,0.0036734873355126147,0.5655117020345927,0.006495864404390177
4,iid,sgd,0.01,5772,alternating,0.45,0.238525390625,0.24014102836435636,0.001615637739356357,0.006230153409797792,1.5080312054255802,0.004131315975016303
4,iid,sgd,0.01,5772,alternating,0.7,0.135223388671875,0.13610501592554702,0.0008816272536720238,0.004584245858360463,0.9694486320593017,0.004728714556667756
4,iid,sgd,0.01,5772,alternating,0.95,0.067413330078125,0.06809560300181894,0.0006822729236939384,0.0033971401581892385,0.7143305709910643,0.004755697566570665
4,iid,sgd,0.01,5772,alternating,1.2,0.029205322265625,0.029900092976545944,0.0006947707109209444,0.0025179349708173587,0.5655117020345927,0.004452489597931141
4,iid,linear,0.01,5772,axis_0,0.45,0.29803466796875,0.29720815768556674,0.0008265102831832571,0.00577898569988754,1.5080312054255802,0.003832139334448757
4,iid,linear,0.01,5772,axis_0,0.7,0.2054443359375,0.2037641352509022,0.0016802006865977992,0.006054820886661688,0.9694486320593017,0.00624563353480632
4,iid,linear,0.01,5772,axis_0,0.95,0.133392333984375,0.13049481332680246,0.0028975206575725387,0.0065788765356114345,0.7143305709910643,0.009209848776993938
4,iid,linear,0.01,5772,axis_0,1.2,0.08099365234375,0.07782434558402673,0.003169306759723267,0.006123343219410203,0.5655117020345927,0.010827969071868357
4,iid,linear,0.01,5772,axis_3,0.45,0.259796142578125,0.26225914010653817,0.002462997528413169,0.007211133257441105,1.5080312054255802,0.0047818196543260895
4,iid,linear,0.01,5772,axis_3,0.7,0.1602783203125,0.16109940308129078,0.0008210827687907818,0.004793329149571184,0.9694486320593017,0.00494438693403404
4,iid,linear,0.01,5772,axis_3,0.95,0.089599609375,0.08955459636336105,4.501301163895022e-05,0.003137446585878566,0.7143305709910643,0.004392149395938163
4,iid,linear,0.01,5772,axis_3,1.2,0.0452880859375,0.04484301088518228,0.0004450750523177227,0.0026965092477673775,0.5655117020345927,0.004768264278291505
4,iid,linear,0.01,5772,mean,0.45,0.2620849609375,0.26246134653937636,0.00037638560187636116,0.005138012195453007,1.5080312054255802,0.0034070993869142205
4,iid,linear,0.01,5772,mean,0.7,0.161346435546875,0.16133541967928666,1.1015867588337613e-05,0.003993940515644965,0.9694486320593017,0.004119806231673195
4,iid,linear,0.01,5772,mean,0.95,0.090301513671875,0.0897667235307733,0.0005347901411016931,0.0036381158196530836,0.7143305709910643,0.00509304230757694
4,iid,linear,0.01,5772,mean,1.2,0.046600341796875,0.044999631262410245,0.0016007105344647554,0.003882960193529377,0.5655117020345927,0.006866277354755524
4,iid,linear,0.01,5772,alternating,0.45,0.26116943359375,0.26246134653937636,0.0012919129456263612,0.006048163280715446,1.5080312054255802,0.004010635362819696
4,iid,linear,0.01,5772,alternating,0.7,0.16094970703125,0.16133541967928666,0.0003857126480366624,0.004364678351803951,0.9694486320593017,0.004502227562622381
4,iid,linear,0.01,5772,alternating,0.95,0.089141845703125,0.0897667235307733,0.0006248778276483069,0.003710177053504776,0.7143305709910643,0.005193921699805267
4,iid,linear,0.01,5772,alternating,1.2,0.044342041015625,0.044999631262410245,0.0006575902467852446,0.002886488193212983,0.5655117020345927,0.005104205948043167
4,iid,contractive,0.01,5772,axis_0,0.45,0.285186767578125,0.2846068247368555,0.0005799428412694985,0.005468628138013428,1.5080312054255802,0.003626336191411988
4,iid,contractive,0.01,5772,axis_0,0.7,0.187713623046875,0.18796029127403735,0.00024666822716234993,0.004474654657042112,0.9694486320593017,0.004615669679719962
4,iid,contractive,0.01,5772,axis_0,0.95,0.11676025390625,0.11474657436629188,0.002013679539958124,0.005490785467504394,0.7143305709910643,0.00768661693967047
4,iid,contractive,0.01,5772,axis_0,1.2,0.065826416015625,0.06452065254973405,0.0013057634658909523,0.0039907678561210205,0.5655117020345927,0.0070569147230076295
4,iid,contractive,0.01,5772,axis_3,0.45,0.305694580078125,0.3099910034093183,0.004296423331193289,0.009284696760109193,1.5080312054255802,0.00615683331134316
4,iid,contractive,0.01,5772,axis_3,0.7,0.21649169921875,0.2202460684564681,0.0037543692377181026,0.008213739459196883,0.9694486320593017,0.008472588631900245
4,iid,contractive,0.01,5772,axis_3,0.95,0.145721435546875,0.14758461028838432,0.0018631747415093214,0.00568343173078169,0.7143305709910643,0.007956304772027998
4,iid,contractive,0.01,5772,axis_3,1.2,0.093109130859375,0.09302821225967983,8.091859969516779e-05,0.003227252103290829,0.5655117020345927,0.005706782179183652
4,iid,contractive,0.01,5772,mean,0.45,0.31640625,0.3207645286368521,0.00435827863685212,0.009393895420199617,1.5080312054255802,0.006229244717484857
4,iid,contractive,0.01,5772,mean,0.7,0.23101806640625,0.23446916634829895,0.003451099942048952,0.008014747995808584,0.9694486320593017,0.008267326117922994
4,iid,contractive,0.01,5772,mean,0.95,0.16033935546875,0.16283987544579825,0.0025005199770482545,0.006473378224631764,0.7143305709910643,0.009062160416360985
4,iid,contractive,0.01,5772,mean,1.2,0.105743408203125,0.10721080139375283,0.0014673931906278304,0.00479696841250837,0.5655117020345927,0.008482527231973949
4,iid,contractive,0.01,5772,alternating,0.45,0.319671630859375,0.3207645286368521,0.0010928977774771198,0.006142328786373813,1.5080312054255802,0.0040730780399470526
4,iid,contractive,0.01,5772,alternating,0.7,0.233642578125,0.23446916634829895,0.0008265882232989519,0.00540824743332744,0.9694486320593017,0.005578683856450699
4,iid,contractive,0.01,5772,alternating,0.95,0.1593017578125,0.16283987544579825,0.0035381176332982545,0.007500546305742619,0.7143305709910643,0.010500105427850216
4,iid,contractive,0.01,5772,alternating,1.2,0.104705810546875,0.10721080139375283,0.0025049908468778304,0.005820111799867338,0.5655117020345927,0.01029176191921015
4,iid,sgd,0.005,1729,axis_0,0.45,0.271881103515625,0.2730088051737921,0.0011277016581671129,0.00594520214228905,1.3601881022358575,0.004370867626702816
4,iid,sgd,0.005,1729,axis_0,0.7,0.1737060546875,0.1738272400666594,0.0001211853791593942,0.0042232818281364255,0.8744066371516227,0.00482988308722559
4,iid,sgd,0.005,1729,axis_0,0.95,0.10125732421875,0.1012327333519929,2.4590866757101537e-05,0.003290935529567823,0.6442996273748799,0.005107771896402203
4,iid,sgd,0.005,1729,axis_0,1.2,0.05511474609375,0.05370231816512683,0.0014124279286231722,0.003883324376515406,0.5100705383384466,0.0076133085223179615
4,iid,sgd,0.005,1729,axis_3,0.45,0.23822021484375,0.24053995263804717,0.002319737794297172,0.006932224546610241,1.3601881022358575,0.005096519029401265
4,iid,sgd,0.005,1729,axis_3,0.7,0.13812255859375,0.1365409844100126,0.0015815741837373887,0.00531739612151798,0.8744066371516227,0.006081147941465064
4,iid,sgd,0.005,1729,axis_3,0.95,0.06988525390625,0.0684521350827646,0.001433118823485402,0.004193646733890529,0.6442996273748799,0.006508845505587253
4,iid,sgd,0.005,1729,axis_3,1.2,0.030975341796875,0.03013285555817935,0.00084248623869565,0.002718372798159581,0.5100705383384466,0.005329405628905118
4,iid,sgd,0.005,1729,mean,0.45,0.235931396484375,0.24014102836435636,0.004209631879981357,0.00880679750058611,1.3601881022358575,0.006474690879966987
4,iid,sgd,0.005,1729,mean,0.7,0.133758544921875,0.13610501592554702,0.0023464710036720238,0.0060320977722748146,0.8744066371516227,0.0068985041009345
4,iid,sgd,0.005,1729,mean,0.95,0.06719970703125,0.06809560300181894,0.0008958959705689384,0.003606768711881199,0.6442996273748799,0.005597968023940255
4,iid,sgd,0.005,1729,mean,1.2,0.0299072265625,0.029900092976545944,7.133585954055555e-06,0.0018514091367502104,0.5100705383384466,0.003629711966468737
4,iid,sgd,0.005,1729,alternating,0.45,0.238677978515625,0.24014102836435636,0.001463049848731357,0.006078578756682171,1.3601881022358575,0.004468925104322182
4,iid,sgd,0.005,1729,alternating,0.7,0.13494873046875,0.13610501592554702,0.0011562854567970238,0.004855729216739053,0.8744066371516227,0.005553170584977007
4,iid,sgd,0.005,1729,alternating,0.95,0.067352294921875,0.06809560300181894,0.0007433080799439384,0.003457034831816437,0.6442996273748799,0.005365570124418204
4,iid,sgd,0.005,1729,alternating,1.2,0.030609130859375,0.029900092976545944,0.0007090378828290556,0.0025741548170735745,0.5100705383384466,0.005046664379908859
4,iid,linear,0.005,1729,axis_0,0.45,0.2957763671875,0.29720815768556674,0.0014317904980667429,0.006373396738732522,1.3601881022358575,0.0046856730537901525
4,iid,linear,0.005,1729,axis_0,0.7,0.205718994140625,0.2037641352509022,0.001954858889722799,0.006331645654921043,0.8744066371516227,0.007241076846747598
4,iid,linear,0.005,1729,axis_0,0.95,0.13043212890625,0.13049481332680246,6.268442055246126e-05,0.003709175351761185,0.6442996273748799,0.005756910595888076
4,iid,linear,0.005,1729,axis_0,1.2,0.078094482421875,0.07782434558402673,0.00027013683784826714,0.0031753933708630355,0.5100705383384466,0.006225400473446027
4,iid,linear,0.005,1729,axis_3,0.45,0.2593994140625,0.26225914010653817,0.002859726044038169,0.007605506296903081,1.3601881022358575,0.005591510677384444
4,iid,linear,0.005,1729,axis_3,0.7,0.162994384765625,0.16109940308129078,0.0018949816843342182,0.0058942598414707635,0.8744066371516227,0.006740868139646446
4,iid,linear,0.005,1729,axis_3,0.95,0.089813232421875,0.08955459636336105,0.0002586360585139502,0.003354390652958685,0.6442996273748799,0.005206258874657028
4,iid,linear,0.005,1729,axis_3,1.2,0.046539306640625,0.04484301088518228,0.0016962957554427227,0.003977123331773786,0.5100705383384466,0.007797202607955469
4,iid,linear,0.005,1729,mean,0.45,0.259765625,0.26246134653937636,0.002695721539376361,0.007443676257394646,1.3601881022358575,0.005472534456931978
4,iid,linear,0.005,1729,mean,0.7,0.158477783203125,0.16133541967928666,0.0028576364761616624,0.006811740502764007,0.8744066371516227,0.007790129001025465
4,iid,linear,0.005,1729,mean,0.95,0.088134765625,0.0897667235307733,0.001631957905773307,0.004701475025558616,0.6442996273748799,0.007297032041930866
4,iid,linear,0.005,1729,mean,1.2,0.04510498046875,0.044999631262410245,0.00010534920633975542,0.0023524428306869825,0.5100705383384466,0.004611995114146484
4,iid,linear,0.005,1729,alternating,0.45,0.26214599609375,0.26246134653937636,0.00031535044562636116,0.005077334506911607,1.3601881022358575,0.0037328179084683637
4,iid,linear,0.005,1729,alternating,0.7,0.158660888671875,0.16133541967928666,0.0026745310074116624,0.006630488208005554,0.8744066371516227,0.0075828429546284685
4,iid,linear,0.005,1729,alternating,0.95,0.08917236328125,0.0897667235307733,0.0005943602495233069,0.0036801358594566016,0.6442996273748799,0.0057118391864525294
4,iid,linear,0.005,1729,alternating,1.2,0.044677734375,0.044999631262410245,0.0003218968874102446,0.002558822925188772,0.5100705383384466,0.005016606004189402
4,iid,contractive,0.005,1729,axis_0,0.45,0.28240966796875,0.2846068247368555,0.0021971567681055015,0.0070714221786204595,1.3601881022358575,0.005198856075124138
4,iid,contractive,0.005,1729,axis_0,0.7,0.18927001953125,0.18796029127403735,0.00130972825721265,0.005551137066098036,0.8744066371516227,0.006348461722775631
4,iid,contractive,0.005,1729,axis_0,0.95,0.115631103515625,0.11474657436629188,0.0008845291493331242,0.004346992370795176,0.6442996273748799,0.0067468491150716094
4,iid,contractive,0.005,1729,axis_0,1.2,0.065765380859375,0.06452065254973405,0.0012447283096409523,0.003928575296337574,0.5100705383384466,0.007702023545870533
4,iid,contractive,0.005,1729,axis_3,0.45,0.309814453125,0.3099910034093183,0.00017655028431828867,0.00518340363474962,1.3601881022358575,0.003810799128612591
4,iid,contractive,0.005,1729,axis_3,0.7,0.2203369140625,0.2202460684564681,9.08456060318974e-05,0.004578591119814133,0.8744066371516227,0.005236226402316526
4,iid,contractive,0.005,1729,axis_3,0.95,0.14739990234375,0.14758461028838432,0.00018470794463432139,0.004023127036843321,0.6442996273748799,0.006244186502536189
4,iid,contractive,0.005,1729,axis_3,1.2,0.09234619140625,0.09302821225967983,0.0006820208534298322,0.0038167550052263808,0.5100705383384466,0.007482798394236706
4,iid,contractive,0.005,1729,mean,0.45,0.31842041015625,0.3207645286368521,0.00234411848060212,0.0073882899458081845,1.3601881022358575,0.005431814859770807
4,iid,contractive,0.005,1729,mean,0.7,0.231689453125,0.23446916634829895,0.002779713223298952,0.007347992367640225,0.8744066371516227,0.008403404154817821
4,iid,contractive,0.005,1729,mean,0.95,0.160430908203125,0.16283987544579825,0.0024089672426732545,0.006382742907739628,0.6442996273748799,0.009906482382653757
4,iid,contractive,0.005,1729,mean,1.2,0.105712890625,0.10721080139375283,0.0014979107687528304,0.004827062301967753,0.5100705383384466,0.00946351913931727
4,iid,contractive,0.005,1729,alternating,0.45,0.31732177734375,0.3207645286368521,0.00344275129310212,0.008482270067929986,1.3601881022358575,0.006236100767229881
4,iid,contractive,0.005,1729,alternating,0.7,0.23052978515625,0.23446916634829895,0.003939381192048952,0.00849965094742634,0.8744066371516227,0.009720478535151483
4,iid,contractive,0.005,1729,alternating,0.95,0.159149169921875,0.16283987544579825,0.0036907055239232545,0.00765159543140214,0.6442996273748799,0.01187583401619776
4,iid,contractive,0.005,1729,alternating,1.2,0.103485107421875,0.10721080139375283,0.0037256939718778304,0.007023679802607919,0.5100705383384466,0.013770016644144036
4,iid,sgd,0.005,2718,axis_0,0.45,0.277008056640625,0.2730088051737921,0.003999251466832887,0.008844812107576334,1.3601881022358575,0.006502638931363508
4,iid,sgd,0.005,2718,axis_0,0.7,0.1761474609375,0.1738272400666594,0.002320220870840606,0.00644493676183547,0.8744066371516227,0.007370640258209652
4,iid,sgd,0.005,2718,axis_0,0.95,0.104156494140625,0.1012327333519929,0.0029237607886321015,0.006231188458768237,0.6442996273748799,0.009671258827444079
4,iid,sgd,0.005,2718,axis_0,1.2,0.05645751953125,0.05370231816512683,0.0027552013661231722,0.005254238615463453,0.5100705383384466,0.010301003921102994
4,iid,sgd,0.005,2718,axis_3,0.45,0.242462158203125,0.24053995263804717,0.001922205565077828,0.006562603804288741,1.3601881022358575,0.004824776656626556
4,iid,sgd,0.005,2718,axis_3,0.7,0.137664794921875,0.1365409844100126,0.0011238105118623887,0.004854427025202598,0.8744066371516227,0.005551681356189017
4,iid,sgd,0.005,2718,axis_3,0.95,0.07275390625,0.0684521350827646,0.004301771167235402,0.007114039575028895,0.6442996273748799,0.011041508131882956
4,iid,sgd,0.005,2718,axis_3,1.2,0.03314208984375,0.03013285555817935,0.00300923428557065,0.004947451187094929,0.5100705383384466,0.009699543132232726
4,iid,sgd,0.005,2718,mean,0.45,0.243621826171875,0.24014102836435636,0.003480797807518643,0.008128718351225393,1.3601881022358575,0.0059761722204918
4,iid,sgd,0.005,2718,mean,0.7,0.13897705078125,0.13610501592554702,0.0028720348557029762,0.006617536681069323,0.8744066371516227,0.007568031165255024
4,iid,sgd,0.005,2718,mean,0.95,0.070465087890625,0.06809560300181894,0.0023694848888060616,0.005140576960709088,0.6442996273748799,0.007978550261861459
4,iid,sgd,0.005,2718,mean,1.2,0.031646728515625,0.029900092976545944,0.0017466355390790556,0.0036420859492101425,0.5100705383384466,0.007140357412279147
4,iid,sgd,0.005,2718,alternating,0.45,0.242431640625,0.24014102836435636,0.002290612260643643,0.006930811920957318,1.3601881022358575,0.005095480477710803
4,iid,sgd,0.005,2718,alternating,0.7,0.136505126953125,0.13610501592554702,0.00040011102757797623,0.004117478266047202,0.8744066371516227,0.004708882676668462
4,iid,sgd,0.005,2718,alternating,0.95,0.0672607421875,0.06809560300181894,0.0008348608143189384,0.003546875641047275,0.6442996273748799,0.005505009610976474
4,iid,sgd,0.005,2718,alternating,1.2,0.029510498046875,0.029900092976545944,0.00038959492967094445,0.002221971771450144,0.5100705383384466,0.004356204886265752
4,iid,linear,0.005,2718,axis_0,0.45,0.302032470703125,0.29720815768556674,0.004824313017558257,0.009795676650531424,1.3601881022358575,0.007201707347997996
4,iid,linear,0.005,2718,axis_0,0.7,0.206756591796875,0.2037641352509022,0.002992456545972799,0.007377400250249392,0.8744066371516227,0.008437035970222337
4,iid,linear,0.005,2718,axis_0,0.95,0.13372802734375,0.13049481332680246,0.0032332140169475387,0.0069184852299998675,0.6442996273748799,0.010737993529793568
4,iid,linear,0.005,2718,axis_0,1.2,0.081024169921875,0.07782434558402673,0.003199824337848267,0.006154368213246362,0.5100705383384466,0.0120657198380722
4,iid,linear,0.005,2718,axis_3,0.45,0.264404296875,0.26225914010653817,0.002145156768461831,0.006920284026001785,1.3601881022358575,0.0050877404490057825
4,iid,linear,0.005,2718,axis_3,0.7,0.16192626953125,0.16109940308129078,0.0008268664499592182,0.0048155618575288035,0.8744066371516227,0.005507233880583847
4,iid,linear,0.005,2718,axis_3,0.95,0.092193603515625,0.08955459636336105,0.0026390071522639502,0.005771413665159746,0.6442996273748799,0.008957654823850615
4,iid,linear,0.005,2718,axis_3,1.2,0.048553466796875,0.04484301088518228,0.0037104559116927227,0.006037654368354295,0.5100705383384466,0.011836900809880016
4,iid,linear,0.005,2718,mean,0.45,0.266815185546875,0.26246134653937636,0.004353839007498639,0.009142819922294206,1.3601881022358575,0.006721732021670658
4,iid,linear,0.005,2718,mean,0.7,0.164703369140625,0.16133541967928666,0.0033679494613383376,0.00738403274362503,0.8744066371516227,0.008444621106352185
4,iid,linear,0.005,2718,mean,0.95,0.093292236328125,0.0897667235307733,0.003525512797351693,0.006674620563479528,0.6442996273748799,0.010359497786262044
4,iid,linear,0.005,2718,mean,1.2,0.046966552734375,0.044999631262410245,0.0019669214719647554,0.004257681084699738,0.5100705383384466,0.008347239773089273
4,iid,linear,0.005,2718,alternating,0.45,0.265167236328125,0.26246134653937636,0.002705889788748639,0.007485420877988521,1.3601881022358575,0.005503224786104285
4,iid,linear,0.005,2718,alternating,0.7,0.16046142578125,0.16133541967928666,0.0008739938980366624,0.004848075266918634,0.8744066371516227,0.00554441727788255
4,iid,linear,0.005,2718,alternating,0.95,0.0897216796875,0.0897667235307733,4.5043843273306905e-05,0.003139375791503869,0.6442996273748799,0.004872540132135218
4,iid,linear,0.005,2718,alternating,1.2,0.043975830078125,0.044999631262410245,0.0010238011842852446,0.0032439013173975006,0.5100705383384466,0.00635971120379644
4,iid,contractive,0.005,2718,axis_0,0.45,0.2889404296875,0.2846068247368555,0.0043336049506444985,0.009241420746411988,1.3601881022358575,0.0067942226014336355
4,iid,contractive,0.005,2718,axis_0,0.7,0.19091796875,0.18796029127403735,0.00295767747596265,0.0072131793340703635,0.8744066371516227,0.00824922756484017
4,iid,contractive,0.005,2718,axis_0,0.95,0.118438720703125,0.11474657436629188,0.003692146336833124,0.00719082624503641,0.6442996273748799,0.011160686642540139
4,iid,contractive,0.005,2718,axis_0,1.2,0.067352294921875,0.06452065254973405,0.0028316423721409523,0.00554536912401345,0.5100705383384466,0.010871769112714242
4,iid,contractive,0.005,2718,axis_3,0.45,0.31292724609375,0.3099910034093183,0.0029362426844317113,0.007956825743857272,1.3601881022358575,0.005849798076293974
4,iid,contractive,0.005,2718,axis_3,0.7,0.22271728515625,0.2202460684564681,0.0024712166997818974,0.006976245491556135,0.8744066371516227,0.007978262281129562
4,iid,contractive,0.005,2718,axis_3,0.95,0.148773193359375,0.14758461028838432,0.0011885830709906786,0.005041734634939857,0.6442996273748799,0.007825139765301104
4,iid,contractive,0.005,2718,axis_3,1.2,0.09417724609375,0.09302821225967983,0.0011490338340701678,0.0043114987060425426,0.5100705383384466,0.008452749927661452
4,iid,contractive,0.005,2718,mean,0.45,0.32684326171875,0.3207645286368521,0.00607873308189788,0.01115750805143017,1.3601881022358575,0.008202915488739844
4,iid,contractive,0.005,2718,mean,0.7,0.23828125,0.23446916634829895,0.003812083651701048,0.008424976448387113,0.8744066371516227,0.009635078338187655
4,iid,contractive,0.005,2718,mean,0.95,0.166259765625,0.16283987544579825,0.0034198901792017455,0.00745114327851213,0.6442996273748799,0.011564717659190498
4,iid,contractive,0.005,2718,mean,1.2,0.109710693359375,0.10721080139375283,0.0024998919656221696,0.005883820342127513,0.5100705383384466,0.011535307177893554
4,iid,contractive,0.005,2718,alternating,0.45,0.3231201171875,0.3207645286368521,0.00235558855064788,0.007419299490128373,1.3601881022358575,0.005454612842100762
4,iid,contractive,0.005,2718,alternating,0.7,0.23602294921875,0.23446916634829895,0.0015537828704510481,0.006151564881277055,0.8744066371516227,0.007035130590174568
4,iid,contractive,0.005,2718,alternating,0.95,0.162109375,0.16283987544579825,0.0007305004457982545,0.004721014412627949,0.6442996273748799,0.007327358595352826
4,iid,contractive,0.005,2718,alternating,1.2,0.10479736328125,0.10721080139375283,0.0024134381125028304,0.005729838507147581,0.5100705383384466,0.011233423764902231
4,iid,sgd,0.005,3141,axis_0,0.45,0.270843505859375,0.2730088051737921,0.002165299314417113,0.006977023126441664,1.3601881022358575,0.005129454606295213
4,iid,sgd,0.005,3141,axis_0,0.7,0.173736572265625,0.1738272400666594,9.06678010343942e-05,0.00419304881407075,0.8744066371516227,0.00479530762452764
4,iid,sgd,0.005,3141,axis_0,0.95,0.101287841796875,0.1012327333519929,5.510844488210154e-05,0.0033218898219103577,0.6442996273748799,0.005155815215111938
4,iid,sgd,0.005,3141,axis_0,1.2,0.05419921875,0.05370231816512683,0.0004969005848731722,0.0029483754868292393,0.5100705383384466,0.005780328925551286
4,iid,sgd,0.005,3141,axis_3,0.45,0.23931884765625,0.24053995263804717,0.001221104981797172,0.005840880608405448,1.3601881022358575,0.004294171224409545
4,iid,sgd,0.005,3141,axis_3,0.7,0.137908935546875,0.1365409844100126,0.0013679511368623887,0.005101345598644081,0.8744066371516227,0.005834065504422176
4,iid,sgd,0.005,3141,axis_3,0.95,0.06915283203125,0.0684521350827646,0.000700696948485402,0.0034478020793262624,0.6442996273748799,0.005351240219358671
4,iid,sgd,0.005,3141,axis_3,1.2,0.031982421875,0.03013285555817935,0.00184956631682065,0.0037547129148056734,0.5100705383384466,0.007361164059850703
4,iid,sgd,0.005,3141,mean,0.45,0.2391357421875,0.24014102836435636,0.001005286176856357,0.005623849917546549,1.3601881022358575,0.004134611902796493
4,iid,sgd,0.005,3141,mean,0.7,0.13623046875,0.13610501592554702,0.00012545282445297623,0.0038396689369821894,0.8744066371516227,0.004391170851001201
4,iid,sgd,0.005,3141,mean,0.95,0.069610595703125,0.06809560300181894,0.0015149927013060616,0.004270497406435665,0.6442996273748799,0.006628123352849489
4,iid,sgd,0.005,3141,mean,1.2,0.0289306640625,0.029900092976545944,0.0009694289140459444,0.002784256722242528,0.5100705383384466,0.005458571928722323
4,iid,sgd,0.005,3141,alternating,0.45,0.2408447265625,0.24014102836435636,0.000703698198143643,0.005333527521945523,1.3601881022358575,0.003921169074467236
4,iid,sgd,0.005,3141,alternating,0.7,0.137115478515625,0.13610501592554702,0.0010104625900779762,0.004734814283510948,0.8744066371516227,0.005414888316647038
4,iid,sgd,0.005,3141,alternating,0.95,0.069061279296875,0.06809560300181894,0.0009656762950560616,0.003711097353453304,0.6442996273748799,0.005759893682654632
4,iid,sgd,0.005,3141,alternating,1.2,0.030548095703125,0.029900092976545944,0.0006480027265790556,0.002511317851198316,0.5100705383384466,0.00492347168173823
4,iid,linear,0.005,3141,axis_0,0.45,0.295074462890625,0.29720815768556674,0.002133694794941743,0.007071893240899963,1.3601881022358575,0.005199202396547424
4,iid,linear,0.005,3141,axis_0,0.7,0.20086669921875,0.2037641352509022,0.002897436032152201,0.00723548739379758,0.8744066371516227,0.008274739790822222
4,iid,linear,0.005,3141,axis_0,0.95,0.1304931640625,0.13049481332680246,1.6492643024612619e-06,0.003648865269455809,0.6442996273748799,0.005663304950714724
4,iid,linear,0.005,3141,axis_0,1.2,0.07830810546875,0.07782434558402673,0.00048375988472326714,0.003392650205472098,0.5100705383384466,0.006651335355544445
4,iid,linear,0.005,3141,axis_3,0.45,0.259765625,0.26225914010653817,0.002493515106538169,0.007241469824556454,1.3601881022358575,0.005323873817638186
4,iid,linear,0.005,3141,axis_3,0.7,0.16180419921875,0.16109940308129078,0.0007047961374592182,0.004692278163781389,0.8744066371516227,0.005366242620328767
4,iid,linear,0.005,3141,axis_3,0.95,0.089874267578125,0.08955459636336105,0.0003196712147639502,0.0034163737006297655,0.6442996273748799,0.005302461084060164
4,iid,linear,0.005,3141,axis_3,1.2,0.045501708984375,0.04484301088518228,0.0006586980991927227,0.002915183539825444,0.5100705383384466,0.005715255676835691
4,iid,linear,0.005,3141,mean,0.45,0.260986328125,0.26246134653937636,0.0014750184143763612,0.006230190288534598,1.3601881022358575,0.004580388755271055
4,iid,linear,0.005,3141,mean,0.7,0.160980224609375,0.16133541967928666,0.0003551950699116624,0.004334465612321778,0.8744066371516227,0.00495703649556148
4,iid,linear,0.005,3141,mean,0.95,0.091827392578125,0.0897667235307733,0.002060669047351693,0.005187478595652733,0.6442996273748799,0.00805134501906897
4,iid,linear,0.005,3141,mean,1.2,0.044891357421875,0.044999631262410245,0.00010827384053524458,0.0023502906285174084,0.5100705383384466,0.004607775693482461
4,iid,linear,0.005,3141,alternating,0.45,0.2642822265625,0.26246134653937636,0.0018208800231236388,0.0065953009642525425,1.3601881022358575,0.0048488153612072345
4,iid,linear,0.005,3141,alternating,0.7,0.162139892578125,0.16133541967928666,0.0008044728988383376,0.004795289782554214,0.8744066371516227,0.005484050073287249
4,iid,linear,0.005,3141,alternating,0.95,0.09039306640625,0.0897667235307733,0.0006263428754766931,0.003731085074640763,0.6442996273748799,0.005790916083317653
4,iid,linear,0.005,3141,alternating,1.2,0.04534912109375,0.044999631262410245,0.0003494898313397554,0.0026023686376899706,0.5100705383384466,0.005101977946358516
4,iid,contractive,0.005,3141,axis_0,0.45,0.2830810546875,0.2846068247368555,0.0015257700493555015,0.006403542482993137,1.3601881022358575,0.004707835976852824
4,iid,contractive,0.005,3141,axis_0,0.7,0.185760498046875,0.18796029127403735,0.00219979322716235,0.006410779941420313,0.8744066371516227,0.00733157740236672
4,iid,contractive,0.005,3141,axis_0,0.95,0.115020751953125,0.11474657436629188,0.0002741775868331242,0.0037286819744667354,0.6442996273748799,0.0057871862966284715
4,iid,contractive,0.005,3141,axis_0,1.2,0.065673828125,0.06452065254973405,0.0011531755752659523,0.0038352852148774014,0.5100705383384466,0.0075191271140082555
4,iid,contractive,0.005,3141,axis_3,0.45,0.307281494140625,0.3099910034093183,0.0027095092686932887,0.007704994757838496,1.3601881022358575,0.005664653841018854
4,iid,contractive,0.005,3141,axis_3,0.7,0.220306396484375,0.2202460684564681,6.03280279068974e-05,0.004547850567968342,0.8744066371516227,0.0052010705028302994
4,iid,contractive,0.005,3141,axis_3,0.95,0.146759033203125,0.14758461028838432,0.0008255770852593214,0.004657081889966481,0.6442996273748799,0.00722813065862104
4,iid,contractive,0.005,3141,axis_3,1.2,0.093292236328125,0.09302821225967983,0.0002640240684451678,0.003413131834573003,0.5100705383384466,0.0066914898588169205
4,iid,contractive,0.005,3141,mean,0.45,0.318695068359375,0.3207645286368521,0.00206946027747712,0.007114789862616077,1.3601881022358575,0.005230739668227423
4,iid,contractive,0.005,3141,mean,0.7,0.2318115234375,0.23446916634829895,0.002657642910798952,0.00722676232470118,0.8744066371516227,0.008264761516726747
4,iid,contractive,0.005,3141,mean,0.95,0.1602783203125,0.16283987544579825,0.0025615551332982545,0.006533801514078657,0.6442996273748799,0.010140936353944256
4,iid,contractive,0.005,3141,mean,1.2,0.10577392578125,0.10721080139375283,0.0014368756125028304,0.004766874436353184,0.5100705383384466,0.009345520037054609
4,iid,contractive,0.005,3141,alternating,0.45,0.3214111328125,0.3207645286368521,0.0006466041756478802,0.005703277837096363,1.3601881022358575,0.004193006708205577
4,iid,contractive,0.005,3141,alternating,0.7,0.234375,0.23446916634829895,9.416634829895187e-05,0.004680807882094655,0.8744066371516227,0.005353124831419823
4,iid,contractive,0.005,3141,alternating,0.95,0.162994384765625,0.16283987544579825,0.00015450931982674554,0.004153787476963291,0.6442996273748799,0.006446981032547528
4,iid,contractive,0.005,3141,alternating,1.2,0.1058349609375,0.10721080139375283,0.0013758404562528304,0.004706686224087706,0.5100705383384466,0.00922752025517828
4,iid,sgd,0.005,5772,axis_0,0.45,0.268463134765625,0.2730088051737921,0.004545670408167113,0.009344016186199483,1.3601881022358575,0.006869649992409082
4,iid,sgd,0.005,5772,axis_0,0.7,0.171875,0.1738272400666594,0.0019522400666593942,0.006037177483013055,0.8744066371516227,0.0069043134241056825
4,iid,sgd,0.005,5772,axis_0,0.95,0.099456787109375,0.1012327333519929,0.0017759462426178985,0.0050163609551780045,0.6442996273748799,0.007785757964220086
4,iid,sgd,0.005,5772,axis_0,1.2,0.053375244140625,0.05370231816512683,0.00032707402450182776,0.0027609025115353765,0.5100705383384466,0.005412785691424188
4,iid,sgd,0.005,5772,axis_3,0.45,0.238677978515625,0.24053995263804717,0.001861974122422172,0.006477503030372986,1.3601881022358575,0.004762211211615041
4,iid,sgd,0.005,5772,axis_3,0.7,0.137054443359375,0.1365409844100126,0.0005134589493623887,0.004237113314627507,0.8744066371516227,0.004845701227097146
4,iid,sgd,0.005,5772,axis_3,0.95,0.06756591796875,0.0684521350827646,0.000886217114014598,0.0036039327581238274,0.6442996273748799,0.0055935664169287375
4,iid,sgd,0.005,5772,axis_3,1.2,0.029998779296875,0.03013285555817935,0.00013407626130435002,0.0019810853636522035,0.5100705383384466,0.003883943915101593
4,iid,sgd,0.005,5772,mean,0.45,0.23919677734375,0.24014102836435636,0.000944251020606357,0.00556321885315208,1.3601881022358575,0.0040900364030587695
4,iid,sgd,0.005,5772,mean,0.7,0.137908935546875,0.13610501592554702,0.0018039196213279762,0.005537314083109668,0.8744066371516227,0.0063326533077876146
4,iid,sgd,0.005,5772,mean,0.95,0.068695068359375,0.06809560300181894,0.0005994653575560616,0.0033381361823569262,0.6442996273748799,0.005181030751108384
4,iid,sgd,0.005,5772,mean,1.2,0.03057861328125,0.029900092976545944,0.0006785203047040556,0.0025427365811068556,0.5100705383384466,0.0049850685150132626
4,iid,sgd,0.005,5772,alternating,0.45,0.237213134765625,0.24014102836435636,0.002927893598731357,0.007533661760479548,1.3601881022358575,0.005538691117865113
4,iid,sgd,0.005,5772,alternating,0.7,0.13360595703125,0.13610501592554702,0.0024990588942970238,0.00618290724558652,0.8744066371516227,0.0070709747420574535
4,iid,sgd,0.005,5772,alternating,0.95,0.0662841796875,0.06809560300181894,0.0018114233143189384,0.00450508721133306,0.6442996273748799,0.0069922238348770855
4,iid,sgd,0.005,5772,alternating,1.2,0.029205322265625,0.029900092976545944,0.0006947707109209444,0.0025179349708173587,0.5100705383384466,0.004936444631794506
4,iid,linear,0.005,5772,axis_0,0.45,0.29248046875,0.29720815768556674,0.004727688935566743,0.009653171153411192,1.3601881022358575,0.007096938384877393
4,iid,linear,0.005,5772,axis_0,0.7,0.20135498046875,0.2037641352509022,0.002409154782152201,0.006751148450765536,0.8744066371516227,0.007720833950617512
4,iid,linear,0.005,5772,axis_0,0.95,0.12847900390625,0.13049481332680246,0.0020158094205524613,0.005638957727637181,0.6442996273748799,0.008752073550953966
4,iid,linear,0.005,5772,axis_0,1.2,0.07720947265625,0.07782434558402673,0.0006148729277767329,0.0035050068061749486,0.5100705383384466,0.006871611949187457
4,iid,linear,0.005,5772,axis_3,0.45,0.258209228515625,0.26225914010653817,0.004049911590913169,0.008788595026558755,1.3601881022358575,0.006461308558803146
4,iid,linear,0.005,5772,axis_3,0.7,0.161468505859375,0.16109940308129078,0.0003691027780842182,0.004353243839643412,0.8744066371516227,0.00497851188987322
4,iid,linear,0.005,5772,axis_3,0.95,0.088043212890625,0.08955459636336105,0.0015113834727360498,0.0045794599083016484,0.6442996273748799,0.00710765568336598
4,iid,linear,0.005,5772,axis_3,1.2,0.043426513671875,0.04484301088518228,0.0014164972133072773,0.003623321506135079,0.5100705383384466,0.007103569474798601
4,iid,linear,0.005,5772,mean,0.45,0.25970458984375,0.26246134653937636,0.002756756695626361,0.007504349301927364,1.3601881022358575,0.0055171408201496715
4,iid,linear,0.005,5772,mean,0.7,0.160919189453125,0.16133541967928666,0.0004162302261616624,0.0043948910404872634,0.8744066371516227,0.0050261409895098795
4,iid,linear,0.005,5772,mean,0.95,0.089813232421875,0.0897667235307733,4.6508891101693095e-05,0.003142263485546428,0.6442996273748799,0.004877022043841926
4,iid,linear,0.005,5772,mean,1.2,0.04559326171875,0.044999631262410245,0.0005936304563397554,0.0028522765330774537,0.5100705383384466,0.0055919256626127374
4,iid,linear,0.005,5772,alternating,0.45,0.260284423828125,0.26246134653937636,0.002176922711251361,0.006927950553067104,1.3601881022358575,0.005093376821690352
4,iid,linear,0.005,5772,alternating,0.7,0.157135009765625,0.16133541967928666,0.004200409913661662,0.008140866888235822,0.8744066371516227,0.009310161362400763
4,iid,linear,0.005,5772,alternating,0.95,0.088592529296875,0.0897667235307733,0.001174194233898307,0.004250899864871075,0.6442996273748799,0.0065977065394106265
4,iid,linear,0.005,5772,alternating,1.2,0.04339599609375,0.044999631262410245,0.0016036351686602446,0.003809719102122226,0.5100705383384466,0.007469004413649092
4,iid,contractive,0.005,5772,axis_0,0.45,0.27978515625,0.2846068247368555,0.0048216684868555015,0.009682096023809594,1.3601881022358575,0.007118203730715116
4,iid,contractive,0.005,5772,axis_0,0.7,0.18548583984375,0.18796029127403735,0.00247445143028735,0.006683033530059849,0.8744066371516227,0.007642935501759014
4,iid,contractive,0.005,5772,axis_0,0.95,0.11224365234375,0.11474657436629188,0.002502922022541876,0.005920818401492389,0.6442996273748799,0.009189541868301307
4,iid,contractive,0.005,5772,axis_0,1.2,0.064056396484375,0.06452065254973405,0.00046425606535904773,0.0031154237409552277,0.5100705383384466,0.0061078292251571945
4,iid,contractive,0.005,5772,axis_3,0.45,0.306365966796875,0.3099910034093183,0.0036250366124432887,0.008616369788101666,1.3601881022358575,0.006334689866745785
4,iid,contractive,0.005,5772,axis_3,0.7,0.217864990234375,0.2202460684564681,0.0023810782220931026,0.006850647677505687,0.8744066371516227,0.007834624517285978
4,iid,contractive,0.005,5772,axis_3,0.95,0.1451416015625,0.14758461028838432,0.0024430087258843214,0.006256951309371176,0.6442996273748799,0.009711244650046377
4,iid,contractive,0.005,5772,axis_3,1.2,0.088623046875,0.09302821225967983,0.004405165384679832,0.00748234936879622,0.5100705383384466,0.014669244362103236
4,iid,contractive,0.005,5772,mean,0.45,0.315582275390625,0.3207645286368521,0.00518225324622712,0.010214338953909717,1.3601881022358575,0.007509504705356218
4,iid,contractive,0.005,5772,mean,0.7,0.229522705078125,0.23446916634829895,0.004946461270173952,0.009499735981750019,0.8744066371516227,0.010864208456485856
4,iid,contractive,0.005,5772,mean,0.95,0.159515380859375,0.16283987544579825,0.0033244945864232545,0.007289075369777314,0.6442996273748799,0.011313176447852005
4,iid,contractive,0.005,5772,mean,1.2,0.104888916015625,0.10721080139375283,0.0023218853781278304,0.0056395644248293875,0.5100705383384466,0.011056440239030964
4,iid,contractive,0.005,5772,alternating,0.45,0.31768798828125,0.3207645286368521,0.00307654035560212,0.008117613623263319,1.3601881022358575,0.00596800810852536
4,iid,contractive,0.005,5772,alternating,0.7,0.22955322265625,0.23446916634829895,0.004915943692048952,0.009469430916182613,0.8744066371516227,0.010829550593336368
4,iid,contractive,0.005,5772,alternating,0.95,0.158843994140625,0.16283987544579825,0.0039958813051732545,0.007953689818904059,0.6442996273748799,0.01234470653244112
4,iid,contractive,0.005,5772,alternating,1.2,0.105499267578125,0.10721080139375283,0.0017115338156278304,0.005037717097917199,0.5100705383384466,0.009876510637778745
