claim,noise,model,alpha,seed,direction,threshold,empirical_tail,gaussian_tail,gap,gap_upper95,theorem_rate,normalized_upper
5,markov,sgd,0.08,1729,axis_0,0.45,0.347900390625,0.37247556690636774,0.02457517628136774,0.029732394783667876,1.8782496983989507,0.015829841372535416
5,markov,sgd,0.08,1729,axis_0,0.7,0.29119873046875,0.30641843457937845,0.015219704110628451,0.020138831685335066,1.2074462346850399,0.016678864123989955
5,markov,sgd,0.08,1729,axis_0,0.95,0.238525390625,0.24611934532395208,0.007593954698952077,0.012208470369393511,0.8896972255573977,0.013722050624295105
5,markov,sgd,0.08,1729,axis_0,1.2,0.191619873046875,0.19284038841101792,0.0012205153641429156,0.005481982976577173,0.7043436368996066,0.007783108541603175
5,markov,sgd,0.08,1729,axis_3,0.45,0.3287353515625,0.3521093892282766,0.023374037665776615,0.028460328585186784,1.8782496983989507,0.01515257987766313
5,markov,sgd,0.08,1729,axis_3,0.7,0.26409912109375,0.2774149081187677,0.013315787025017678,0.018089147609352745,1.2074462346850399,0.014981327606749518
5,markov,sgd,0.08,1729,axis_3,0.95,0.206787109375,0.21143708379782966,0.004649974422829661,0.00903515737166144,0.8896972255573977,0.010155317013606386
5,markov,sgd,0.08,1729,axis_3,1.2,0.157745361328125,0.15568504022228957,0.0020603211058354276,0.006006993775459513,0.7043436368996066,0.008528498677011146
5,markov,sgd,0.08,1729,mean,0.45,0.339691162109375,0.35185295863554567,0.012161796526170665,0.01728978195932663,1.8782496983989507,0.009205262736932533
5,markov,sgd,0.08,1729,mean,0.7,0.264923095703125,0.27705487468688905,0.012131778983764052,0.016909902842331306,1.2074462346850399,0.014004683899438573
5,markov,sgd,0.08,1729,mean,0.95,0.1993408203125,0.21101528766159028,0.011674467349090278,0.01600013419653002,0.8896972255573977,0.017983796888324445
5,markov,sgd,0.08,1729,mean,1.2,0.143798828125,0.15524515316610832,0.011446325041108318,0.015245564666776205,0.7043436368996066,0.021645066226315932
5,markov,sgd,0.08,1729,alternating,0.45,0.344696044921875,0.35185295863554567,0.007156913713670665,0.012302923983557533,1.8782496983989507,0.006550206819702799
5,markov,sgd,0.08,1729,alternating,0.7,0.268463134765625,0.27705487468688905,0.008591739921264052,0.013390085699296422,1.2074462346850399,0.011089591664335433
5,markov,sgd,0.08,1729,alternating,0.95,0.200927734375,0.21101528766159028,0.010087553286590278,0.014426097984838696,0.8896972255573977,0.01621461500658351
5,markov,sgd,0.08,1729,alternating,1.2,0.14300537109375,0.15524515316610832,0.012239782072358318,0.01603028056746468,0.7043436368996066,0.022759175674571405
5,markov,linear,0.08,1729,axis_0,0.45,0.36334228515625,0.38709788713505733,0.023755601978807328,0.02896325546144285,1.8782496983989507,0.015420343464519962
5,markov,linear,0.08,1729,axis_0,0.7,0.311004638671875,0.3276993408271379,0.01669470215526292,0.02170683630311437,1.2074462346850399,0.017977476495072725
5,markov,linear,0.08,1729,axis_0,0.95,0.262298583984375,0.2723706743188794,0.010072090334504402,0.014834967546512009,0.8896972255573977,0.01667417534905525
5,markov,linear,0.08,1729,axis_0,1.2,0.216156005859375,0.22212306122319458,0.0059670553638195845,0.010423921343794981,0.7043436368996066,0.014799482522024619
5,markov,linear,0.08,1729,axis_3,0.45,0.341400146484375,0.365836716895382,0.024436570411006997,0.029570782090555477,1.8782496983989507,0.01574379706583319
5,markov,linear,0.08,1729,axis_3,0.7,0.2816162109375,0.29687817417562234,0.015261963238122345,0.020132066739312348,1.2074462346850399,0.016673261434753457
5,markov,linear,0.08,1729,axis_3,0.95,0.2271728515625,0.2345633427670446,0.0073904912045446025,0.011927300285508712,0.8896972255573977,0.013406021669940834
5,markov,linear,0.08,1729,axis_3,1.2,0.179107666015625,0.18025311076634265,0.0011454447507176502,0.0052971956760976035,0.7043436368996066,0.007520754641037011
5,markov,linear,0.08,1729,mean,0.45,0.353302001953125,0.3659624897329099,0.012660487779784901,0.017836018744879917,1.8782496983989507,0.009496084977457266
5,markov,linear,0.08,1729,mean,0.7,0.285614013671875,0.2970581682216714,0.011444154549796415,0.016335038108893866,1.2074462346850399,0.01352858424636591
5,markov,linear,0.08,1729,mean,0.95,0.22235107421875,0.23478007531485945,0.012429001096109449,0.01693138484356787,0.8896972255573977,0.019030502014840286
5,markov,linear,0.08,1729,mean,1.2,0.16961669921875,0.1804873593037899,0.010870660085039896,0.014934201693276448,0.7043436368996066,0.021203005054484636
5,markov,linear,0.08,1729,alternating,0.45,0.360626220703125,0.3659624897329099,0.005336269029784901,0.010535476705376315,1.8782496983989507,0.005609199199849157
5,markov,linear,0.08,1729,alternating,0.7,0.289642333984375,0.2970581682216714,0.007415834237296415,0.012327181685230493,1.2074462346850399,0.01020930069689274
5,markov,linear,0.08,1729,alternating,0.95,0.2257080078125,0.23478007531485945,0.009072067502359449,0.013598509623835308,0.8896972255573977,0.015284423996394734
5,markov,linear,0.08,1729,alternating,1.2,0.169952392578125,0.1804873593037899,0.010534966725664896,0.014601705217622066,0.7043436368996066,0.020730939349287138
5,markov,contractive,0.08,1729,axis_0,0.45,0.35321044921875,0.37953609687796397,0.02632564765921397,0.03150087428989101,1.8782496983989507,0.016771398561513332
5,markov,contractive,0.08,1729,axis_0,0.7,0.298492431640625,0.3166497507581355,0.018157319117510506,0.023111980129567354,1.2074462346850399,0.01914120849910644
5,markov,contractive,0.08,1729,axis_0,0.95,0.2469482421875,0.25866180238214476,0.011713560194644757,0.01638280330621176,0.8896972255573977,0.018413908502353582
5,markov,contractive,0.08,1729,axis_0,1.2,0.200164794921875,0.20671712695869493,0.00655233203681993,0.010884698744185625,0.7043436368996066,0.015453676549273735
5,markov,contractive,0.08,1729,axis_3,0.45,0.3697509765625,0.39466305647493005,0.024912079912430052,0.03013895184710645,1.8782496983989507,0.01604629665203586
5,markov,contractive,0.08,1729,axis_3,0.7,0.31744384765625,0.33884318576627004,0.02139933811002004,0.026439375449013935,1.2074462346850399,0.021896938090920956
5,markov,contractive,0.08,1729,axis_3,0.95,0.268768310546875,0.2863570239956348,0.017588713448759785,0.02238878417683652,0.8896972255573977,0.025164498139026888
5,markov,contractive,0.08,1729,axis_3,1.2,0.22357177734375,0.23807901327402803,0.014507235930278028,0.019018416907230204,0.7043436368996066,0.02700161669798827
5,markov,contractive,0.08,1729,mean,0.45,0.37066650390625,0.40096418930337396,0.030297685397123963,0.03552722189749477,1.8782496983989507,0.018915068602315618
5,markov,contractive,0.08,1729,mean,0.7,0.317138671875,0.3481889555140353,0.03105028363903528,0.036089023817476425,1.2074462346850399,0.029888721154437307
5,markov,contractive,0.08,1729,mean,0.95,0.266571044921875,0.29820266550902386,0.031631620587148856,0.036419206901021024,0.8896972255573977,0.040934382905605096
5,markov,contractive,0.08,1729,mean,1.2,0.221038818359375,0.2517671280876175,0.030728309728242476,0.03522117387613769,0.7043436368996066,0.050005667732266224
5,markov,contractive,0.08,1729,alternating,0.45,0.394744873046875,0.40096418930337396,0.0062193162564989635,0.011511788528686815,1.8782496983989507,0.00612899793808014
5,markov,contractive,0.08,1729,alternating,0.7,0.337982177734375,0.3481889555140353,0.010206777779660281,0.015328462544227268,1.2074462346850399,0.012694944175485933
5,markov,contractive,0.08,1729,alternating,0.95,0.28326416015625,0.29820266550902386,0.014938505352773856,0.01981723192983512,0.8896972255573977,0.022274130300248572
5,markov,contractive,0.08,1729,alternating,1.2,0.234344482421875,0.2517671280876175,0.017422645665742476,0.022009079984543798,0.7043436368996066,0.031247645086173833
5,markov,sgd,0.08,2718,axis_0,0.45,0.34698486328125,0.37247556690636774,0.02549070362511774,0.0306447460948567,1.8782496983989507,0.016315586857795723
5,markov,sgd,0.08,2718,axis_0,0.7,0.2896728515625,0.30641843457937845,0.01674558301687845,0.021657083690535484,1.2074462346850399,0.017936271668597067
5,markov,sgd,0.08,2718,axis_0,0.95,0.2376708984375,0.24611934532395208,0.008448446886452077,0.013057273365354265,0.8896972255573977,0.014676086414874282
5,markov,sgd,0.08,2718,axis_0,1.2,0.190521240234375,0.19284038841101792,0.0023191481766429156,0.0065712683756554,0.7043436368996066,0.009329634047069603
5,markov,sgd,0.08,2718,axis_3,0.45,0.32958984375,0.3521093892282766,0.022519545478276615,0.02760920002978268,1.8782496983989507,0.014699430034950728
5,markov,sgd,0.08,2718,axis_3,0.7,0.265228271484375,0.2774149081187677,0.012186636634392678,0.016966519238140812,1.2074462346850399,0.014051573271555646
5,markov,sgd,0.08,2718,axis_3,0.95,0.210235595703125,0.21143708379782966,0.0012014880947046613,0.005613462725897197,0.8896972255573977,0.006309407925129077
5,markov,sgd,0.08,2718,axis_3,1.2,0.160614013671875,0.15568504022228957,0.004928973449585428,0.008904582572984654,0.7043436368996066,0.01264238378326383
5,markov,sgd,0.08,2718,mean,0.45,0.338623046875,0.35185295863554567,0.013229911760545665,0.0183539680145404,1.8782496983989507,0.009771846645409078
5,markov,sgd,0.08,2718,mean,0.7,0.26202392578125,0.27705487468688905,0.015030948905639052,0.019792217912941543,1.2074462346850399,0.016391800598975992
5,markov,sgd,0.08,2718,mean,0.95,0.19842529296875,0.21101528766159028,0.012589994692840278,0.01690818344122604,0.8896972255573977,0.01900442415186022
5,markov,sgd,0.08,2718,mean,1.2,0.1466064453125,0.15524515316610832,0.008638707853608318,0.012468562706440846,0.7043436368996066,0.017702385672603228
5,markov,sgd,0.08,2718,alternating,0.45,0.342987060546875,0.35185295863554567,0.008865898088670665,0.01400582488093539,1.8782496983989507,0.007456849263904673
5,markov,sgd,0.08,2718,alternating,0.7,0.267333984375,0.27705487468688905,0.009720890311889052,0.014512828564194412,1.2074462346850399,0.012019440822539031
5,markov,sgd,0.08,2718,alternating,0.95,0.20166015625,0.21101528766159028,0.009355131411590278,0.013699583938258427,0.8896972255573977,0.015398029289880724
5,markov,sgd,0.08,2718,alternating,1.2,0.146820068359375,0.15524515316610832,0.008425084806733318,0.012257249193838598,0.7043436368996066,0.017402370876512484
5,markov,linear,0.08,2718,axis_0,0.45,0.36077880859375,0.38709788713505733,0.026319078541307328,0.03151876547379686,1.8782496983989507,0.016780924017005806
5,markov,linear,0.08,2718,axis_0,0.7,0.30926513671875,0.3276993408271379,0.01843420410838792,0.023438607095743153,1.2074462346850399,0.019411719066610923
5,markov,linear,0.08,2718,axis_0,0.95,0.259246826171875,0.2723706743188794,0.013123848147004402,0.01786872110064172,0.8896972255573977,0.020084047232413162
5,markov,linear,0.08,2718,axis_0,1.2,0.21484375,0.22212306122319458,0.0072793112231945845,0.011726345859512162,0.7043436368996066,0.01664861474596323
5,markov,linear,0.08,2718,axis_3,0.45,0.343109130859375,0.365836716895382,0.022727586036006997,0.02786794981018236,1.8782496983989507,0.014837191154050198
5,markov,linear,0.08,2718,axis_3,0.7,0.28265380859375,0.29687817417562234,0.014224365581872345,0.019099907819484487,1.2074462346850399,0.015818433376842377
5,markov,linear,0.08,2718,axis_3,0.95,0.228668212890625,0.2345633427670446,0.0058951298764196025,0.010442440455808158,0.8896972255573977,0.011737072068833237
5,markov,linear,0.08,2718,axis_3,1.2,0.18353271484375,0.18025311076634265,0.00327960407740735,0.00747098605997587,0.7043436368996066,0.010607018603677321
5,markov,linear,0.08,2718,mean,0.45,0.35101318359375,0.3659624897329099,0.014949306139159901,0.0201171663228157,1.8782496983989507,0.010710592068756292
5,markov,linear,0.08,2718,mean,0.7,0.283203125,0.2970581682216714,0.013855043221671415,0.018733451861184892,1.2074462346850399,0.015514936668026034
5,markov,linear,0.08,2718,mean,0.95,0.22161865234375,0.23478007531485945,0.013161422971109449,0.017658501474204828,0.8896972255573977,0.019847765022692667
5,markov,linear,0.08,2718,mean,1.2,0.17041015625,0.1804873593037899,0.010077203053789896,0.014148291657145751,0.7043436368996066,0.020087200218665956
5,markov,linear,0.08,2718,alternating,0.45,0.35693359375,0.3659624897329099,0.009028895982909901,0.014216331694907568,1.8782496983989507,0.007568925317558039
5,markov,linear,0.08,2718,alternating,0.7,0.287200927734375,0.2970581682216714,0.009857240487296415,0.014756242140304968,1.2074462346850399,0.012221034540849851
5,markov,linear,0.08,2718,alternating,0.95,0.225311279296875,0.23478007531485945,0.009468796017984449,0.013992416762497527,0.8896972255573977,0.015727166906394745
5,markov,linear,0.08,2718,alternating,1.2,0.172698974609375,0.1804873593037899,0.007788384694414896,0.011881064463313308,0.7043436368996066,0.01686827826770979
5,markov,contractive,0.08,2718,axis_0,0.45,0.3519287109375,0.37953609687796397,0.02760738594046397,0.03277833005488683,1.8782496983989507,0.017451529518587222
5,markov,contractive,0.08,2718,axis_0,0.7,0.296600341796875,0.3166497507581355,0.020049408961260506,0.024994997758251244,1.2074462346850399,0.020700712826994854
5,markov,contractive,0.08,2718,axis_0,0.95,0.244964599609375,0.25866180238214476,0.013697202772769757,0.018353775873235282,0.8896972255573977,0.020629238066620464
5,markov,contractive,0.08,2718,axis_0,1.2,0.198822021484375,0.20671712695869493,0.00789510547431993,0.012216539112996815,0.7043436368996066,0.0173445722698253
5,markov,contractive,0.08,2718,axis_3,0.45,0.369659423828125,0.39466305647493005,0.025003632646805052,0.030230237016134004,1.8782496983989507,0.01609489784127357
5,markov,contractive,0.08,2718,axis_3,0.7,0.31768798828125,0.33884318576627004,0.02115519748502004,0.026196270752681237,1.2074462346850399,0.021695600185058745
5,markov,contractive,0.08,2718,axis_3,0.95,0.2703857421875,0.2863570239956348,0.015971281808134785,0.020780446538932178,0.8896972255573977,0.023356762213024965
5,markov,contractive,0.08,2718,axis_3,1.2,0.225830078125,0.23807901327402803,0.012248935149028028,0.016776244212784685,0.7043436368996066,0.023818266161430353
5,markov,contractive,0.08,2718,mean,0.45,0.37335205078125,0.40096418930337396,0.027612138522123963,0.03284937502074333,1.8782496983989507,0.01748935460963718
5,markov,contractive,0.08,2718,mean,0.7,0.31719970703125,0.3481889555140353,0.03098924848278528,0.03602824829339429,1.2074462346850399,0.02983838721629886
5,markov,contractive,0.08,2718,mean,0.95,0.2666015625,0.29820266550902386,0.031601103009023856,0.03638886375004439,0.8896972255573977,0.04090027787514642
5,markov,contractive,0.08,2718,mean,1.2,0.2200927734375,0.2517671280876175,0.031674354650117476,0.03616031538231487,0.7043436368996066,0.05133902471453572
5,markov,contractive,0.08,2718,alternating,0.45,0.389984130859375,0.40096418930337396,0.010980058443998963,0.01626116752587399,1.8782496983989507,0.008657617536015186
5,markov,contractive,0.08,2718,alternating,0.7,0.334228515625,0.3481889555140353,0.013960439889035281,0.019068023078951578,1.2074462346850399,0.01579202661882948
5,markov,contractive,0.08,2718,alternating,0.95,0.280792236328125,0.29820266550902386,0.017410429180898856,0.022276190876085948,0.8896972255573977,0.025037945759727252
5,markov,contractive,0.08,2718,alternating,1.2,0.2327880859375,0.2517671280876175,0.018979042150117476,0.02355486442164008,0.7043436368996066,0.03344229036457877
5,markov,sgd,0.08,3141,axis_0,0.45,0.35302734375,0.37247556690636774,0.01944822315636774,0.02462284049481032,1.8782496983989507,0.01310946064082918
5,markov,sgd,0.08,3141,axis_0,0.7,0.2958984375,0.30641843457937845,0.010519997079378451,0.015462194547141902,1.2074462346850399,0.012805700248156545
5,markov,sgd,0.08,3141,axis_0,0.95,0.24249267578125,0.24611934532395208,0.0036266695427020768,0.008267266328784516,0.8896972255573977,0.009292224468391537
5,markov,sgd,0.08,3141,axis_0,1.2,0.196685791015625,0.19284038841101792,0.0038454026046070844,0.008149284266920378,0.7043436368996066,0.011570040304178873
5,markov,sgd,0.08,3141,axis_3,0.45,0.32843017578125,0.3521093892282766,0.023679213447026615,0.02876429845045251,1.8782496983989507,0.015314416648101499
5,markov,sgd,0.08,3141,axis_3,0.7,0.2666015625,0.2774149081187677,0.010813345618767678,0.01560110635978821,1.2074462346850399,0.01292074620933969
5,markov,sgd,0.08,3141,axis_3,0.95,0.2091064453125,0.21143708379782966,0.0023306384853296613,0.006733893432394624,0.8896972255573977,0.007568747253511802
5,markov,sgd,0.08,3141,axis_3,1.2,0.16107177734375,0.15568504022228957,0.005386737121460428,0.009366921875122572,0.7043436368996066,0.01329879533852832
5,markov,sgd,0.08,3141,mean,0.45,0.337310791015625,0.35185295863554567,0.014542167619920665,0.01966135670028258,1.8782496983989507,0.010467914205998397
5,markov,sgd,0.08,3141,mean,0.7,0.26348876953125,0.27705487468688905,0.013566105155639052,0.018335923563287854,1.2074462346850399,0.015185706026960899
5,markov,sgd,0.08,3141,mean,0.95,0.200836181640625,0.21101528766159028,0.010179106020965278,0.014516910655513238,0.8896972255573977,0.016316686439500083
5,markov,sgd,0.08,3141,mean,1.2,0.144927978515625,0.15524515316610832,0.010317174650483318,0.014128785630341478,0.7043436368996066,0.020059506312194202
5,markov,sgd,0.08,3141,alternating,0.45,0.34466552734375,0.35185295863554567,0.007187431291795665,0.012333333574710243,1.8782496983989507,0.006566397207582873
5,markov,sgd,0.08,3141,alternating,0.7,0.27032470703125,0.27705487468688905,0.006730167655639052,0.011538990686724019,1.2074462346850399,0.009556525462795404
5,markov,sgd,0.08,3141,alternating,0.95,0.20367431640625,0.21101528766159028,0.007340971255340278,0.011701554674724427,0.8896972255573977,0.013152288597273494
5,markov,sgd,0.08,3141,alternating,1.2,0.147796630859375,0.15524515316610832,0.007448522306733318,0.011291209158085647,0.7043436368996066,0.016030824396721335
5,markov,linear,0.08,3141,axis_0,0.45,0.369293212890625,0.38709788713505733,0.017804674244432328,0.023030206334864856,1.8782496983989507,0.01226152537359445
5,markov,linear,0.08,3141,axis_0,0.7,0.314788818359375,0.3276993408271379,0.01291052246776292,0.017939190577059925,1.2074462346850399,0.014857134058428142
5,markov,linear,0.08,3141,axis_0,0.95,0.2659912109375,0.2723706743188794,0.006379463381379402,0.0111637300350465,0.8896972255573977,0.01254778559981728
5,markov,linear,0.08,3141,axis_0,1.2,0.221466064453125,0.22212306122319458,0.0006569967700695845,0.005152967465300238,0.7043436368996066,0.007315984975718202
5,markov,linear,0.08,3141,axis_3,0.45,0.34124755859375,0.365836716895382,0.024589158301631997,0.029722817085064232,1.8782496983989507,0.015824742104524454
5,markov,linear,0.08,3141,axis_3,0.7,0.2833251953125,0.29687817417562234,0.013552978863122345,0.01843202326750005,1.2074462346850399,0.015265295247127926
5,markov,linear,0.08,3141,axis_3,0.95,0.22802734375,0.2345633427670446,0.0065359990170446025,0.011078818993003975,0.8896972255573977,0.012452347466929622
5,markov,linear,0.08,3141,axis_3,1.2,0.181549072265625,0.18025311076634265,0.0012959614992823498,0.005469692388603064,0.7043436368996066,0.007765658837608957
5,markov,linear,0.08,3141,mean,0.45,0.352325439453125,0.3659624897329099,0.013637050279784901,0.018809324293026047,1.8782496983989507,0.010014283143002449
5,markov,linear,0.08,3141,mean,0.7,0.283905029296875,0.2970581682216714,0.013153138924796415,0.018035197195004855,1.2074462346850399,0.014936646185086083
5,markov,linear,0.08,3141,mean,0.95,0.2242431640625,0.23478007531485945,0.010536911252359449,0.015052906911932815,0.8896972255573977,0.016919134374620677
5,markov,linear,0.08,3141,mean,1.2,0.171234130859375,0.1804873593037899,0.009253228444414896,0.013332120379573355,0.7043436368996066,0.01892843163637985
5,markov,linear,0.08,3141,alternating,0.45,0.3594970703125,0.3659624897329099,0.006465419420409901,0.01166106289259725,1.8782496983989507,0.006208473187850008
5,markov,linear,0.08,3141,alternating,0.7,0.29095458984375,0.2970581682216714,0.006103578377921415,0.011021490173157272,1.2074462346850399,0.009127934525409496
5,markov,linear,0.08,3141,alternating,0.95,0.22869873046875,0.23478007531485945,0.006081344846109449,0.010628868889040988,0.8896972255573977,0.011946613503691634
5,markov,linear,0.08,3141,alternating,1.2,0.17425537109375,0.1804873593037899,0.006231988210039896,0.010339199728278424,0.7043436368996066,0.014679198031503079
5,markov,contractive,0.08,3141,axis_0,0.45,0.35955810546875,0.37953609687796397,0.01997799140921397,0.025173828339039396,1.8782496983989507,0.013402812395230496
5,markov,contractive,0.08,3141,axis_0,0.7,0.302764892578125,0.3166497507581355,0.013884858180010506,0.018859633654259886,1.2074462346850399,0.015619439700500939
5,markov,contractive,0.08,3141,axis_0,0.95,0.251556396484375,0.25866180238214476,0.0071054058977697565,0.01180357156514876,0.8896972255573977,0.01326695332533356
5,markov,contractive,0.08,3141,axis_0,1.2,0.205108642578125,0.20671712695869493,0.00160848438056993,0.005980452351404114,0.7043436368996066,0.008490816184169683
5,markov,contractive,0.08,3141,axis_3,0.45,0.368408203125,0.39466305647493005,0.026254853349930052,0.031477780762895716,1.8782496983989507,0.016759103323550573
5,markov,contractive,0.08,3141,axis_3,0.7,0.315582275390625,0.33884318576627004,0.02326091037564504,0.028292996083327637,1.2074462346850399,0.023432095997804665
5,markov,contractive,0.08,3141,axis_3,0.95,0.2684326171875,0.2863570239956348,0.017924406808134785,0.02272257993190075,0.8896972255573977,0.02553967718362277
5,markov,contractive,0.08,3141,axis_3,1.2,0.22406005859375,0.23807901327402803,0.014018954680278028,0.018533638914659707,0.7043436368996066,0.02631334755325034
5,markov,contractive,0.08,3141,mean,0.45,0.373504638671875,0.40096418930337396,0.027459550631498963,0.03269721944344824,1.8782496983989507,0.017408345371395434
5,markov,contractive,0.08,3141,mean,0.7,0.31884765625,0.3481889555140353,0.02934129926403528,0.03438727137695261,1.2074462346850399,0.028479339608792162
5,markov,contractive,0.08,3141,mean,0.95,0.268341064453125,0.29820266550902386,0.029861601055898856,0.03465925604303777,0.8896972255573977,0.03895623707416155
5,markov,contractive,0.08,3141,mean,1.2,0.22210693359375,0.2517671280876175,0.029660194493867476,0.034160812074034895,0.7043436368996066,0.048500206837112377
5,markov,contractive,0.08,3141,alternating,0.45,0.39422607421875,0.40096418930337396,0.0067381150846239635,0.012029374625426581,1.8782496983989507,0.006404566248928781
5,markov,contractive,0.08,3141,alternating,0.7,0.337371826171875,0.3481889555140353,0.010817129342160281,0.015936545779730395,1.2074462346850399,0.01319855520017205
5,markov,contractive,0.08,3141,alternating,0.95,0.284881591796875,0.29820266550902386,0.013321073712148856,0.01820818553514711,0.8896972255573977,0.02046559774730064
5,markov,contractive,0.08,3141,alternating,1.2,0.23443603515625,0.2517671280876175,0.017331092931367476,0.021918148795661396,0.7043436368996066,0.031118544482265968
5,markov,sgd,0.08,5772,axis_0,0.45,0.350921630859375,0.37247556690636774,0.02155393604699274,0.02672148669046484,1.8782496983989507,0.014226802066435923
5,markov,sgd,0.08,5772,axis_0,0.7,0.29205322265625,0.30641843457937845,0.014365211923128451,0.019288581184593385,1.2074462346850399,0.015974691568461246
5,markov,sgd,0.08,5772,axis_0,0.95,0.239471435546875,0.24611934532395208,0.006647909777077077,0.011268694416023784,0.8896972255573977,0.012665763242055652
5,markov,sgd,0.08,5772,axis_0,1.2,0.1922607421875,0.19284038841101792,0.0005796462235179156,0.004846541722450366,0.7043436368996066,0.0068809334940313615
5,markov,sgd,0.08,5772,axis_3,0.45,0.327850341796875,0.3521093892282766,0.024259047431401615,0.029341834488134034,1.8782496983989507,0.015621902941416932
5,markov,sgd,0.08,5772,axis_3,0.7,0.2640380859375,0.2774149081187677,0.013376822181267678,0.018149829077986346,1.2074462346850399,0.015031583648708545
5,markov,sgd,0.08,5772,axis_3,0.95,0.208282470703125,0.21143708379782966,0.0031546130947046613,0.007551472660272173,0.8896972255573977,0.008487688219485178
5,markov,sgd,0.08,5772,axis_3,1.2,0.160552978515625,0.15568504022228957,0.004867938293335428,0.008842936467792877,0.7043436368996066,0.012554861014600608
5,markov,sgd,0.08,5772,mean,0.45,0.33740234375,0.35185295863554567,0.014450614885545665,0.01957014496594286,1.8782496983989507,0.01041935211416499
5,markov,sgd,0.08,5772,mean,0.7,0.26220703125,0.27705487468688905,0.014847843436889052,0.01961018484734404,1.2074462346850399,0.016241041865072626
5,markov,sgd,0.08,5772,mean,0.95,0.19793701171875,0.21101528766159028,0.013078275942840278,0.017392461758130945,0.8896972255573977,0.019548742267049918
5,markov,sgd,0.08,5772,mean,1.2,0.14453125,0.15524515316610832,0.010713903166108318,0.014521176508529032,0.7043436368996066,0.020616607786007164
5,markov,sgd,0.08,5772,alternating,0.45,0.344970703125,0.35185295863554567,0.006882255510545665,0.01202923660662776,1.8782496983989507,0.006404492766260881
5,markov,sgd,0.08,5772,alternating,0.7,0.265533447265625,0.27705487468688905,0.011521427421264052,0.016303065839886968,1.2074462346850399,0.01350210499777623
5,markov,sgd,0.08,5772,alternating,0.95,0.19769287109375,0.21101528766159028,0.013322416567840278,0.01763459709240682,0.8896972255573977,0.01982089702635489
5,markov,sgd,0.08,5772,alternating,1.2,0.142608642578125,0.15524515316610832,0.012636510587983318,0.01642262363948739,0.7043436368996066,0.0233162092750306
5,markov,linear,0.08,5772,axis_0,0.45,0.364227294921875,0.38709788713505733,0.022870592213182328,0.028080958888750104,1.8782496983989507,0.014950599439833134
5,markov,linear,0.08,5772,axis_0,0.7,0.31158447265625,0.3276993408271379,0.01611486817088792,0.02112956100347704,1.2074462346850399,0.017499380424991468
5,markov,linear,0.08,5772,axis_0,0.95,0.262725830078125,0.2723706743188794,0.009644844240754402,0.014410218336911883,0.8896972255573977,0.016196766633597
5,markov,linear,0.08,5772,axis_0,1.2,0.216461181640625,0.22212306122319458,0.0056618795825695845,0.010121022326272596,0.7043436368996066,0.014369438149286772
5,markov,linear,0.08,5772,axis_3,0.45,0.341033935546875,0.365836716895382,0.024802781348506997,0.029935665083913727,1.8782496983989507,0.01593806462976214
5,markov,linear,0.08,5772,axis_3,0.7,0.280487060546875,0.29687817417562234,0.016391113628747345,0.021255262111462773,1.2074462346850399,0.017603485356850832
5,markov,linear,0.08,5772,axis_3,0.95,0.226593017578125,0.2345633427670446,0.007970325188919603,0.012503040153254354,0.8896972255573977,0.014053140544999638
5,markov,linear,0.08,5772,axis_3,1.2,0.180572509765625,0.18025311076634265,0.0003193989992823498,0.004484371955779411,0.7043436368996066,0.006366738791761939
5,markov,linear,0.08,5772,mean,0.45,0.353759765625,0.3659624897329099,0.012202724107909901,0.017379773629567316,1.8782496983989507,0.009253175253738683
5,markov,linear,0.08,5772,mean,0.7,0.282989501953125,0.2970581682216714,0.014068666268546415,0.018945961258259484,1.2074462346850399,0.015690935723694153
5,markov,linear,0.08,5772,mean,0.95,0.224090576171875,0.23478007531485945,0.010689499142984449,0.015204402035142506,0.8896972255573977,0.01708941154179379
5,markov,linear,0.08,5772,mean,1.2,0.170135498046875,0.1804873593037899,0.010351861256914896,0.014420341076173009,0.7043436368996066,0.020473445518225657
5,markov,linear,0.08,5772,alternating,0.45,0.3592529296875,0.3659624897329099,0.006709560045409901,0.011904428774288146,1.8782496983989507,0.006338043756607903
5,markov,linear,0.08,5772,alternating,0.7,0.2882080078125,0.2970581682216714,0.008850160409171415,0.01375427573429396,1.2074462346850399,0.011391211748556025
5,markov,linear,0.08,5772,alternating,0.95,0.2215576171875,0.23478007531485945,0.013222458127359449,0.017719093612904135,0.8896972255573977,0.01991586924619561
5,markov,linear,0.08,5772,alternating,1.2,0.168701171875,0.1804873593037899,0.011786187428789896,0.01584098089227576,0.7043436368996066,0.02249041527798121
5,markov,contractive,0.08,5772,axis_0,0.45,0.35565185546875,0.37953609687796397,0.02388424140921397,0.029067512629973487,1.8782496983989507,0.015475851083458758
5,markov,contractive,0.08,5772,axis_0,0.7,0.29888916015625,0.3166497507581355,0.017760590601885506,0.022717141007857315,1.2074462346850399,0.018814205018232583
5,markov,contractive,0.08,5772,axis_0,0.95,0.2471923828125,0.25866180238214476,0.011469419569644757,0.01614021286608157,0.8896972255573977,0.01814124221413603
5,markov,contractive,0.08,5772,axis_0,1.2,0.200439453125,0.20671712695869493,0.00627767383369493,0.010612267445775148,0.7043436368996066,0.015066889072056406
5,markov,contractive,0.08,5772,axis_3,0.45,0.3665771484375,0.39466305647493005,0.028085908037430052,0.03330338646025298,1.8782496983989507,0.01773107510073943
5,markov,contractive,0.08,5772,axis_3,0.7,0.31494140625,0.33884318576627004,0.02390177951627004,0.028931106176143653,1.2074462346850399,0.023960575092347926
5,markov,contractive,0.08,5772,axis_3,0.95,0.266357421875,0.2863570239956348,0.019999602120634785,0.024785966627758685,0.8896972255573977,0.027858878184351097
5,markov,contractive,0.08,5772,axis_3,1.2,0.222076416015625,0.23807901327402803,0.01600259725840303,0.020502993909748364,0.7043436368996066,0.02910936201539186
5,markov,contractive,0.08,5772,mean,0.45,0.37347412109375,0.40096418930337396,0.027490068209623963,0.03272765060345477,1.8782496983989507,0.017424547242761348
5,markov,contractive,0.08,5772,mean,0.7,0.317962646484375,0.3481889555140353,0.03022630902966028,0.03526854580613738,1.2074462346850399,0.02920920600273114
5,markov,contractive,0.08,5772,mean,0.95,0.26678466796875,0.29820266550902386,0.031417997540273856,0.03620680423196465,0.8896972255573977,0.04069564700427271
5,markov,contractive,0.08,5772,mean,1.2,0.220245361328125,0.2517671280876175,0.031521766759492476,0.03600884324587248,0.7043436368996066,0.0511239704022555
5,markov,contractive,0.08,5772,alternating,0.45,0.390533447265625,0.40096418930337396,0.010430742037748963,0.01571318917588236,1.8782496983989507,0.008365868068168214
5,markov,contractive,0.08,5772,alternating,0.7,0.333831787109375,0.3481889555140353,0.014357168404660281,0.019463240005852676,1.2074462346850399,0.016119342995781195
5,markov,contractive,0.08,5772,alternating,0.95,0.2808837890625,0.29820266550902386,0.017318876446523856,0.022185121563641916,0.8896972255573977,0.024935585867139103
5,markov,contractive,0.08,5772,alternating,1.2,0.2320556640625,0.2517671280876175,0.019711464025117476,0.024282262368131892,0.7043436368996066,0.03447502198645255
5,markov,sgd,0.04,1729,axis_0,0.45,0.353363037109375,0.37247556690636774,0.01911252979699274,0.024288263536280462,1.7830133530497683,0.013622031206180494
5,markov,sgd,0.04,1729,axis_0,0.7,0.2935791015625,0.30641843457937845,0.012839333016878451,0.01777022446487236,1.1462228698177084,0.015503289048576112
5,markov,sgd,0.04,1729,axis_0,0.95,0.238250732421875,0.24611934532395208,0.007868612902077077,0.012481302692879805,0.8445852724972588,0.014778025498805173
5,markov,sgd,0.04,1729,axis_0,1.2,0.1898193359375,0.19284038841101792,0.0030210524735179156,0.007267172494111862,0.6686300073936632,0.01086875015143201
5,markov,sgd,0.04,1729,axis_3,0.45,0.33428955078125,0.3521093892282766,0.017819838447026615,0.022927653828709555,1.7830133530497683,0.012858935570781218
5,markov,sgd,0.04,1729,axis_3,0.7,0.266937255859375,0.2774149081187677,0.010477652259392678,0.015267329775275555,1.1462228698177084,0.013319686927642285
5,markov,sgd,0.04,1729,axis_3,0.95,0.209381103515625,0.21143708379782966,0.0020559802822046613,0.006461360944849766,0.8445852724972588,0.0076503357982372795
5,markov,sgd,0.04,1729,axis_3,1.2,0.15545654296875,0.15568504022228957,0.0002284972535395724,0.0041517528915421004,0.6686300073936632,0.006209342754037826
5,markov,sgd,0.04,1729,mean,0.45,0.342071533203125,0.35185295863554567,0.009781425432420665,0.014918062834817539,1.7830133530497683,0.008366770113808082
5,markov,sgd,0.04,1729,mean,0.7,0.269927978515625,0.27705487468688905,0.007126896171264052,0.011933495347345772,1.1462228698177084,0.010411147484122035
5,markov,sgd,0.04,1729,mean,0.95,0.204864501953125,0.21101528766159028,0.006150785708465278,0.010520821875431203,0.8445852724972588,0.012456790590633168
5,markov,sgd,0.04,1729,mean,1.2,0.14874267578125,0.15524515316610832,0.006502477384858318,0.010355302796028185,0.6686300073936632,0.015487343794804273
5,markov,sgd,0.04,1729,alternating,0.45,0.3502197265625,0.35185295863554567,0.001633232073045665,0.006798402638371573,1.7830133530497683,0.0038128725321900678
5,markov,sgd,0.04,1729,alternating,0.7,0.274169921875,0.27705487468688905,0.002884952811889052,0.007715079130161306,1.1462228698177084,0.006730871746947684
5,markov,sgd,0.04,1729,alternating,0.95,0.2060546875,0.21101528766159028,0.004960600161590278,0.0093400307528307,0.8445852724972588,0.011058718470444338
5,markov,sgd,0.04,1729,alternating,1.2,0.1512451171875,0.15524515316610832,0.004000035978608318,0.007879421388630204,0.6686300073936632,0.011784426815279185
5,markov,linear,0.04,1729,axis_0,0.45,0.36669921875,0.38709788713505733,0.020398668385057328,0.02561651259455539,1.7830133530497683,0.014366977426579244
5,markov,linear,0.04,1729,axis_0,0.7,0.3133544921875,0.3276993408271379,0.01434484863963792,0.019367295587303913,1.1462228698177084,0.016896622897067153
5,markov,linear,0.04,1729,axis_0,0.95,0.26220703125,0.2723706743188794,0.010163643068879402,0.014925984479334391,0.8445852724972588,0.017672560682003645
5,markov,linear,0.04,1729,axis_0,1.2,0.217498779296875,0.22212306122319458,0.0046242819263195845,0.009091138702854353,0.6686300073936632,0.01359666572293374
5,markov,linear,0.04,1729,axis_3,0.45,0.347412109375,0.365836716895382,0.018424607520381997,0.02358013475409476,1.7830133530497683,0.013224878385662086
5,markov,linear,0.04,1729,axis_3,0.7,0.283935546875,0.29687817417562234,0.012942627300622345,0.017824843920172834,1.1462228698177084,0.01555094073721251
5,markov,linear,0.04,1729,axis_3,0.95,0.22723388671875,0.2345633427670446,0.0073294560482946025,0.011866695368654487,0.8445852724972588,0.014050322394998904
5,markov,linear,0.04,1729,axis_3,1.2,0.177825927734375,0.18025311076634265,0.00242718303196765,0.006567280197915369,0.6686300073936632,0.009821994414391891
5,markov,linear,0.04,1729,mean,0.45,0.35516357421875,0.3659624897329099,0.010798915514159901,0.015980589604587814,1.7830133530497683,0.008962686441609479
5,markov,linear,0.04,1729,mean,0.7,0.288543701171875,0.2970581682216714,0.008514467049796415,0.013420280361770981,1.1462228698177084,0.011708264348193732
5,markov,linear,0.04,1729,mean,0.95,0.228729248046875,0.23478007531485945,0.006050827267984449,0.010598564740430727,0.8445852724972588,0.012548839158766086
5,markov,linear,0.04,1729,mean,1.2,0.174072265625,0.1804873593037899,0.006415093678789896,0.0105206018394499,0.6686300073936632,0.015734564292828365
5,markov,linear,0.04,1729,alternating,0.45,0.364044189453125,0.3659624897329099,0.0019183002797849014,0.007128107167091881,1.7830133530497683,0.003997786755157811
5,markov,linear,0.04,1729,alternating,0.7,0.294586181640625,0.2970581682216714,0.0024719865810464148,0.007407806097818913,1.1462228698177084,0.006462797325791473
5,markov,linear,0.04,1729,alternating,0.95,0.231475830078125,0.23478007531485945,0.003304245236734449,0.00787105261685351,0.8445852724972588,0.009319429160279438
5,markov,linear,0.04,1729,alternating,1.2,0.17718505859375,0.1804873593037899,0.003302300710039896,0.007436541207458245,0.6686300073936632,0.011122057229297967
5,markov,contractive,0.04,1729,axis_0,0.45,0.358917236328125,0.37953609687796397,0.02061886054983897,0.025812661621155863,1.7830133530497683,0.014476987273821818
5,markov,contractive,0.04,1729,axis_0,0.7,0.30126953125,0.3166497507581355,0.015380219508135506,0.02034801318623961,1.1462228698177084,0.017752231020722604
5,markov,contractive,0.04,1729,axis_0,0.95,0.2484130859375,0.25866180238214476,0.010248716444644757,0.014927230556920605,0.8445852724972588,0.017674036054149942
5,markov,contractive,0.04,1729,axis_0,1.2,0.200927734375,0.20671712695869493,0.00578939258369493,0.010127937281943347,0.6686300073936632,0.015147296965361014
5,markov,contractive,0.04,1729,axis_3,0.45,0.374725341796875,0.39466305647493005,0.019937714678055052,0.0251788219637838,1.7830133530497683,0.014121499382333003
5,markov,contractive,0.04,1729,axis_3,0.7,0.32098388671875,0.33884318576627004,0.01785929904752004,0.02291420127478297,1.1462228698177084,0.019991052244863312
5,markov,contractive,0.04,1729,axis_3,0.95,0.269500732421875,0.2863570239956348,0.016856291573759785,0.021660490382433076,0.8445852724972588,0.025646303680370387
5,markov,contractive,0.04,1729,axis_3,1.2,0.22467041015625,0.23807901327402803,0.013408603117778028,0.017927653906913903,0.6686300073936632,0.026812517698385024
5,markov,contractive,0.04,1729,mean,0.45,0.3804931640625,0.40096418930337396,0.020471025240873963,0.02572789944629622,1.7830133530497683,0.014429448552524716
5,markov,contractive,0.04,1729,mean,0.7,0.326751708984375,0.3481889555140353,0.02143724652966028,0.026515655445829497,1.1462228698177084,0.023133071363378454
5,markov,contractive,0.04,1729,mean,0.95,0.276519775390625,0.29820266550902386,0.021682890118398856,0.02652581278307368,0.8445852724972588,0.031406908984622124
5,markov,contractive,0.04,1729,mean,1.2,0.23150634765625,0.2517671280876175,0.020260780431367476,0.024827798164278186,0.6686300073936632,0.03713234208715456
5,markov,contractive,0.04,1729,alternating,0.45,0.397216796875,0.40096418930337396,0.0037473924283739635,0.0090455574039757,1.7830133530497683,0.005073185452315126
5,markov,contractive,0.04,1729,alternating,0.7,0.344573974609375,0.3481889555140353,0.003614980904660281,0.008760559085745516,1.1462228698177084,0.007642980537579718
5,markov,contractive,0.04,1729,alternating,0.95,0.288970947265625,0.29820266550902386,0.009231718243398856,0.014139687886814793,0.8445852724972588,0.016741575240835953
5,markov,contractive,0.04,1729,alternating,1.2,0.239501953125,0.2517671280876175,0.012265174962617476,0.016886161306709092,0.6686300073936632,0.025254866099312205
5,markov,sgd,0.04,2718,axis_0,0.45,0.355804443359375,0.37247556690636774,0.01667112354699274,0.021854892664267843,1.7830133530497683,0.012257279300172364
5,markov,sgd,0.04,2718,axis_0,0.7,0.29583740234375,0.30641843457937845,0.010581032235628451,0.015522934142871914,1.1462228698177084,0.013542684020377845
5,markov,sgd,0.04,2718,axis_0,0.95,0.241851806640625,0.24611934532395208,0.004267538683327077,0.008903959254230986,0.8445852724972588,0.010542404117353212
5,markov,sgd,0.04,2718,axis_0,1.2,0.196044921875,0.19284038841101792,0.0032045334639820844,0.0075031112883191,0.6686300073936632,0.011221619139659045
5,markov,sgd,0.04,2718,axis_3,0.45,0.3310546875,0.3521093892282766,0.021054701728276615,0.026150078255414058,1.7830133530497683,0.014666226818035583
5,markov,sgd,0.04,2718,axis_3,0.7,0.264801025390625,0.2774149081187677,0.012613882728142678,0.017391302267427133,1.1462228698177084,0.015172705697446946
5,markov,sgd,0.04,2718,axis_3,0.95,0.20574951171875,0.21143708379782966,0.005687572079079661,0.01006459938281374,0.8445852724972588,0.011916617197284133
5,markov,sgd,0.04,2718,axis_3,1.2,0.155120849609375,0.15568504022228957,0.0005641906129145724,0.004483986814180048,0.6686300073936632,0.006706230298665091
5,markov,sgd,0.04,2718,mean,0.45,0.347320556640625,0.35185295863554567,0.004532401994920665,0.009687611450386274,1.7830133530497683,0.005433280369895171
5,markov,sgd,0.04,2718,mean,0.7,0.269805908203125,0.27705487468688905,0.007248966483764052,0.012054880417299008,1.1462228698177084,0.010517047543481817
5,markov,sgd,0.04,2718,mean,0.95,0.20452880859375,0.21101528766159028,0.006486479067840278,0.0108538549967615,0.8445852724972588,0.012851106158492394
5,markov,sgd,0.04,2718,mean,1.2,0.15167236328125,0.15524515316610832,0.0035727898848583184,0.007456672885254716,0.6686300073936632,0.011152166075107842
5,markov,sgd,0.04,2718,alternating,0.45,0.34716796875,0.35185295863554567,0.004684989885545665,0.009839669243430934,1.7830133530497683,0.00551856172394929
5,markov,sgd,0.04,2718,alternating,0.7,0.271209716796875,0.27705487468688905,0.005845157890014052,0.010658924313047383,1.1462228698177084,0.009299172607455079
5,markov,sgd,0.04,2718,alternating,0.95,0.203399658203125,0.21101528766159028,0.007615629458465278,0.011974023151935924,0.8445852724972588,0.01417739989300463
5,markov,sgd,0.04,2718,alternating,1.2,0.1484375,0.15524515316610832,0.006807653166108318,0.010657213969699628,0.6686300073936632,0.01593888077390023
5,markov,linear,0.04,2718,axis_0,0.45,0.371429443359375,0.38709788713505733,0.015668443775682328,0.020900185362913028,1.7830133530497683,0.011721833337458833
5,markov,linear,0.04,2718,axis_0,0.7,0.317169189453125,0.3276993408271379,0.01053015137401292,0.015569021381044473,1.1462228698177084,0.013582891941006656
5,markov,linear,0.04,2718,axis_0,0.95,0.264892578125,0.2723706743188794,0.007478096193879402,0.012256044016637196,0.8445852724972588,0.01451131628236742
5,markov,linear,0.04,2718,axis_0,1.2,0.220062255859375,0.22212306122319458,0.0020608053638195845,0.006546542838856049,0.6686300073936632,0.009790979714438243
5,markov,linear,0.04,2718,axis_3,0.45,0.34417724609375,0.365836716895382,0.021659470801631997,0.02680364209810132,1.7830133530497683,0.01503277698523953
5,markov,linear,0.04,2718,axis_3,0.7,0.280517578125,0.29687817417562234,0.016360596050622345,0.02122490597966789,1.1462228698177084,0.018517259198504242
5,markov,linear,0.04,2718,axis_3,0.95,0.226470947265625,0.2345633427670446,0.008092395501419603,0.012624246966899212,0.8445852724972588,0.014947273387294574
5,markov,linear,0.04,2718,axis_3,1.2,0.17694091796875,0.18025311076634265,0.00331219279759265,0.007444196934454323,0.6686300073936632,0.011133507099796481
5,markov,linear,0.04,2718,mean,0.45,0.36395263671875,0.3659624897329099,0.0020098530141599014,0.007219379701837258,1.7830133530497683,0.00404897680070024
5,markov,linear,0.04,2718,mean,0.7,0.291900634765625,0.2970581682216714,0.005157533456046415,0.010080146816873251,1.1462228698177084,0.008794229361761352
5,markov,linear,0.04,2718,mean,0.95,0.22918701171875,0.23478007531485945,0.005593063596109449,0.010143998431141206,0.8445852724972588,0.012010626708120972
5,markov,linear,0.04,2718,mean,1.2,0.177642822265625,0.1804873593037899,0.002844537038164896,0.006982962903236887,0.6686300073936632,0.010443687579109191
5,markov,linear,0.04,2718,alternating,0.45,0.361846923828125,0.3659624897329099,0.004115565904784901,0.009318591710116286,1.7830133530497683,0.0052263162775406215
5,markov,linear,0.04,2718,alternating,0.7,0.28985595703125,0.2970581682216714,0.007202211190421415,0.012114630651298064,1.1462228698177084,0.010569175480877236
5,markov,linear,0.04,2718,alternating,0.95,0.228302001953125,0.23478007531485945,0.006478073361734449,0.01102281972265804,0.8445852724972588,0.013051162602049537
5,markov,linear,0.04,2718,alternating,1.2,0.1737060546875,0.1804873593037899,0.006781304616289896,0.010883401065266928,0.6686300073936632,0.01627716516596481
5,markov,contractive,0.04,2718,axis_0,0.45,0.3626708984375,0.37953609687796397,0.01686519844046397,0.022070780928769792,1.7830133530497683,0.012378359865347426
5,markov,contractive,0.04,2718,axis_0,0.7,0.304840087890625,0.3166497507581355,0.011809662867510506,0.016794024022966456,1.1462228698177084,0.01465162183130871
5,markov,contractive,0.04,2718,axis_0,0.95,0.25048828125,0.25866180238214476,0.008173521132144757,0.012865046014583287,0.8445852724972588,0.015232382606606537
5,markov,contractive,0.04,2718,axis_0,1.2,0.206146240234375,0.20671712695869493,0.00057088672431993,0.004951037558599653,0.6686300073936632,0.007404749269179413
5,markov,contractive,0.04,2718,axis_3,0.45,0.37396240234375,0.39466305647493005,0.020700654131180052,0.025939616542936847,1.7830133530497683,0.014548189725314305
5,markov,contractive,0.04,2718,axis_3,0.7,0.319091796875,0.33884318576627004,0.01975138889127004,0.02479838775354191,1.1462228698177084,0.021634874339477948
5,markov,contractive,0.04,2718,axis_3,0.95,0.268890380859375,0.2863570239956348,0.017466643136259785,0.022267403034002993,0.8445852724972588,0.02636489619119574
5,markov,contractive,0.04,2718,axis_3,1.2,0.224090576171875,0.23807901327402803,0.013988437102153028,0.018503339994311085,0.6686300073936632,0.02767351119408711
5,markov,contractive,0.04,2718,mean,0.45,0.3876953125,0.40096418930337396,0.013268876803373963,0.018544334818398137,1.7830133530497683,0.010400558574998242
5,markov,contractive,0.04,2718,mean,0.7,0.333953857421875,0.3481889555140353,0.014235098092160281,0.01934163523009736,1.1462228698177084,0.01687423601412995
5,markov,contractive,0.04,2718,mean,0.95,0.284271240234375,0.29820266550902386,0.013931425274648856,0.01881538192263049,0.8445852724972588,0.022277658082999023
5,markov,contractive,0.04,2718,mean,1.2,0.23681640625,0.2517671280876175,0.014950721837617476,0.019553833497210675,0.6686300073936632,0.029244624502319325
5,markov,contractive,0.04,2718,alternating,0.45,0.3958740234375,0.40096418930337396,0.0050901658658739635,0.010385256052786555,1.7830133530497683,0.005824553156050693
5,markov,contractive,0.04,2718,alternating,0.7,0.339935302734375,0.3481889555140353,0.008253652779660281,0.013382532226690981,1.1462228698177084,0.011675331716962946
5,markov,contractive,0.04,2718,alternating,0.95,0.2872314453125,0.29820266550902386,0.010971220196523856,0.01587037724429847,0.8445852724972588,0.01879073405740683
5,markov,contractive,0.04,2718,alternating,1.2,0.23883056640625,0.2517671280876175,0.012936561681367476,0.017553103013172897,0.6686300073936632,0.026252341084115175
5,markov,sgd,0.04,3141,axis_0,0.45,0.355255126953125,0.37247556690636774,0.01722043995324274,0.022402413953970867,1.7830133530497683,0.01256435568227938
5,markov,sgd,0.04,3141,axis_0,0.7,0.29345703125,0.30641843457937845,0.012961403329378451,0.01789169546219745,1.1462228698177084,0.015609264073611519
5,markov,sgd,0.04,3141,axis_0,0.95,0.2396240234375,0.24611934532395208,0.006495321886452077,0.011117114726855663,0.8445852724972588,0.013162809119302687
5,markov,sgd,0.04,3141,axis_0,1.2,0.191558837890625,0.19284038841101792,0.0012815505203929156,0.005542500241276336,0.6686300073936632,0.00828933816907372
5,markov,sgd,0.04,3141,axis_3,0.45,0.33404541015625,0.3521093892282766,0.018063979072026615,0.023170865110183268,1.7830133530497683,0.012995340203454164
5,markov,sgd,0.04,3141,axis_3,0.7,0.26837158203125,0.2774149081187677,0.009043326087517678,0.013841153815840041,1.1462228698177084,0.012075447262748557
5,markov,sgd,0.04,3141,axis_3,0.95,0.209625244140625,0.21143708379782966,0.0018118396572046613,0.006219107299465401,0.8445852724972588,0.007363504316238933
5,markov,sgd,0.04,3141,axis_3,1.2,0.158538818359375,0.15568504022228957,0.0028537781370854276,0.006808500095274673,0.6686300073936632,0.010182761796489482
5,markov,sgd,0.04,3141,mean,0.45,0.342529296875,0.35185295863554567,0.009323661760545665,0.014461946511643096,1.7830133530497683,0.00811095805138338
5,markov,sgd,0.04,3141,mean,0.7,0.269287109375,0.27705487468688905,0.007767765311889052,0.012570761816151858,1.1462228698177084,0.010967118304096543
5,markov,sgd,0.04,3141,mean,0.95,0.20758056640625,0.21101528766159028,0.0034347212553402784,0.007826111260597112,0.8445852724972588,0.009266218007161039
5,markov,sgd,0.04,3141,mean,1.2,0.15521240234375,0.15524515316610832,3.275082235831839e-05,0.00395349114326474,0.6686300073936632,0.005912823384453757
5,markov,sgd,0.04,3141,alternating,0.45,0.347015380859375,0.35185295863554567,0.004837577776170665,0.009991726452358907,1.7830133530497683,0.005603842750402562
5,markov,sgd,0.04,3141,alternating,0.7,0.272186279296875,0.27705487468688905,0.004868595390014052,0.009687788593181352,1.1462228698177084,0.00845192400909089
5,markov,sgd,0.04,3141,alternating,0.95,0.207794189453125,0.21101528766159028,0.0032210982084652784,0.007614154975226628,0.8445852724972588,0.009015258995356613
5,markov,sgd,0.04,3141,alternating,1.2,0.15008544921875,0.15524515316610832,0.005159703947358318,0.009026827349421089,0.6686300073936632,0.013500481955046995
5,markov,linear,0.04,3141,axis_0,0.45,0.371612548828125,0.38709788713505733,0.015485338306932328,0.020717607036042376,1.7830133530497683,0.011619434594029143
5,markov,linear,0.04,3141,axis_0,0.7,0.315277099609375,0.3276993408271379,0.01242224121776292,0.01745301447555782,1.1462228698177084,0.015226545321272026
5,markov,linear,0.04,3141,axis_0,0.95,0.263916015625,0.2723706743188794,0.008454658693879402,0.01322695786218063,0.8445852724972588,0.015660890963764183
5,markov,linear,0.04,3141,axis_0,1.2,0.2164306640625,0.22212306122319458,0.0056923971606945845,0.01015131239052987,0.6686300073936632,0.015182256671518445
5,markov,linear,0.04,3141,axis_3,0.45,0.35003662109375,0.365836716895382,0.015800095801631997,0.02096464345733044,1.7830133530497683,0.011757984549847207
5,markov,linear,0.04,3141,axis_3,0.7,0.285491943359375,0.29687817417562234,0.011386230816247345,0.01627648684775975,1.1462228698177084,0.014200106520600405
5,markov,linear,0.04,3141,axis_3,0.95,0.23052978515625,0.2345633427670446,0.0040335576107946025,0.00859382736617199,0.8445852724972588,0.010175203908969277
5,markov,linear,0.04,3141,axis_3,1.2,0.1802978515625,0.18025311076634265,4.474079615734983e-05,0.004207242424458906,0.6686300073936632,0.006292332647257105
5,markov,linear,0.04,3141,mean,0.45,0.357574462890625,0.3659624897329099,0.008388026842284901,0.013577529629030874,1.7830133530497683,0.007614934350215094
5,markov,linear,0.04,3141,mean,0.7,0.2896728515625,0.2970581682216714,0.007385316659171415,0.012296817332828447,1.1462228698177084,0.010728120731689897
5,markov,linear,0.04,3141,mean,0.95,0.228912353515625,0.23478007531485945,0.005867721799234449,0.010416739134444191,0.8445852724972588,0.012333555265111493
5,markov,linear,0.04,3141,mean,1.2,0.178131103515625,0.1804873593037899,0.002356255788164896,0.006499134848902716,0.6686300073936632,0.009720076540142895
5,markov,linear,0.04,3141,alternating,0.45,0.361236572265625,0.3659624897329099,0.004725917467284901,0.009927038756619738,1.7830133530497683,0.005567562766504223
5,markov,linear,0.04,3141,alternating,0.7,0.29296875,0.2970581682216714,0.004089418221671415,0.009017308819882596,1.1462228698177084,0.0078669768832275
5,markov,linear,0.04,3141,alternating,0.95,0.232025146484375,0.23478007531485945,0.002754928830484449,0.007325517424697077,0.8445852724972588,0.008673508363503762
5,markov,linear,0.04,3141,alternating,1.2,0.177459716796875,0.1804873593037899,0.003027642506914896,0.007164395445706019,0.6686300073936632,0.010715037264978602
5,markov,contractive,0.04,3141,axis_0,0.45,0.361480712890625,0.37953609687796397,0.01805538398733897,0.023257268174241393,1.7830133530497683,0.01304379921466142
5,markov,contractive,0.04,3141,axis_0,0.7,0.30255126953125,0.3166497507581355,0.014098481226885506,0.01907226312867195,1.1462228698177084,0.016639227527980787
5,markov,contractive,0.04,3141,axis_0,0.95,0.249847412109375,0.25866180238214476,0.008814390272769757,0.013501912472376913,0.8445852724972588,0.01598644081544855
5,markov,contractive,0.04,3141,axis_0,1.2,0.2012939453125,0.20671712695869493,0.00542318164619493,0.009764683074295948,0.6686300073936632,0.014604015623467052
5,markov,contractive,0.04,3141,axis_3,0.45,0.37841796875,0.39466305647493005,0.016245087724930052,0.021496380167381826,1.7830133530497683,0.012056208177360637
5,markov,contractive,0.04,3141,axis_3,0.7,0.324676513671875,0.33884318576627004,0.014166672094395039,0.01923672472648433,1.1462228698177084,0.01678270887191745
5,markov,contractive,0.04,3141,axis_3,0.95,0.275634765625,0.2863570239956348,0.010722258370634785,0.015560381312250252,0.8445852724972588,0.018423694822716382
5,markov,contractive,0.04,3141,axis_3,1.2,0.22918701171875,0.23807901327402803,0.008892001555278028,0.013442936390309785,0.6686300073936632,0.020105194564495683
5,markov,contractive,0.04,3141,mean,0.45,0.385406494140625,0.40096418930337396,0.015557695162748963,0.020827379505521736,1.7830133530497683,0.011681000296434905
5,markov,contractive,0.04,3141,mean,0.7,0.332489013671875,0.3481889555140353,0.01569994184216028,0.020800867131480348,1.1462228698177084,0.01814731469699994
5,markov,contractive,0.04,3141,mean,0.95,0.281036376953125,0.29820266550902386,0.017166288555898856,0.02203333882086334,0.8445852724972588,0.026087761103997763
5,markov,contractive,0.04,3141,mean,1.2,0.234954833984375,0.2517671280876175,0.016812294103242476,0.021402866425694722,0.6686300073936632,0.03201002974593324
5,markov,contractive,0.04,3141,alternating,0.45,0.399505615234375,0.40096418930337396,0.0014585740689989635,0.006761884179166981,1.7830133530497683,0.0037923912165890774
5,markov,contractive,0.04,3141,alternating,0.7,0.34515380859375,0.3481889555140353,0.003035146920285281,0.00818277417762963,1.1462228698177084,0.007138903256162558
5,markov,contractive,0.04,3141,alternating,0.95,0.291107177734375,0.29820266550902386,0.0070954877746488565,0.01201415963375543,0.8445852724972588,0.014224922011997815
5,markov,contractive,0.04,3141,alternating,1.2,0.2430419921875,0.2517671280876175,0.008725135900117476,0.013369301058169927,0.6686300073936632,0.019995065896434717
5,markov,sgd,0.04,5772,axis_0,0.45,0.35430908203125,0.37247556690636774,0.01816648487511774,0.023345349815308978,1.7830133530497683,0.01309319965292338
5,markov,sgd,0.04,5772,axis_0,0.7,0.29473876953125,0.30641843457937845,0.011679665048128451,0.01661622871165401,1.1462228698177084,0.014496507746610049
5,markov,sgd,0.04,5772,axis_0,0.95,0.238677978515625,0.24611934532395208,0.007441366808327077,0.012056895716277891,0.8445852724972588,0.014275522092195875
5,markov,sgd,0.04,5772,axis_0,1.2,0.18841552734375,0.19284038841101792,0.004424861067267916,0.008658914298096204,0.6686300073936632,0.012950232867724369
5,markov,sgd,0.04,5772,axis_3,0.45,0.338470458984375,0.3521093892282766,0.013638930243901615,0.01876242280954451,1.7830133530497683,0.010522872853112505
5,markov,sgd,0.04,5772,axis_3,0.7,0.271636962890625,0.2774149081187677,0.005777945228142678,0.010594089476392229,1.1462228698177084,0.009242608706696874
5,markov,sgd,0.04,5772,axis_3,0.95,0.211334228515625,0.21143708379782966,0.00010285528220466134,0.004523264965258205,0.8445852724972588,0.00535560483062163
5,markov,sgd,0.04,5772,axis_3,1.2,0.160308837890625,0.15568504022228957,0.004623797668335428,0.008596350008040028,0.6686300073936632,0.012856661999883641
5,markov,sgd,0.04,5772,mean,0.45,0.340301513671875,0.35185295863554567,0.011551444963670665,0.016681662585476185,1.7830133530497683,0.009355882027996544
5,markov,sgd,0.04,5772,mean,0.7,0.2669677734375,0.27705487468688905,0.010087101249389052,0.014876952842726703,1.1462228698177084,0.012979110114154925
5,markov,sgd,0.04,5772,mean,0.95,0.20306396484375,0.21101528766159028,0.007951322817840278,0.012307035927312141,0.8445852724972588,0.01457169137098834
5,markov,sgd,0.04,5772,mean,1.2,0.150146484375,0.15524515316610832,0.005098668791108318,0.008966439547434975,0.6686300073936632,0.013410166232871279
5,markov,sgd,0.04,5772,alternating,0.45,0.347869873046875,0.35185295863554567,0.003983085588670665,0.009140198561721324,1.7830133530497683,0.005126264784325594
5,markov,sgd,0.04,5772,alternating,0.7,0.273651123046875,0.27705487468688905,0.003403751640014052,0.008231030147679478,1.1462228698177084,0.007181003245022074
5,markov,sgd,0.04,5772,alternating,0.95,0.2054443359375,0.21101528766159028,0.005570951724090278,0.009945571924154167,0.8445852724972588,0.011775687130734862
5,markov,sgd,0.04,5772,alternating,1.2,0.149017333984375,0.15524515316610832,0.006227819181733318,0.010083577955297546,0.6686300073936632,0.015080953358051622
5,markov,linear,0.04,5772,axis_0,0.45,0.371063232421875,0.38709788713505733,0.016034654713182328,0.021265339602898656,1.7830133530497683,0.011926629470567452
5,markov,linear,0.04,5772,axis_0,0.7,0.315460205078125,0.3276993408271379,0.01223913574901292,0.017270696778221642,1.1462228698177084,0.015067485768250566
5,markov,linear,0.04,5772,axis_0,0.95,0.263824462890625,0.2723706743188794,0.008546211428254402,0.013317979491102853,0.8445852724972588,0.015768661761913542
5,markov,linear,0.04,5772,axis_0,1.2,0.2164306640625,0.22212306122319458,0.0056923971606945845,0.01015131239052987,0.6686300073936632,0.015182256671518445
5,markov,linear,0.04,5772,axis_3,0.45,0.351776123046875,0.365836716895382,0.014060593848506997,0.01923102542202944,1.7830133530497683,0.010785687829614731
5,markov,linear,0.04,5772,axis_3,0.7,0.289031982421875,0.29687817417562234,0.007846191753747345,0.012754469011258204,1.1462228698177084,0.011127390097605218
5,markov,linear,0.04,5772,axis_3,0.95,0.23187255859375,0.2345633427670446,0.0026907841732946025,0.007260323520670614,0.8445852724972588,0.008596317929157566
5,markov,linear,0.04,5772,axis_3,1.2,0.182464599609375,0.18025311076634265,0.00221148884303235,0.006393389355691645,0.6686300073936632,0.009561924061130968
5,markov,linear,0.04,5772,mean,0.45,0.3536376953125,0.3659624897329099,0.012324794420409901,0.0175014395012272,1.7830133530497683,0.009815652513926345
5,markov,linear,0.04,5772,mean,0.7,0.2877197265625,0.2970581682216714,0.009338441659171415,0.014240081323788706,1.1462228698177084,0.012423483860563175
5,markov,linear,0.04,5772,mean,0.95,0.226806640625,0.23478007531485945,0.007973434689859449,0.012507659454409278,0.8445852724972588,0.014809232248896305
5,markov,linear,0.04,5772,mean,1.2,0.174530029296875,0.1804873593037899,0.005957330006914896,0.010067093444517602,0.6686300073936632,0.015056299198654558
5,markov,linear,0.04,5772,alternating,0.45,0.361846923828125,0.3659624897329099,0.004115565904784901,0.009318591710116286,1.7830133530497683,0.0052263162775406215
5,markov,linear,0.04,5772,alternating,0.7,0.292694091796875,0.2970581682216714,0.004364076424796415,0.009290613152043315,1.1462228698177084,0.008105415968118717
5,markov,linear,0.04,5772,alternating,0.95,0.23095703125,0.23478007531485945,0.003823044064859449,0.008386270303077623,0.8445852724972588,0.009929453633830493
5,markov,linear,0.04,5772,alternating,1.2,0.17413330078125,0.1804873593037899,0.006354058522539896,0.010460134653936682,0.6686300073936632,0.01564412984501033
5,markov,contractive,0.04,5772,axis_0,0.45,0.361358642578125,0.37953609687796397,0.01817745429983897,0.02337895721987239,1.7830133530497683,0.013112048308490613
5,markov,contractive,0.04,5772,axis_0,0.7,0.302947998046875,0.3166497507581355,0.013701752711260506,0.018677378805322276,1.1462228698177084,0.016294718328463176
5,markov,contractive,0.04,5772,axis_0,0.95,0.24853515625,0.25866180238214476,0.010126646132144757,0.014805929571978802,0.8445852724972588,0.0175304141027712
5,markov,contractive,0.04,5772,axis_0,1.2,0.199310302734375,0.20671712695869493,0.00740682422431993,0.011732242376104544,0.6686300073936632,0.01754668837229894
5,markov,contractive,0.04,5772,axis_3,0.45,0.380157470703125,0.39466305647493005,0.014505585771805052,0.01976156395935714,1.7830133530497683,0.011083239463998308
5,markov,contractive,0.04,5772,axis_3,0.7,0.327117919921875,0.33884318576627004,0.011725265844395039,0.016805137655095302,1.1462228698177084,0.014661317704965997
5,markov,contractive,0.04,5772,axis_3,0.95,0.2752685546875,0.2863570239956348,0.011088469308134785,0.015924599210143872,0.8445852724972588,0.018854933573561168
5,markov,contractive,0.04,5772,axis_3,1.2,0.23199462890625,0.23807901327402803,0.0060843843677780285,0.010654763179673178,0.6686300073936632,0.015935215383476007
5,markov,contractive,0.04,5772,mean,0.45,0.381378173828125,0.40096418930337396,0.019586015475248963,0.02484523913671126,1.7830133530497683,0.013934410022344778
5,markov,contractive,0.04,5772,mean,0.7,0.327484130859375,0.3481889555140353,0.02070482465466028,0.025786155844538944,1.1462228698177084,0.022496633528730665
5,markov,contractive,0.04,5772,mean,0.95,0.2760009765625,0.29820266550902386,0.022201688946523856,0.02704180085866305,0.8445852724972588,0.03201784560924938
5,markov,contractive,0.04,5772,mean,1.2,0.23150634765625,0.2517671280876175,0.020260780431367476,0.024827798164278186,0.6686300073936632,0.03713234208715456
5,markov,contractive,0.04,5772,alternating,0.45,0.3936767578125,0.40096418930337396,0.0072874314908739635,0.012577400158529978,1.7830133530497683,0.007054013441355821
5,markov,contractive,0.04,5772,alternating,0.7,0.3394775390625,0.3481889555140353,0.008711416451535281,0.013838618376676978,1.1462228698177084,0.012073235267830442
5,markov,contractive,0.04,5772,alternating,0.95,0.287322998046875,0.29820266550902386,0.010879667462148856,0.015779290530944963,0.8445852724972588,0.018682886198440284
5,markov,contractive,0.04,5772,alternating,1.2,0.240570068359375,0.2517671280876175,0.011197059728242476,0.015825085351099548,0.6686300073936632,0.023667925722906356
5,markov,sgd,0.02,1729,axis_0,0.45,0.356781005859375,0.37247556690636774,0.01569456104699274,0.02088150310867396,1.6528965956308097,0.012633278551042551
5,markov,sgd,0.02,1729,axis_0,0.7,0.292999267578125,0.30641843457937845,0.013419167001253451,0.018347207895832975,1.0625763829055206,0.017266719071681386
5,markov,sgd,0.02,1729,axis_0,0.95,0.2371826171875,0.24611934532395208,0.008936728136452077,0.01354229214852401,0.7829510189830152,0.017296474262354575
5,markov,sgd,0.02,1729,axis_0,1.2,0.1885986328125,0.19284038841101792,0.004241755598517916,0.008477387801306675,0.6198362233615538,0.013676818943125514
5,markov,sgd,0.02,1729,axis_3,0.45,0.3441162109375,0.3521093892282766,0.007993178290776615,0.013137132790918393,1.6528965956308097,0.007947945942682973
5,markov,sgd,0.02,1729,axis_3,0.7,0.271575927734375,0.2774149081187677,0.005838980384392678,0.010654785287273243,1.0625763829055206,0.010027312350137766
5,markov,sgd,0.02,1729,axis_3,0.95,0.210906982421875,0.21143708379782966,0.0005301013759546613,0.004947236481748923,0.7829510189830152,0.0063187049531846185
5,markov,sgd,0.02,1729,axis_3,1.2,0.1597900390625,0.15568504022228957,0.004104998840210428,0.00807234292640145,0.6198362233615538,0.013023348139646897
5,markov,sgd,0.02,1729,mean,0.45,0.347198486328125,0.35185295863554567,0.004654472307420665,0.009809257731545565,1.6528965956308097,0.005934586445077631
5,markov,sgd,0.02,1729,mean,0.7,0.27313232421875,0.27705487468688905,0.003922550468139052,0.008746972943610484,1.0625763829055206,0.008231853337162138
5,markov,sgd,0.02,1729,mean,0.95,0.205352783203125,0.21101528766159028,0.005662504458465278,0.0100364017823345,0.7829510189830152,0.012818684105387468
5,markov,sgd,0.02,1729,mean,1.2,0.15087890625,0.15524515316610832,0.004366246916108318,0.008241768699394534,0.6198362233615538,0.013296687719696347
5,markov,sgd,0.02,1729,alternating,0.45,0.347930908203125,0.35185295863554567,0.003922050432420665,0.009079374440640109,1.6528965956308097,0.005493008131688399
5,markov,sgd,0.02,1729,alternating,0.7,0.272613525390625,0.27705487468688905,0.004441349296264052,0.009262907503344244,1.0625763829055206,0.008717403899017262
5,markov,sgd,0.02,1729,alternating,0.95,0.2052001953125,0.21101528766159028,0.005815092349090278,0.010187784114345285,0.7829510189830152,0.013012032512044398
5,markov,sgd,0.02,1729,alternating,1.2,0.152679443359375,0.15524515316610832,0.0025657098067333184,0.006460151977069662,0.6198362233615538,0.010422353088747156
5,markov,linear,0.02,1729,axis_0,0.45,0.372039794921875,0.38709788713505733,0.015058092213182328,0.020291587812748944,1.6528965956308097,0.012276380667966035
5,markov,linear,0.02,1729,axis_0,0.7,0.315673828125,0.3276993408271379,0.01202551270213792,0.017057991654969264,1.0625763829055206,0.01605342630364671
5,markov,linear,0.02,1729,axis_0,0.95,0.2623291015625,0.2723706743188794,0.010041572756379402,0.014804628509664013,0.7829510189830152,0.018908754380183232
5,markov,linear,0.02,1729,axis_0,1.2,0.215789794921875,0.22212306122319458,0.0063332663013195845,0.010787395392887984,0.6198362233615538,0.01740362209614787
5,markov,linear,0.02,1729,axis_3,0.45,0.3564453125,0.365836716895382,0.009391404395381997,0.014577258408173945,1.6528965956308097,0.008819219814903603
5,markov,linear,0.02,1729,axis_3,0.7,0.290863037109375,0.29687817417562234,0.006015137066247345,0.010932592500328641,1.0625763829055206,0.010288759167067538
5,markov,linear,0.02,1729,axis_3,0.95,0.231719970703125,0.2345633427670446,0.0028433720639196025,0.007411861325989357,0.7829510189830152,0.009466570891773938
5,markov,linear,0.02,1729,axis_3,1.2,0.18194580078125,0.18025311076634265,0.0016926900149073498,0.005869965924263474,0.6198362233615538,0.009470188580507487
5,markov,linear,0.02,1729,mean,0.45,0.363861083984375,0.3659624897329099,0.0021014057485349014,0.007310652032872674,1.6528965956308097,0.004422933686352379
5,markov,linear,0.02,1729,mean,0.7,0.292510986328125,0.2970581682216714,0.004547181893546415,0.009472814835912982,1.0625763829055206,0.00891494953991958
5,markov,linear,0.02,1729,mean,0.95,0.23046875,0.23478007531485945,0.004311325314859449,0.008871172175945768,0.7829510189830152,0.011330430589985877
5,markov,linear,0.02,1729,mean,1.2,0.177398681640625,0.1804873593037899,0.003088677663164896,0.007224872598320427,0.6198362233615538,0.011656099346917517
5,markov,linear,0.02,1729,alternating,0.45,0.361541748046875,0.3659624897329099,0.004420741686034901,0.009622816369960738,1.6528965956308097,0.0058217896965831045
5,markov,linear,0.02,1729,alternating,0.7,0.293792724609375,0.2970581682216714,0.0032654436122964148,0.008197382834281147,1.0625763829055206,0.007714629240926787
5,markov,linear,0.02,1729,alternating,0.95,0.22991943359375,0.23478007531485945,0.004860641721109449,0.009416676453500961,0.7829510189830152,0.012027159075330663
5,markov,linear,0.02,1729,alternating,1.2,0.17633056640625,0.1804873593037899,0.004156792897539896,0.008283193421592587,0.6198362233615538,0.013363519441749303
5,markov,contractive,0.02,1729,axis_0,0.45,0.362518310546875,0.37953609687796397,0.01701778633108897,0.02222289660803629,1.6528965956308097,0.01344481963770708
5,markov,contractive,0.02,1729,axis_0,0.7,0.303863525390625,0.3166497507581355,0.012786225367510506,0.01776609054157481,1.0625763829055206,0.01671982440734756
5,markov,contractive,0.02,1729,axis_0,0.95,0.24847412109375,0.25866180238214476,0.010187681288394757,0.014866580126932951,0.7829510189830152,0.01898788016936658
5,markov,contractive,0.02,1729,axis_0,1.2,0.201171875,0.20671712695869493,0.00554525195869493,0.009885768436444644,0.6198362233615538,0.015949000822880633
5,markov,contractive,0.02,1729,axis_3,0.45,0.382781982421875,0.39466305647493005,0.011881074053055052,0.017143986499724935,1.6528965956308097,0.010372086520743375
5,markov,contractive,0.02,1729,axis_3,0.7,0.329742431640625,0.33884318576627004,0.009100754125645039,0.014191007322240694,1.0625763829055206,0.013355282077168558
5,markov,contractive,0.02,1729,axis_3,0.95,0.279815673828125,0.2863570239956348,0.006541350167509785,0.011401939791042353,0.7829510189830152,0.014562775339193599
5,markov,contractive,0.02,1729,axis_3,1.2,0.23388671875,0.23807901327402803,0.0041922945240280285,0.008775616635051709,0.6198362233615538,0.014157960287411026
5,markov,contractive,0.02,1729,mean,0.45,0.395904541015625,0.40096418930337396,0.0050596482877489635,0.01035480881937538,1.6528965956308097,0.006264644047756406
5,markov,contractive,0.02,1729,mean,0.7,0.342376708984375,0.3481889555140353,0.005812246529660281,0.01094998275450189,1.0625763829055206,0.010305125288555856
5,markov,contractive,0.02,1729,mean,0.95,0.290069580078125,0.29820266550902386,0.008133085430898856,0.013046575581978477,0.7829510189830152,0.016663335592723073
5,markov,contractive,0.02,1729,mean,1.2,0.243072509765625,0.2517671280876175,0.008694618321992476,0.013338981419207356,0.6198362233615538,0.0215201708394294
5,markov,contractive,0.02,1729,alternating,0.45,0.39422607421875,0.40096418930337396,0.0067381150846239635,0.012029374625426581,1.6528965956308097,0.007277753888068057
5,markov,contractive,0.02,1729,alternating,0.7,0.3421630859375,0.3481889555140353,0.006025869576535281,0.011162836873519785,1.0625763829055206,0.010505444176159836
5,markov,contractive,0.02,1729,alternating,0.95,0.290924072265625,0.29820266550902386,0.0072785932433988565,0.01219635294515753,0.7829510189830152,0.015577414997172521
5,markov,contractive,0.02,1729,alternating,1.2,0.244293212890625,0.2517671280876175,0.0074739151969924755,0.012126169710210473,0.6198362233615538,0.019563506057207653
5,markov,sgd,0.02,2718,axis_0,0.45,0.358795166015625,0.37247556690636774,0.013680400890742739,0.018873813037816323,1.6528965956308097,0.011418629022351722
5,markov,sgd,0.02,2718,axis_0,0.7,0.295440673828125,0.30641843457937845,0.010977760751253451,0.01591773892910932,1.0625763829055206,0.014980324412616514
5,markov,sgd,0.02,2718,axis_0,0.95,0.237945556640625,0.24611934532395208,0.008173788683327077,0.01278444662123775,0.7829510189830152,0.016328539475998927
5,markov,sgd,0.02,2718,axis_0,1.2,0.187469482421875,0.19284038841101792,0.005370905989142916,0.009596776981980543,0.6198362233615538,0.015482762414133213
5,markov,sgd,0.02,2718,axis_3,0.45,0.336273193359375,0.3521093892282766,0.015836195868901615,0.02095150526767952,1.6528965956308097,0.012675629753888876
5,markov,sgd,0.02,2718,axis_3,0.7,0.267608642578125,0.2774149081187677,0.009806265540642678,0.014599766038582977,1.0625763829055206,0.013739968508109709
5,markov,sgd,0.02,2718,axis_3,0.95,0.205596923828125,0.21143708379782966,0.005840159969704661,0.0102159841990175,0.7829510189830152,0.013048050198960298
5,markov,sgd,0.02,2718,axis_3,1.2,0.15460205078125,0.15568504022228957,0.0010829894410395724,0.0049974265880159425,0.6198362233615538,0.008062495219968642
5,markov,sgd,0.02,2718,mean,0.45,0.34576416015625,0.35185295863554567,0.006088798479295665,0.01123857350948211,1.6528965956308097,0.006799320380470039
5,markov,sgd,0.02,2718,mean,0.7,0.2738037109375,0.27705487468688905,0.003251163749389052,0.008079280701209123,1.0625763829055206,0.007603482282485
5,markov,sgd,0.02,2718,mean,0.95,0.207244873046875,0.21101528766159028,0.0037704146147152784,0.00815918168145675,0.7829510189830152,0.010421062727595415
5,markov,sgd,0.02,2718,mean,1.2,0.15380859375,0.15524515316610832,0.0014365594161083184,0.005342770516433334,0.6198362233615538,0.008619648731495429
5,markov,sgd,0.02,2718,alternating,0.45,0.3465576171875,0.35185295863554567,0.005295341448045665,0.010447894572636897,1.6528965956308097,0.006320960791046686
5,markov,sgd,0.02,2718,alternating,0.7,0.270416259765625,0.27705487468688905,0.006638614921264052,0.011447950458759558,1.0625763829055206,0.010773767084354121
5,markov,sgd,0.02,2718,alternating,0.95,0.204254150390625,0.21101528766159028,0.006761137270965278,0.011126333184501814,0.7829510189830152,0.014210765315758763
5,markov,sgd,0.02,2718,alternating,1.2,0.1474609375,0.15524515316610832,0.007784215666108318,0.011623291958292679,0.6198362233615538,0.01875219859732649
5,markov,linear,0.02,2718,axis_0,0.45,0.372161865234375,0.38709788713505733,0.014936021900682328,0.020169867230835234,1.6528965956308097,0.012202739895617988
5,markov,linear,0.02,2718,axis_0,0.7,0.316314697265625,0.3276993408271379,0.01138464356151292,0.016419868906035327,1.0625763829055206,0.015452883359911178
5,markov,linear,0.02,2718,axis_0,0.95,0.264434814453125,0.2723706743188794,0.007935859865754402,0.012711163628912257,0.7829510189830152,0.016234941038103436
5,markov,linear,0.02,2718,axis_0,1.2,0.21575927734375,0.22212306122319458,0.0063637838794445845,0.010817684661720822,0.6198362233615538,0.01745248866394633
5,markov,linear,0.02,2718,axis_3,0.45,0.351470947265625,0.365836716895382,0.014365769629756997,0.01953517438492354,1.6528965956308097,0.01181875166090965
5,markov,linear,0.02,2718,axis_3,0.7,0.285552978515625,0.29687817417562234,0.011325195659997345,0.0162157655100185,1.0625763829055206,0.015260799854856488
5,markov,linear,0.02,2718,axis_3,0.95,0.22760009765625,0.2345633427670446,0.0069632451107946025,0.011503062991037752,0.7829510189830152,0.014691931822222063
5,markov,linear,0.02,2718,axis_3,1.2,0.177642822265625,0.18025311076634265,0.00261028850071765,0.006748714365789641,0.6198362233615538,0.010887899273116668
5,markov,linear,0.02,2718,mean,0.45,0.358734130859375,0.3659624897329099,0.007228358873534901,0.012421576421417222,1.6528965956308097,0.007515035395590893
5,markov,linear,0.02,2718,mean,0.7,0.2916259765625,0.2970581682216714,0.005432191659171415,0.01035344270852023,1.0625763829055206,0.009743716193098195
5,markov,linear,0.02,2718,mean,0.95,0.23016357421875,0.23478007531485945,0.004616501096109449,0.00917423145980179,0.7829510189830152,0.011717503697381112
5,markov,linear,0.02,2718,mean,1.2,0.176910400390625,0.1804873593037899,0.003576958913164896,0.0077086833009292755,0.6198362233615538,0.012436645375649109
5,markov,linear,0.02,2718,alternating,0.45,0.361907958984375,0.3659624897329099,0.004054530748534901,0.009257746505474895,1.6528965956308097,0.005600922967562759
5,markov,linear,0.02,2718,alternating,0.7,0.289398193359375,0.2970581682216714,0.007659974862296415,0.012570095531789276,1.0625763829055206,0.011829827703696432
5,markov,linear,0.02,2718,alternating,0.95,0.227203369140625,0.23478007531485945,0.007576706174234449,0.012113730392028968,0.7829510189830152,0.015471887893783755
5,markov,linear,0.02,2718,alternating,1.2,0.173065185546875,0.1804873593037899,0.007422173756914896,0.011518283636505373,0.6198362233615538,0.01858278558493781
5,markov,contractive,0.02,2718,axis_0,0.45,0.364532470703125,0.37953609687796397,0.015003626174838969,0.020214924021091173,1.6528965956308097,0.012229999187200438
5,markov,contractive,0.02,2718,axis_0,0.7,0.3050537109375,0.3166497507581355,0.011596039820635506,0.01658138094202249,1.0625763829055206,0.015604883760621689
5,markov,contractive,0.02,2718,axis_0,0.95,0.251190185546875,0.25866180238214476,0.0074716168352697565,0.012167509928702462,0.7829510189830152,0.015540576145500124
5,markov,contractive,0.02,2718,axis_0,1.2,0.1993408203125,0.20671712695869493,0.00737630664619493,0.011701973493634672,0.6198362233615538,0.01887913783123457
5,markov,contractive,0.02,2718,axis_3,0.45,0.3819580078125,0.39466305647493005,0.012705048662430052,0.017965801589662014,1.6528965956308097,0.010869283436817513
5,markov,contractive,0.02,2718,axis_3,0.7,0.32574462890625,0.33884318576627004,0.013098556860020039,0.018172924665344238,1.0625763829055206,0.017102699587254133
5,markov,contractive,0.02,2718,axis_3,0.95,0.275665283203125,0.2863570239956348,0.010691740792509785,0.015530029637015965,0.7829510189830152,0.019835250559081093
5,markov,contractive,0.02,2718,axis_3,1.2,0.22998046875,0.23807901327402803,0.008098544524028028,0.012655003367177738,0.6198362233615538,0.02041668894171099
5,markov,contractive,0.02,2718,mean,0.45,0.391571044921875,0.40096418930337396,0.009393144381498963,0.014678099771913977,1.6528965956308097,0.008880228691082907
5,markov,contractive,0.02,2718,mean,0.7,0.337158203125,0.3481889555140353,0.011030752389035281,0.016149372658904048,1.0625763829055206,0.015198316957454884
5,markov,contractive,0.02,2718,mean,0.95,0.2860107421875,0.29820266550902386,0.012191923321523856,0.017084843323654057,0.7829510189830152,0.021821088304918194
5,markov,contractive,0.02,2718,mean,1.2,0.2408447265625,0.2517671280876175,0.010922401525117476,0.015552230848919355,0.6198362233615538,0.02509087120558241
5,markov,contractive,0.02,2718,alternating,0.45,0.39385986328125,0.40096418930337396,0.0071043260221239635,0.012394725758805009,1.6528965956308097,0.007498790784353148
5,markov,contractive,0.02,2718,alternating,0.7,0.33868408203125,0.3481889555140353,0.009504873482785281,0.014629155045607196,1.0625763829055206,0.013767626761668723
5,markov,contractive,0.02,2718,alternating,0.95,0.285919189453125,0.29820266550902386,0.012283476055898856,0.01717592651962744,0.7829510189830152,0.021937421502991928
5,markov,contractive,0.02,2718,alternating,1.2,0.23931884765625,0.2517671280876175,0.012448280431367476,0.01706805605797575,0.6198362233615538,0.027536396574905985
5,markov,sgd,0.02,3141,axis_0,0.45,0.35577392578125,0.37247556690636774,0.01670164112511774,0.021885310709042066,1.6528965956308097,0.013240580667231503
5,markov,sgd,0.02,3141,axis_0,0.7,0.294647216796875,0.30641843457937845,0.011771217782503451,0.01670733503779802,1.0625763829055206,0.01572342027037463
5,markov,sgd,0.02,3141,axis_0,0.95,0.238616943359375,0.24611934532395208,0.007502401964577077,0.012117525675192713,0.7829510189830152,0.015476735301950711
5,markov,sgd,0.02,3141,axis_0,1.2,0.187164306640625,0.19284038841101792,0.005676081770392916,0.009899304650008586,0.6198362233615538,0.015970839194137044
5,markov,sgd,0.02,3141,axis_3,0.45,0.340301513671875,0.3521093892282766,0.011807875556401615,0.016938093178207134,1.6528965956308097,0.01024752136520851
5,markov,sgd,0.02,3141,axis_3,0.7,0.26995849609375,0.2774149081187677,0.007456412025017678,0.012263182439685542,1.0625763829055206,0.011540989087441377
5,markov,sgd,0.02,3141,axis_3,0.95,0.20843505859375,0.21143708379782966,0.0030020252040796613,0.00740007116660172,0.7829510189830152,0.009451512274948903
5,markov,sgd,0.02,3141,axis_3,1.2,0.155181884765625,0.15568504022228957,0.0005031554566645724,0.00442358112413688,0.6198362233615538,0.007136693464196883
5,markov,sgd,0.02,3141,mean,0.45,0.342926025390625,0.35185295863554567,0.008926933244920665,0.014066641404837515,1.6528965956308097,0.008510297281766218
5,markov,sgd,0.02,3141,mean,0.7,0.265472412109375,0.27705487468688905,0.011582462577514052,0.016363750067431466,1.0625763829055206,0.015400069426243267
5,markov,sgd,0.02,3141,mean,0.95,0.200958251953125,0.21101528766159028,0.010057035708465278,0.014395827016232682,0.7829510189830152,0.018386625302476263
5,markov,sgd,0.02,3141,mean,1.2,0.149017333984375,0.15524515316610832,0.006227819181733318,0.010083577955297546,0.6198362233615538,0.016268132734500968
5,markov,sgd,0.02,3141,alternating,0.45,0.35089111328125,0.35185295863554567,0.0009618453542956651,0.006129292771327363,1.6528965956308097,0.0037082130772906493
5,markov,sgd,0.02,3141,alternating,0.7,0.2744140625,0.27705487468688905,0.002640812186889052,0.0074722758106337255,1.0625763829055206,0.007032224629538115
5,markov,sgd,0.02,3141,alternating,0.95,0.20709228515625,0.21101528766159028,0.003923002505340278,0.008310575813547594,0.7829510189830152,0.010614426205540041
5,markov,sgd,0.02,3141,alternating,1.2,0.15240478515625,0.15524515316610832,0.0028403680098583184,0.006731936278099917,0.6198362233615538,0.01086083069103424
5,markov,linear,0.02,3141,axis_0,0.45,0.3719482421875,0.38709788713505733,0.015149644947557328,0.020382878014776992,1.6528965956308097,0.012331611105411039
5,markov,linear,0.02,3141,axis_0,0.7,0.314300537109375,0.3276993408271379,0.01339880371776292,0.018425360236189778,1.0625763829055206,0.01734026892806263
5,markov,linear,0.02,3141,axis_0,0.95,0.263458251953125,0.2723706743188794,0.008912422365754402,0.013682063355153587,0.7829510189830152,0.017474992717839984
5,markov,linear,0.02,3141,axis_0,1.2,0.21484375,0.22212306122319458,0.0072793112231945845,0.011726345859512162,0.6198362233615538,0.018918458485560504
5,markov,linear,0.02,3141,axis_3,0.45,0.354736328125,0.365836716895382,0.011100388770381997,0.01628066054166055,1.6528965956308097,0.009849775590739367
5,markov,linear,0.02,3141,axis_3,0.7,0.2889404296875,0.29687817417562234,0.007937744488122345,0.012845560283889834,1.0625763829055206,0.012089070009974051
5,markov,linear,0.02,3141,axis_3,0.95,0.230621337890625,0.2345633427670446,0.0039420048764196025,0.008502908720167426,0.7829510189830152,0.01086007746846279
5,markov,linear,0.02,3141,axis_3,1.2,0.17877197265625,0.18025311076634265,0.0014811381100926502,0.00562984451163928,0.6198362233615538,0.009082793646855585
5,markov,linear,0.02,3141,mean,0.45,0.355865478515625,0.3659624897329099,0.010097011217284901,0.015280979332342313,1.6528965956308097,0.009244969935043333
5,markov,linear,0.02,3141,mean,0.7,0.285400390625,0.2970581682216714,0.011657777596671415,0.01654756269518874,1.0625763829055206,0.015573057110436526
5,markov,linear,0.02,3141,mean,0.95,0.224395751953125,0.23478007531485945,0.010384323361734449,0.014901410920074649,0.7829510189830152,0.019032366723821723
5,markov,linear,0.02,3141,mean,1.2,0.172698974609375,0.1804873593037899,0.007788384694414896,0.011881064463313308,0.6198362233615538,0.01916807055721721
5,markov,linear,0.02,3141,alternating,0.45,0.366180419921875,0.3659624897329099,0.00021793018896509864,0.005434217315012913,1.6528965956308097,0.003287693452438266
5,markov,linear,0.02,3141,alternating,0.7,0.294586181640625,0.2970581682216714,0.0024719865810464148,0.007407806097818913,1.0625763829055206,0.0069715516145417485
5,markov,linear,0.02,3141,alternating,0.95,0.23199462890625,0.23478007531485945,0.002785446408609449,0.007355825220504599,0.7829510189830152,0.00939500050725928
5,markov,linear,0.02,3141,alternating,1.2,0.177947998046875,0.1804873593037899,0.002539361256914896,0.006680571721415473,0.6198362233615538,0.010777962741810686
5,markov,contractive,0.02,3141,axis_0,0.45,0.363555908203125,0.37953609687796397,0.01598018867483897,0.02118849880971689,1.6528965956308097,0.012819010496921336
5,markov,contractive,0.02,3141,axis_0,0.7,0.30328369140625,0.3166497507581355,0.013366059351885506,0.01834324248691829,1.0625763829055206,0.017262987190398798
5,markov,contractive,0.02,3141,axis_0,0.95,0.2493896484375,0.25866180238214476,0.009272153944644757,0.013956808698356655,0.7829510189830152,0.017825902719285462
5,markov,contractive,0.02,3141,axis_0,1.2,0.1998291015625,0.20671712695869493,0.00688802539619493,0.011217666001694025,0.6198362233615538,0.018097790317670254
5,markov,contractive,0.02,3141,axis_3,0.45,0.383941650390625,0.39466305647493005,0.010721406084305052,0.015987330747633574,1.6528965956308097,0.009672311498428725
5,markov,contractive,0.02,3141,axis_3,0.7,0.32940673828125,0.33884318576627004,0.009436447485020039,0.014525382861434639,1.0625763829055206,0.013669965844447128
5,markov,contractive,0.02,3141,axis_3,0.95,0.2806396484375,0.2863570239956348,0.005717375558134785,0.01058233099449259,0.7829510189830152,0.013515955325325601
5,markov,contractive,0.02,3141,axis_3,1.2,0.231964111328125,0.23807901327402803,0.0061149019459030285,0.010685070941960396,0.6198362233615538,0.017238539051512868
5,markov,contractive,0.02,3141,mean,0.45,0.384307861328125,0.40096418930337396,0.016656327975248963,0.021923197287834505,1.6528965956308097,0.013263501991464723
5,markov,contractive,0.02,3141,mean,0.7,0.33038330078125,0.3481889555140353,0.01780565473278528,0.022898415617416613,1.0625763829055206,0.021549900774947523
5,markov,contractive,0.02,3141,mean,0.95,0.280059814453125,0.29820266550902386,0.018142851055898856,0.023004736369064,0.7829510189830152,0.029382088804156787
5,markov,contractive,0.02,3141,mean,1.2,0.234161376953125,0.2517671280876175,0.017605751134492476,0.02219094146661042,0.6198362233615538,0.0358012981981957
5,markov,contractive,0.02,3141,alternating,0.45,0.40081787109375,0.40096418930337396,0.00014631820962396347,0.005452523743700403,1.6528965956308097,0.0032987688147663634
5,markov,contractive,0.02,3141,alternating,0.7,0.3466796875,0.3481889555140353,0.001509268014035281,0.0066622471335096925,1.0625763829055206,0.006269899501523241
5,markov,contractive,0.02,3141,alternating,0.95,0.29547119140625,0.29820266550902386,0.0027314741027738565,0.007671600419019049,0.7829510189830152,0.009798314623798288
5,markov,contractive,0.02,3141,alternating,1.2,0.246337890625,0.2517671280876175,0.0054292374626174755,0.010094596305578869,0.6198362233615538,0.01628590896290783
5,markov,sgd,0.02,5772,axis_0,0.45,0.358734130859375,0.37247556690636774,0.013741436046992739,0.01893465359487506,1.6528965956308097,0.01145543746954652
5,markov,sgd,0.02,5772,axis_0,0.7,0.294342041015625,0.30641843457937845,0.012076393563753451,0.01701102106174226,1.0625763829055206,0.016009221864339892
5,markov,sgd,0.02,5772,axis_0,0.95,0.2374267578125,0.24611934532395208,0.008692587511452077,0.013299783804078506,0.7829510189830152,0.01698673797162147
5,markov,sgd,0.02,5772,axis_0,1.2,0.18768310546875,0.19284038841101792,0.005157282942267916,0.009385005090795262,0.6198362233615538,0.015141104596787882
5,markov,sgd,0.02,5772,axis_3,0.45,0.342864990234375,0.3521093892282766,0.009244398993901615,0.014383888427192848,1.6528965956308097,0.008702231261903831
5,markov,sgd,0.02,5772,axis_3,0.7,0.272125244140625,0.2774149081187677,0.005289663978142678,0.010108518866331734,1.0625763829055206,0.009513216206340751
5,markov,sgd,0.02,5772,axis_3,0.95,0.2088623046875,0.21143708379782966,0.0025747791103296613,0.006976141983675231,0.7829510189830152,0.008910061823198886
5,markov,sgd,0.02,5772,axis_3,1.2,0.158599853515625,0.15568504022228957,0.0029148132933354276,0.006870152976156206,0.6198362233615538,0.01108381975305888
5,markov,sgd,0.02,5772,mean,0.45,0.343017578125,0.35185295863554567,0.008835380510545665,0.013975416583633936,1.6528965956308097,0.008455106399623488
5,markov,sgd,0.02,5772,mean,0.7,0.270355224609375,0.27705487468688905,0.006699650077514052,0.011508643972842285,1.0625763829055206,0.010830886285438532
5,markov,sgd,0.02,5772,mean,0.95,0.20562744140625,0.21101528766159028,0.005387846255340278,0.009763911175898372,0.7829510189830152,0.012470653896818267
5,markov,sgd,0.02,5772,mean,1.2,0.15191650390625,0.15524515316610832,0.0033286492598583184,0.0072150975027873866,0.6198362233615538,0.011640328897943066
5,markov,sgd,0.02,5772,alternating,0.45,0.34686279296875,0.35185295863554567,0.004990165666795665,0.010143783076989748,1.6528965956308097,0.006136973785174072
5,markov,sgd,0.02,5772,alternating,0.7,0.272979736328125,0.27705487468688905,0.004075138358764052,0.008898719257980478,1.0625763829055206,0.00837466313117907
5,markov,sgd,0.02,5772,alternating,0.95,0.204254150390625,0.21101528766159028,0.006761137270965278,0.011126333184501814,0.7829510189830152,0.014210765315758763
5,markov,sgd,0.02,5772,alternating,1.2,0.1502685546875,0.15524515316610832,0.004976598478608318,0.008845663279886251,0.6198362233615538,0.014270968598630173
5,markov,linear,0.02,5772,axis_0,0.45,0.374114990234375,0.38709788713505733,0.012982896900682328,0.018222289399439047,1.6528965956308097,0.011024458183050895
5,markov,linear,0.02,5772,axis_0,0.7,0.314361572265625,0.3276993408271379,0.01333776856151292,0.018364589381393036,1.0625763829055206,0.01728307694095054
5,markov,linear,0.02,5772,axis_0,0.95,0.262969970703125,0.2723706743188794,0.009400703615754402,0.014167501899976648,0.7829510189830152,0.01809500410176232
5,markov,linear,0.02,5772,axis_0,1.2,0.2152099609375,0.22212306122319458,0.0069131002856945845,0.011362885301763841,0.6198362233615538,0.01833207688337345
5,markov,linear,0.02,5772,axis_3,0.45,0.3570556640625,0.365836716895382,0.008781052832881997,0.013968883052477777,1.6528965956308097,0.008451153622920198
5,markov,linear,0.02,5772,axis_3,0.7,0.290283203125,0.29687817417562234,0.006594971050622345,0.01150953057002986,1.0625763829055206,0.010831720669866644
5,markov,linear,0.02,5772,axis_3,0.95,0.230865478515625,0.2345633427670446,0.0036978642514196025,0.00826045751372759,0.7829510189830152,0.010550414155482166
5,markov,linear,0.02,5772,axis_3,1.2,0.1810302734375,0.18025311076634265,0.0007771626711573498,0.004946246538512517,0.6198362233615538,0.007979924941604042
5,markov,linear,0.02,5772,mean,0.45,0.35650634765625,0.3659624897329099,0.009456142076659901,0.014642194122983832,1.6528965956308097,0.008858505826491706
5,markov,linear,0.02,5772,mean,0.7,0.290008544921875,0.2970581682216714,0.007049623299796415,0.011962807674312457,1.0625763829055206,0.011258303748104418
5,markov,linear,0.02,5772,mean,0.95,0.22833251953125,0.23478007531485945,0.006447555783609449,0.01099251601678924,0.7829510189830152,0.014039851472532157
5,markov,linear,0.02,5772,mean,1.2,0.175750732421875,0.1804873593037899,0.004736626881914896,0.008857687100099532,0.6198362233615538,0.014290366981235295
5,markov,linear,0.02,5772,alternating,0.45,0.360198974609375,0.3659624897329099,0.005763515123534901,0.01096137785096768,1.6528965956308097,0.0066316174163238515
5,markov,linear,0.02,5772,alternating,0.7,0.292266845703125,0.2970581682216714,0.004791322518546415,0.009715748914744953,1.0625763829055206,0.00914357694284349
5,markov,linear,0.02,5772,alternating,0.95,0.230133056640625,0.23478007531485945,0.004647018674234449,0.009204537202364239,0.7829510189830152,0.011756210770783754
5,markov,linear,0.02,5772,alternating,1.2,0.17462158203125,0.1804873593037899,0.005865777272539896,0.009976390519761864,0.6198362233615538,0.01609520409384429
5,markov,contractive,0.02,5772,axis_0,0.45,0.36578369140625,0.37953609687796397,0.013752405471713969,0.018967497490618903,1.6528965956308097,0.011475307977980418
5,markov,contractive,0.02,5772,axis_0,0.7,0.303253173828125,0.3166497507581355,0.013396576930010506,0.018373618645681194,1.0625763829055206,0.017291574461160305
5,markov,contractive,0.02,5772,axis_0,0.95,0.250091552734375,0.25866180238214476,0.008570249647769757,0.013259298292641967,0.7829510189830152,0.01693502910292477
5,markov,contractive,0.02,5772,axis_0,1.2,0.19903564453125,0.20671712695869493,0.00768148242744493,0.01200466053803546,0.6198362233615538,0.01936747173782562
5,markov,contractive,0.02,5772,axis_3,0.45,0.3857421875,0.39466305647493005,0.008920868974930052,0.014191407810821923,1.6528965956308097,0.008585780773180144
5,markov,contractive,0.02,5772,axis_3,0.7,0.3299560546875,0.33884318576627004,0.008887131078770039,0.013978221359488507,1.0625763829055206,0.013155027332026998
5,markov,contractive,0.02,5772,axis_3,0.95,0.277069091796875,0.2863570239956348,0.009287932198759785,0.014133822079974115,0.7829510189830152,0.018051987592190264
5,markov,contractive,0.02,5772,axis_3,1.2,0.232025146484375,0.23807901327402803,0.0060538667896530285,0.010624455383865656,0.6198362233615538,0.01714074618976948
5,markov,contractive,0.02,5772,mean,0.45,0.386474609375,0.40096418930337396,0.014489579928373963,0.019761973934511422,1.6528965956308097,0.011955965053560705
5,markov,contractive,0.02,5772,mean,0.7,0.333251953125,0.3481889555140353,0.014937002389035281,0.020040857436521436,1.0625763829055206,0.018860627583046307
5,markov,contractive,0.02,5772,mean,0.95,0.280517578125,0.29820266550902386,0.017685087384023856,0.022549397313069403,0.7829510189830152,0.0288005210624275
5,markov,contractive,0.02,5772,mean,1.2,0.23480224609375,0.2517671280876175,0.016964881993867476,0.021554421057300863,0.6198362233615538,0.034774381110553546
5,markov,contractive,0.02,5772,alternating,0.45,0.393890380859375,0.40096418930337396,0.0070738084439989635,0.012364279949869661,1.6528965956308097,0.007480371114897826
5,markov,contractive,0.02,5772,alternating,0.7,0.340728759765625,0.3481889555140353,0.007460195748410281,0.012591970260817997,1.0625763829055206,0.011850414203999503
5,markov,contractive,0.02,5772,alternating,0.95,0.289581298828125,0.29820266550902386,0.008621366680898856,0.013532407596347409,0.7829510189830152,0.01728384952346677
5,markov,contractive,0.02,5772,alternating,1.2,0.243377685546875,0.2517671280876175,0.008389442540742476,0.01303578327334803,0.6198362233615538,0.021031012357830836
5,markov,sgd,0.01,1729,axis_0,0.45,0.360992431640625,0.37247556690636774,0.011483135265742739,0.016683492201871184,1.5080312054255802,0.011063094809873613
5,markov,sgd,0.01,1729,axis_0,0.7,0.296905517578125,0.30641843457937845,0.009512917001253451,0.014459975922417432,0.9694486320593017,0.01491567004607719
5,markov,sgd,0.01,1729,axis_0,0.95,0.24072265625,0.24611934532395208,0.005396689073952077,0.010025717075526444,0.7143305709910643,0.01403512250864013
5,markov,sgd,0.01,1729,axis_0,1.2,0.18878173828125,0.19284038841101792,0.004058650129767916,0.008295859788470968,0.5655117020345927,0.014669651854460663
5,markov,sgd,0.01,1729,axis_3,0.45,0.34393310546875,0.3521093892282766,0.008176283759526615,0.013319587306371432,1.5080312054255802,0.008832434805361023
5,markov,sgd,0.01,1729,axis_3,0.7,0.273773193359375,0.2774149081187677,0.003641714759392678,0.008469664079260787,0.9694486320593017,0.00873657850366918
5,markov,sgd,0.01,1729,axis_3,0.95,0.212554931640625,0.21143708379782966,0.0011178478427953387,0.005547573502655081,0.7143305709910643,0.0077661151964395995
5,markov,sgd,0.01,1729,axis_3,1.2,0.16033935546875,0.15568504022228957,0.004654315246460428,0.008627173494043936,0.5655117020345927,0.015255517194436777
5,markov,sgd,0.01,1729,mean,0.45,0.347808837890625,0.35185295863554567,0.004044120744920665,0.009201022589476117,1.5080312054255802,0.006101347608970402
5,markov,sgd,0.01,1729,mean,0.7,0.274505615234375,0.27705487468688905,0.002549259452514052,0.007381224097550424,0.9694486320593017,0.007613837240526335
5,markov,sgd,0.01,1729,mean,0.95,0.20831298828125,0.21101528766159028,0.0027022993803402784,0.0070993963005694305,0.7143305709910643,0.009938530687157499
5,markov,sgd,0.01,1729,mean,1.2,0.15325927734375,0.15524515316610832,0.0019858758223583184,0.005886370719566322,0.5655117020345927,0.01040892822975792
5,markov,sgd,0.01,1729,alternating,0.45,0.352813720703125,0.35185295863554567,0.0009607620675793349,0.006134667514209789,1.5080312054255802,0.004067997725868365
5,markov,sgd,0.01,1729,alternating,0.7,0.27862548828125,0.27705487468688905,0.0015706135943609478,0.006424861163906383,0.9694486320593017,0.0066273353238517655
5,markov,sgd,0.01,1729,alternating,0.95,0.21221923828125,0.21101528766159028,0.0012039506196597216,0.005631120273772518,0.7143305709910643,0.007883073331104794
5,markov,sgd,0.01,1729,alternating,1.2,0.154296875,0.15524515316610832,0.0009482781661083184,0.0048595557296417955,0.5655117020345927,0.008593201010974896
5,markov,linear,0.01,1729,axis_0,0.45,0.3760986328125,0.38709788713505733,0.010999254322557328,0.016244187384091037,1.5080312054255802,0.010771784645866648
5,markov,linear,0.01,1729,axis_0,0.7,0.31805419921875,0.3276993408271379,0.00964514160838792,0.014687765771735861,0.9694486320593017,0.01515063850318312
5,markov,linear,0.01,1729,axis_0,0.95,0.264984130859375,0.2723706743188794,0.007386543459504402,0.012165019301687549,0.7143305709910643,0.017029957551459356
5,markov,linear,0.01,1729,axis_0,1.2,0.217559814453125,0.22212306122319458,0.0045632467700695845,0.009030556018549232,0.5655117020345927,0.015968822547896326
5,markov,linear,0.01,1729,axis_3,0.45,0.357696533203125,0.365836716895382,0.008140183692256997,0.013330079062284582,1.5080312054255802,0.008839392059213198
5,markov,linear,0.01,1729,axis_3,0.7,0.2923583984375,0.29687817417562234,0.004519775738122345,0.009444654790048971,0.9694486320593017,0.009742295236403239
5,markov,linear,0.01,1729,axis_3,0.95,0.2340087890625,0.2345633427670446,0.0005545537045446025,0.005138706468230182,0.7143305709910643,0.007193737293226476
5,markov,linear,0.01,1729,axis_3,1.2,0.18408203125,0.18025311076634265,0.00382892048365735,0.00802515789733978,0.5655117020345927,0.014190966992313233
5,markov,linear,0.01,1729,mean,0.45,0.360382080078125,0.3659624897329099,0.005580409654784901,0.010778849335260896,1.5080312054255802,0.007147630166060791
5,markov,linear,0.01,1729,mean,0.7,0.29345703125,0.2970581682216714,0.0036011369716714148,0.008531429104490413,0.9694486320593017,0.008800290002336649
5,markov,linear,0.01,1729,mean,0.95,0.23187255859375,0.23478007531485945,0.002907516721109449,0.0074770560684854605,0.7143305709910643,0.010467221160802023
5,markov,linear,0.01,1729,mean,1.2,0.17767333984375,0.1804873593037899,0.002814019460039896,0.006952723988079997,0.5655117020345927,0.012294571382105008
5,markov,linear,0.01,1729,alternating,0.45,0.367462158203125,0.3659624897329099,0.0014996684702150986,0.006719790683621055,1.5080312054255802,0.00445600240860047
5,markov,linear,0.01,1729,alternating,0.7,0.29827880859375,0.2970581682216714,0.0012206403720785852,0.006174282176797319,0.9694486320593017,0.006368859548217543
5,markov,linear,0.01,1729,alternating,0.95,0.2357177734375,0.23478007531485945,0.0009376981226405512,0.005533424346367697,0.7143305709910643,0.007746307621540834
5,markov,linear,0.01,1729,alternating,1.2,0.181365966796875,0.1804873593037899,0.000878607493085104,0.005050699711658734,0.5655117020345927,0.008931202826550492
5,markov,contractive,0.01,1729,axis_0,0.45,0.368011474609375,0.37953609687796397,0.011524622268588969,0.016746375937444512,1.5080312054255802,0.011104794036883693
5,markov,contractive,0.01,1729,axis_0,0.7,0.3065185546875,0.3166497507581355,0.010131196070635506,0.015123222905382913,0.9694486320593017,0.015599818706493174
5,markov,contractive,0.01,1729,axis_0,0.95,0.250823974609375,0.25866180238214476,0.007837827772769757,0.012531443842126684,0.7143305709910643,0.017542919694365763
5,markov,contractive,0.01,1729,axis_0,1.2,0.201934814453125,0.20671712695869493,0.00478231250556993,0.009128974667532978,0.5655117020345927,0.016142857229459337
5,markov,contractive,0.01,1729,axis_3,0.45,0.38690185546875,0.39466305647493005,0.007761201006180052,0.013034671386162345,1.5080312054255802,0.008643502428375706
5,markov,contractive,0.01,1729,axis_3,0.7,0.333251953125,0.33884318576627004,0.005591232641270039,0.010695087688756193,0.9694486320593017,0.011032134488691475
5,markov,contractive,0.01,1729,axis_3,0.95,0.285186767578125,0.2863570239956348,0.0011702564175097852,0.006058941714253714,0.7143305709910643,0.008481985736446252
5,markov,contractive,0.01,1729,axis_3,1.2,0.2386474609375,0.23807901327402803,0.0005684476634719715,0.005183773989030434,0.5655117020345927,0.009166519402481506
5,markov,contractive,0.01,1729,mean,0.45,0.3946533203125,0.40096418930337396,0.0063108689908739635,0.011603127705086308,1.5080312054255802,0.007694222548804485
5,markov,contractive,0.01,1729,mean,0.7,0.339324951171875,0.3481889555140353,0.008864004342160281,0.013990645906481617,0.9694486320593017,0.01443154948474444
5,markov,contractive,0.01,1729,mean,0.95,0.289703369140625,0.29820266550902386,0.008499296368398856,0.013410950240769007,0.7143305709910643,0.01877415133187232
5,markov,contractive,0.01,1729,mean,1.2,0.244140625,0.2517671280876175,0.0076265030876174755,0.012277773960022222,0.5655117020345927,0.021710910518472674
5,markov,contractive,0.01,1729,alternating,0.45,0.40679931640625,0.40096418930337396,0.0058351271028760365,0.011154029640985752,1.5080312054255802,0.007396418324008078
5,markov,contractive,0.01,1729,alternating,0.7,0.353240966796875,0.3481889555140353,0.005052011282839719,0.010227339381408419,0.9694486320593017,0.010549645482178377
5,markov,contractive,0.01,1729,alternating,0.95,0.297210693359375,0.29820266550902386,0.0009919721496488565,0.005940498551826398,0.7143305709910643,0.008316175721815366
5,markov,contractive,0.01,1729,alternating,1.2,0.25238037109375,0.2517671280876175,0.0006132430061325245,0.005316505727497386,0.5655117020345927,0.009401230263440547
5,markov,sgd,0.01,2718,axis_0,0.45,0.367919921875,0.37247556690636774,0.004555645031367739,0.00977712729687167,1.5080312054255802,0.006483372002976872
5,markov,sgd,0.01,2718,axis_0,0.7,0.305267333984375,0.30641843457937845,0.0011511005950034514,0.006137420416781004,0.9694486320593017,0.006330836120469739
5,markov,sgd,0.01,2718,axis_0,0.95,0.245361328125,0.24611934532395208,0.0007580171989520768,0.005417134978952663,0.7143305709910643,0.007583512730579225
5,markov,sgd,0.01,2718,axis_0,1.2,0.19427490234375,0.19284038841101792,0.0014345139327320844,0.005718350556432498,0.5655117020345927,0.010111816494440469
5,markov,sgd,0.01,2718,axis_3,0.45,0.350067138671875,0.3521093892282766,0.0020422505564016147,0.007206902088440598,1.5080312054255802,0.004779013897399254
5,markov,sgd,0.01,2718,axis_3,0.7,0.27740478515625,0.2774149081187677,1.012296251767797e-05,0.0048578216562235104,0.9694486320593017,0.005010911868434464
5,markov,sgd,0.01,2718,axis_3,0.95,0.21368408203125,0.21143708379782966,0.0022469982334203387,0.006685288719117617,0.7143305709910643,0.009358816478822161
5,markov,sgd,0.01,2718,axis_3,1.2,0.16015625,0.15568504022228957,0.004471209777710428,0.00844223181210513,0.5655117020345927,0.014928482968136198
5,markov,sgd,0.01,2718,mean,0.45,0.35009765625,0.35185295863554567,0.001755302385545665,0.006920057770695603,1.5080312054255802,0.004588802768668636
5,markov,sgd,0.01,2718,mean,0.7,0.276123046875,0.27705487468688905,0.0009318278118890522,0.005772601810829443,0.9694486320593017,0.005954520559348554
5,markov,sgd,0.01,2718,mean,0.95,0.20855712890625,0.21101528766159028,0.0024581587553402784,0.0068571531582816625,0.7143305709910643,0.00959941158442656
5,markov,sgd,0.01,2718,mean,1.2,0.154449462890625,0.15524515316610832,0.0007956902754833184,0.0047085482984552,0.5655117020345927,0.008326173059752485
5,markov,sgd,0.01,2718,alternating,0.45,0.347991943359375,0.35185295863554567,0.003861015276170665,0.00901855022624393,1.5080312054255802,0.005980347219472035
5,markov,sgd,0.01,2718,alternating,0.7,0.2750244140625,0.27705487468688905,0.002030460624389052,0.006865259570241147,0.9694486320593017,0.007081612519951646
5,markov,sgd,0.01,2718,alternating,0.95,0.2095947265625,0.21101528766159028,0.0014205610990902784,0.005827592999797206,0.7143305709910643,0.008158117874910473
5,markov,sgd,0.01,2718,alternating,1.2,0.1536865234375,0.15524515316610832,0.0015586297286083184,0.005463572067598838,0.5655117020345927,0.009661289143871028
5,markov,linear,0.01,2718,axis_0,0.45,0.383056640625,0.38709788713505733,0.004041246510057328,0.009304875239245586,1.5080312054255802,0.006170213988787894
5,markov,linear,0.01,2718,axis_0,0.7,0.3253173828125,0.3276993408271379,0.0023819580146379193,0.007454603355230076,0.9694486320593017,0.007689528984527026
5,markov,linear,0.01,2718,axis_0,0.95,0.2733154296875,0.2723706743188794,0.0009447553686205978,0.005770186795166059,0.7143305709910643,0.008077754235214216
5,markov,linear,0.01,2718,axis_0,1.2,0.223602294921875,0.22212306122319458,0.0014792336986804155,0.005990633890436045,0.5655117020345927,0.010593297837839603
5,markov,linear,0.01,2718,axis_3,0.45,0.3621826171875,0.365836716895382,0.003654099707881997,0.008858169122717755,1.5080312054255802,0.00587399590329956
5,markov,linear,0.01,2718,axis_3,0.7,0.296234130859375,0.29687817417562234,0.0006440433162473447,0.005587864471939101,0.9694486320593017,0.005763961376756359
5,markov,linear,0.01,2718,axis_3,0.95,0.235015869140625,0.2345633427670446,0.0004525263735803975,0.0050435117680496825,0.7143305709910643,0.007060473081884623
5,markov,linear,0.01,2718,axis_3,1.2,0.1839599609375,0.18025311076634265,0.00370685017115735,0.007902009814533092,0.5655117020345927,0.013973203005531655
5,markov,linear,0.01,2718,mean,0.45,0.36407470703125,0.3659624897329099,0.0018877827016599014,0.007097682943580224,1.5080312054255802,0.004706588907473697
5,markov,linear,0.01,2718,mean,0.7,0.297088623046875,0.2970581682216714,3.0454825203585223e-05,0.004978394552004257,0.9694486320593017,0.005135284518818864
5,markov,linear,0.01,2718,mean,0.95,0.234161376953125,0.23478007531485945,0.0006186983617344488,0.0052038886938523925,0.7143305709910643,0.007284986678692054
5,markov,linear,0.01,2718,mean,1.2,0.179443359375,0.1804873593037899,0.001043999928789896,0.00519878996726616,0.5655117020345927,0.009193072307013281
5,markov,linear,0.01,2718,alternating,0.45,0.363037109375,0.3659624897329099,0.0029253803579099014,0.00813209383980477,1.5080312054255802,0.005392523583429309
5,markov,linear,0.01,2718,alternating,0.7,0.294158935546875,0.2970581682216714,0.0028992326747964148,0.007832965040226975,0.9694486320593017,0.00807981442357415
5,markov,linear,0.01,2718,alternating,0.95,0.232421875,0.23478007531485945,0.002358200314859449,0.006931513030949352,0.7143305709910643,0.00970350886891562
5,markov,linear,0.01,2718,alternating,1.2,0.17926025390625,0.1804873593037899,0.001227105397539896,0.00538023840800172,0.5655117020345927,0.00951392939994831
5,markov,contractive,0.01,2718,axis_0,0.45,0.375,0.37953609687796397,0.004536096877963969,0.009777972916587628,1.5080312054255802,0.006483932747153064
5,markov,contractive,0.01,2718,axis_0,0.7,0.315460205078125,0.3166497507581355,0.0011895456800105064,0.006221106709219229,0.9694486320593017,0.006417159716863349
5,markov,contractive,0.01,2718,axis_0,0.95,0.257476806640625,0.25866180238214476,0.0011849957415197565,0.005919289182129812,0.7143305709910643,0.008286484468832648
5,markov,contractive,0.01,2718,axis_0,1.2,0.20733642578125,0.20671712695869493,0.00061929882255507,0.005008781690093243,0.5655117020345927,0.008857078769674785
5,markov,contractive,0.01,2718,axis_3,0.45,0.38958740234375,0.39466305647493005,0.005075654131180052,0.010355792461514829,1.5080312054255802,0.006867094277795352
5,markov,contractive,0.01,2718,axis_3,0.7,0.336029052734375,0.33884318576627004,0.0028141330318950386,0.00792852555015374,0.9694486320593017,0.008178386443551915
5,markov,contractive,0.01,2718,axis_3,0.95,0.285430908203125,0.2863570239956348,0.0009261157925097852,0.005816057896059912,0.7143305709910643,0.008141969743771005
5,markov,contractive,0.01,2718,axis_3,1.2,0.23736572265625,0.23807901327402803,0.0007132906177780285,0.005320079036691375,0.5655117020345927,0.009407548981835115
5,markov,contractive,0.01,2718,mean,0.45,0.396514892578125,0.40096418930337396,0.0044492967252489635,0.009745859625959634,1.5080312054255802,0.006462637902250347
5,markov,contractive,0.01,2718,mean,0.7,0.344879150390625,0.3481889555140353,0.003309805123410281,0.008456462822040703,0.9694486320593017,0.008722961219799232
5,markov,contractive,0.01,2718,mean,0.95,0.29345703125,0.29820266550902386,0.0047456342590238565,0.009675926391842855,0.7143305709910643,0.013545446302848898
5,markov,contractive,0.01,2718,mean,1.2,0.2457275390625,0.2517671280876175,0.0060395890251174755,0.010701050993685826,0.5655117020345927,0.018922775523805585
5,markov,contractive,0.01,2718,alternating,0.45,0.396514892578125,0.40096418930337396,0.0044492967252489635,0.009745859625959634,1.5080312054255802,0.006462637902250347
5,markov,contractive,0.01,2718,alternating,0.7,0.341400146484375,0.3481889555140353,0.006788809029660281,0.01192302070920876,0.9694486320593017,0.012298764797761274
5,markov,contractive,0.01,2718,alternating,0.95,0.291534423828125,0.29820266550902386,0.0066682416808988565,0.01158903814321786,0.7143305709910643,0.016223634566191386
5,markov,contractive,0.01,2718,alternating,1.2,0.246307373046875,0.2517671280876175,0.0054597550407424755,0.010124919339633841,0.5655117020345927,0.01790399615641286
5,markov,sgd,0.01,3141,axis_0,0.45,0.36181640625,0.37247556690636774,0.010659160656367739,0.015862091451816364,1.5080312054255802,0.010518410623565271
5,markov,sgd,0.01,3141,axis_0,0.7,0.299346923828125,0.30641843457937845,0.007071510751253451,0.012030235708640232,0.9694486320593017,0.012409358588794559
5,markov,sgd,0.01,3141,axis_0,0.95,0.242645263671875,0.24611934532395208,0.0034740816520770768,0.008115670692275284,0.7143305709910643,0.011361225491183414
5,markov,sgd,0.01,3141,axis_0,1.2,0.19268798828125,0.19284038841101792,0.00015240012976791562,0.00442290412300199,0.5655117020345927,0.007821065606758104
5,markov,sgd,0.01,3141,axis_3,0.45,0.34478759765625,0.3521093892282766,0.007321791572026615,0.012468125661938579,1.5080312054255802,0.008267816751457713
5,markov,sgd,0.01,3141,axis_3,0.7,0.271697998046875,0.2774149081187677,0.005716910071892678,0.010533393550926657,0.9694486320593017,0.010865344694490553
5,markov,sgd,0.01,3141,axis_3,0.95,0.20855712890625,0.21143708379782966,0.0028799548915796613,0.007278949294521045,0.7143305709910643,0.010189889093535798
5,markov,sgd,0.01,3141,axis_3,1.2,0.155548095703125,0.15568504022228957,0.0001369445191645724,0.004061142526330545,0.5655117020345927,0.007181358956356527
5,markov,sgd,0.01,3141,mean,0.45,0.3480224609375,0.35185295863554567,0.003830497698045665,0.008988138084056307,1.5080312054255802,0.0059601804337462445
5,markov,sgd,0.01,3141,mean,0.7,0.2740478515625,0.27705487468688905,0.003007023124389052,0.00783648010846533,0.9694486320593017,0.0080834402662667
5,markov,sgd,0.01,3141,mean,0.95,0.20916748046875,0.21101528766159028,0.0018478071928402784,0.006251534783376745,0.7143305709910643,0.008751599101664299
5,markov,sgd,0.01,3141,mean,1.2,0.156524658203125,0.15524515316610832,0.0012795050370166816,0.005213725395348354,0.5655117020345927,0.009219482773902754
5,markov,sgd,0.01,3141,alternating,0.45,0.355194091796875,0.35185295863554567,0.003341133161329335,0.008522907244856947,1.5080312054255802,0.005651678303600955
5,markov,sgd,0.01,3141,alternating,0.7,0.278411865234375,0.27705487468688905,0.0013569905474859478,0.006210095300206258,0.9694486320593017,0.006405801292446801
5,markov,sgd,0.01,3141,alternating,0.95,0.21221923828125,0.21101528766159028,0.0012039506196597216,0.005631120273772518,0.7143305709910643,0.007883073331104794
5,markov,sgd,0.01,3141,alternating,1.2,0.1561279296875,0.15524515316610832,0.0008827765213916816,0.0048129318130121414,0.5655117020345927,0.008510755472780176
5,markov,linear,0.01,3141,axis_0,0.45,0.37750244140625,0.38709788713505733,0.009595445728807328,0.01484424316306729,1.5080312054255802,0.009843458881792907
5,markov,linear,0.01,3141,axis_0,0.7,0.319061279296875,0.3276993408271379,0.00863806153026292,0.013684932136008443,0.9694486320593017,0.014116201398870331
5,markov,linear,0.01,3141,axis_0,0.95,0.26763916015625,0.2723706743188794,0.004731514162629402,0.009525188098105847,0.7143305709910643,0.013334425943566397
5,markov,linear,0.01,3141,axis_0,1.2,0.22064208984375,0.22212306122319458,0.0014809713794445845,0.005970944683961111,0.5655117020345927,0.010558481217062179
5,markov,linear,0.01,3141,axis_3,0.45,0.35772705078125,0.365836716895382,0.008109666114131997,0.013299659572746078,1.5080312054255802,0.008819220401339634
5,markov,linear,0.01,3141,axis_3,0.7,0.291015625,0.29687817417562234,0.005862549175622345,0.010780765077102045,0.9694486320593017,0.01112051192872546
5,markov,linear,0.01,3141,axis_3,0.95,0.23138427734375,0.2345633427670446,0.0031790654232946025,0.007745241543426079,0.7143305709910643,0.010842657248562537
5,markov,linear,0.01,3141,axis_3,1.2,0.17938232421875,0.18025311076634265,0.0008707865475926502,0.005025024421967324,0.5655117020345927,0.008885800954937517
5,markov,linear,0.01,3141,mean,0.45,0.3634033203125,0.3659624897329099,0.0025591694204099014,0.007767010631247818,1.5080312054255802,0.005150430974706453
5,markov,linear,0.01,3141,mean,0.7,0.294525146484375,0.2970581682216714,0.0025330217372964148,0.007468543409096581,0.9694486320593017,0.0077039083476057
5,markov,linear,0.01,3141,mean,0.95,0.232879638671875,0.23478007531485945,0.0019004366429844488,0.006476885551537638,0.7143305709910643,0.009067070365687399
5,markov,linear,0.01,3141,mean,1.2,0.180267333984375,0.1804873593037899,0.000220025319414896,0.004382252133955718,0.5655117020345927,0.007749180287851326
5,markov,linear,0.01,3141,alternating,0.45,0.37060546875,0.3659624897329099,0.004642979017090099,0.009872338506605169,1.5080312054255802,0.006546508103470647
5,markov,linear,0.01,3141,alternating,0.7,0.299957275390625,0.2970581682216714,0.0028991071689535852,0.007860722343644003,0.9694486320593017,0.00810844647533956
5,markov,linear,0.01,3141,alternating,0.95,0.2371826171875,0.23478007531485945,0.002402541872640551,0.0070081058847124835,0.7143305709910643,0.009810732130628844
5,markov,linear,0.01,3141,alternating,1.2,0.181610107421875,0.1804873593037899,0.001122748118085104,0.005297024878783681,0.5655117020345927,0.009366782083776684
5,markov,contractive,0.01,3141,axis_0,0.45,0.36871337890625,0.37953609687796397,0.010822717971713969,0.016046545681653795,1.5080312054255802,0.010640725221017765
5,markov,contractive,0.01,3141,axis_0,0.7,0.3079833984375,0.3166497507581355,0.008666352320635506,0.013665005601004778,0.9694486320593017,0.014095646895676762
5,markov,contractive,0.01,3141,axis_0,0.95,0.25421142578125,0.25866180238214476,0.0044503766008947565,0.009164885934298067,0.7143305709910643,0.012830034589703583
5,markov,contractive,0.01,3141,axis_0,1.2,0.205718994140625,0.20671712695869493,0.00099813281806993,0.005374919583268174,0.5655117020345927,0.009504524068963275
5,markov,contractive,0.01,3141,axis_3,0.45,0.384552001953125,0.39466305647493005,0.010111054521805052,0.015378551848203689,1.5080312054255802,0.010197767654193682
5,markov,contractive,0.01,3141,axis_3,0.7,0.330535888671875,0.33884318576627004,0.008307297094395039,0.013400653472242424,0.9694486320593017,0.01382296392927676
5,markov,contractive,0.01,3141,axis_3,0.95,0.280059814453125,0.2863570239956348,0.006297209542509785,0.011159094855674928,0.7143305709910643,0.015621751761502755
5,markov,contractive,0.01,3141,axis_3,1.2,0.233001708984375,0.23807901327402803,0.0050773042896530285,0.009654588246848905,0.5655117020345927,0.017072304979921224
5,markov,contractive,0.01,3141,mean,0.45,0.398773193359375,0.40096418930337396,0.0021909959439989635,0.007492672758154992,1.5080312054255802,0.004968513072672452
5,markov,contractive,0.01,3141,mean,0.7,0.346710205078125,0.3481889555140353,0.001478750435910281,0.006631835995632358,0.9694486320593017,0.00684083279538496
5,markov,contractive,0.01,3141,mean,0.95,0.295440673828125,0.29820266550902386,0.0027619916808988565,0.0077019698587547265,0.7143305709910643,0.010782080694193154
5,markov,contractive,0.01,3141,mean,1.2,0.24627685546875,0.2517671280876175,0.0054902726188674755,0.010155242342170447,0.5655117020345927,0.017957616625145
5,markov,contractive,0.01,3141,alternating,0.45,0.402313232421875,0.40096418930337396,0.0013490431185010365,0.006658499812765527,1.5080312054255802,0.00441535943607111
5,markov,contractive,0.01,3141,alternating,0.7,0.34722900390625,0.3481889555140353,0.000959951607785281,0.006114843074786592,0.9694486320593017,0.006307547272306166
5,markov,contractive,0.01,3141,alternating,0.95,0.296722412109375,0.29820266550902386,0.0014802533996488565,0.0064264305636387966,0.7143305709910643,0.008996437818309732
5,markov,contractive,0.01,3141,alternating,1.2,0.250579833984375,0.2517671280876175,0.0011872941032424755,0.0058793896810558416,0.5655117020345927,0.010396583589522602
5,markov,sgd,0.01,5772,axis_0,0.45,0.358734130859375,0.37247556690636774,0.013741436046992739,0.01893465359487506,1.5080312054255802,0.012555876514194233
5,markov,sgd,0.01,5772,axis_0,0.7,0.296234130859375,0.30641843457937845,0.010184303720003451,0.015128124875695207,0.9694486320593017,0.015604875158325884
5,markov,sgd,0.01,5772,axis_0,0.95,0.24090576171875,0.24611934532395208,0.005213583605202077,0.009843813396627746,0.7143305709910643,0.013780473349993142
5,markov,sgd,0.01,5772,axis_0,1.2,0.188995361328125,0.19284038841101792,0.0038450270828929156,0.008084075192973241,0.5655117020345927,0.01429515103558146
5,markov,sgd,0.01,5772,axis_3,0.45,0.344024658203125,0.3521093892282766,0.008084731025151615,0.013228360154465005,1.5080312054255802,0.008771940598359064
5,markov,sgd,0.01,5772,axis_3,0.7,0.27056884765625,0.2774149081187677,0.006846060462517678,0.011656249602045381,0.9694486320593017,0.012023586620866326
5,markov,sgd,0.01,5772,axis_3,0.95,0.209503173828125,0.21143708379782966,0.0019339099697046613,0.006340234421401382,0.7143305709910643,0.008875770796992382
5,markov,sgd,0.01,5772,axis_3,1.2,0.156585693359375,0.15568504022228957,0.0009006531370854276,0.004835498101327535,0.5655117020345927,0.008550659666157968
5,markov,sgd,0.01,5772,mean,0.45,0.3427734375,0.35185295863554567,0.009079521135545665,0.014218682302101375,1.5080312054255802,0.009428639308620097
5,markov,sgd,0.01,5772,mean,0.7,0.269866943359375,0.27705487468688905,0.007187931327514052,0.011994187939968988,0.9694486320593017,0.012372174804652566
5,markov,sgd,0.01,5772,mean,0.95,0.20513916015625,0.21101528766159028,0.005876127505340278,0.010248336779267207,0.7143305709910643,0.014346770522572811
5,markov,sgd,0.01,5772,mean,1.2,0.1488037109375,0.15524515316610832,0.006441442228608318,0.010294919889397604,0.5655117020345927,0.018204609829219516
5,markov,sgd,0.01,5772,alternating,0.45,0.346221923828125,0.35185295863554567,0.005631034807420665,0.010782414515831246,1.5080312054255802,0.007149994295236318
5,markov,sgd,0.01,5772,alternating,0.7,0.273590087890625,0.27705487468688905,0.003464786796264052,0.008291729727149737,0.9694486320593017,0.008553036698330735
5,markov,sgd,0.01,5772,alternating,0.95,0.208038330078125,0.21101528766159028,0.0029769575834652784,0.007371916955915131,0.7143305709910643,0.010320035646363716
5,markov,sgd,0.01,5772,alternating,1.2,0.15362548828125,0.15524515316610832,0.0016196648848583184,0.0055239725207768655,0.5655117020345927,0.009768095869462593
5,markov,linear,0.01,5772,axis_0,0.45,0.37322998046875,0.38709788713505733,0.013867906666307328,0.01910479691328218,1.5080312054255802,0.012668701313704334
5,markov,linear,0.01,5772,axis_0,0.7,0.317230224609375,0.3276993408271379,0.01046911621776292,0.015508245806938352,0.9694486320593017,0.015996975284802616
5,markov,linear,0.01,5772,axis_0,0.95,0.26416015625,0.2723706743188794,0.008210518068879402,0.012984232223137545,0.7143305709910643,0.01817678362151459
5,markov,linear,0.01,5772,axis_0,1.2,0.216064453125,0.22212306122319458,0.0060586080981945845,0.010514790344431398,0.5655117020345927,0.018593408954406043
5,markov,linear,0.01,5772,axis_3,0.45,0.3582763671875,0.365836716895382,0.007560349707881997,0.012752104847953551,1.5080312054255802,0.00845612796477563
5,markov,linear,0.01,5772,axis_3,0.7,0.2901611328125,0.29687817417562234,0.006717041363122345,0.011630989976725832,0.9694486320593017,0.011997530959447842
5,markov,linear,0.01,5772,axis_3,0.95,0.22857666015625,0.2345633427670446,0.0059866826107946025,0.010533352595336807,0.7143305709910643,0.014745767608297657
5,markov,linear,0.01,5772,axis_3,1.2,0.17822265625,0.18025311076634265,0.00203045451634265,0.006174167267513348,0.5655117020345927,0.01091784174456512
5,markov,linear,0.01,5772,mean,0.45,0.35516357421875,0.3659624897329099,0.010798915514159901,0.015980589604587814,1.5080312054255802,0.010596988674433925
5,markov,linear,0.01,5772,mean,0.7,0.28924560546875,0.2970581682216714,0.007812562752921415,0.0127219158074108,0.9694486320593017,0.013122836411029763
5,markov,linear,0.01,5772,mean,0.95,0.227142333984375,0.23478007531485945,0.007637741330484449,0.012174335240348234,0.7143305709910643,0.017042999046586408
5,markov,linear,0.01,5772,mean,1.2,0.173828125,0.1804873593037899,0.006659234303789896,0.010762468730938411,0.5655117020345927,0.01903138112300294
5,markov,linear,0.01,5772,alternating,0.45,0.36083984375,0.3659624897329099,0.005122645982909901,0.010322524458807603,1.5080312054255802,0.00684503372454716
5,markov,linear,0.01,5772,alternating,0.7,0.29248046875,0.2970581682216714,0.004577699471671415,0.009503181689515864,0.9694486320593017,0.009802666562465735
5,markov,linear,0.01,5772,alternating,0.95,0.230621337890625,0.23478007531485945,0.004158737424234449,0.008719641267982272,0.7143305709910643,0.012206731199932569
5,markov,linear,0.01,5772,alternating,1.2,0.178131103515625,0.1804873593037899,0.002356255788164896,0.006499134848902716,0.5655117020345927,0.011492485169661724
5,markov,contractive,0.01,5772,axis_0,0.45,0.366119384765625,0.37953609687796397,0.013416712112338969,0.01863281562382699,1.5080312054255802,0.012355722850289852
5,markov,contractive,0.01,5772,axis_0,0.7,0.3060302734375,0.3166497507581355,0.010619477320635506,0.015609282181288245,0.9694486320593017,0.016101195736519868
5,markov,contractive,0.01,5772,axis_0,0.95,0.25189208984375,0.25866180238214476,0.0067697125383947565,0.011469957494755916,0.7143305709910643,0.016056932127155726
5,markov,contractive,0.01,5772,axis_0,1.2,0.20123291015625,0.20671712695869493,0.00548421680244493,0.00982522583360915,0.5655117020345927,0.017374045131621583
5,markov,contractive,0.01,5772,axis_3,0.45,0.389251708984375,0.39466305647493005,0.005411347490555052,0.010690661546345268,1.5080312054255802,0.007089151410052065
5,markov,contractive,0.01,5772,axis_3,0.7,0.3321533203125,0.33884318576627004,0.006689865453770039,0.011789496877027787,0.9694486320593017,0.012161033072979381
5,markov,contractive,0.01,5772,axis_3,0.95,0.280059814453125,0.2863570239956348,0.006297209542509785,0.011159094855674928,0.7143305709910643,0.015621751761502755
5,markov,contractive,0.01,5772,axis_3,1.2,0.233489990234375,0.23807901327402803,0.0045890230396530285,0.00916964185532352,0.5655117020345927,0.016214769424457653
5,markov,contractive,0.01,5772,mean,0.45,0.393035888671875,0.40096418930337396,0.007928300631498963,0.013216754427756883,1.5080312054255802,0.00876424465236911
5,markov,contractive,0.01,5772,mean,0.7,0.3394775390625,0.3481889555140353,0.008711416451535281,0.013838618376676978,0.9694486320593017,0.014274730933686502
5,markov,contractive,0.01,5772,mean,0.95,0.289031982421875,0.29820266550902386,0.009170683087148856,0.014078960344659715,0.7143305709910643,0.019709306750131838
5,markov,contractive,0.01,5772,mean,1.2,0.243682861328125,0.2517671280876175,0.008084266759492476,0.012732581937188573,0.5655117020345927,0.022515152014325097
5,markov,contractive,0.01,5772,alternating,0.45,0.392913818359375,0.40096418930337396,0.008050370943998963,0.01333853511177149,1.5080312054255802,0.008844999403050969
5,markov,contractive,0.01,5772,alternating,0.7,0.3377685546875,0.3481889555140353,0.010420400826535281,0.015541292761071768,0.9694486320593017,0.016031063686230567
5,markov,contractive,0.01,5772,alternating,0.95,0.287750244140625,0.29820266550902386,0.010452421368398856,0.015354215965487163,0.7143305709910643,0.021494552506950218
5,markov,contractive,0.01,5772,alternating,1.2,0.24139404296875,0.2517671280876175,0.010373085118867476,0.015006514011937096,0.5655117020345927,0.02653616885017021
5,markov,sgd,0.005,1729,axis_0,0.45,0.364501953125,0.37247556690636774,0.007973613781367739,0.013184818612322655,1.3601881022358575,0.009693378872120437
5,markov,sgd,0.005,1729,axis_0,0.7,0.302093505859375,0.30641843457937845,0.004324928720003451,0.009296577245664716,0.8744066371516227,0.01063186948803167
5,markov,sgd,0.005,1729,axis_0,0.95,0.24261474609375,0.24611934532395208,0.0035045992302020768,0.008145989883595689,0.6442996273748799,0.012643170254165021
5,markov,sgd,0.005,1729,axis_0,1.2,0.19158935546875,0.19284038841101792,0.0012510329422679156,0.00551224162960607,0.5100705383384466,0.010806822224161744
5,markov,sgd,0.005,1729,axis_3,0.45,0.34906005859375,0.3521093892282766,0.0030493306345266147,0.008210541973698405,1.3601881022358575,0.006036328328561347
5,markov,sgd,0.005,1729,axis_3,0.7,0.27545166015625,0.2774149081187677,0.001963247962517678,0.006800374893279404,0.8744066371516227,0.007777130918666866
5,markov,sgd,0.005,1729,axis_3,0.95,0.211151123046875,0.21143708379782966,0.00028596075095466134,0.004704967933872566,0.6442996273748799,0.007302453290315226
5,markov,sgd,0.005,1729,axis_3,1.2,0.156524658203125,0.15568504022228957,0.0008396179808354276,0.0047738383391671,0.5100705383384466,0.009359172860126101
5,markov,sgd,0.005,1729,mean,0.45,0.35064697265625,0.35185295863554567,0.001205985979295665,0.006372606749778853,1.3601881022358575,0.004685092259889389
5,markov,sgd,0.005,1729,mean,0.7,0.276153564453125,0.27705487468688905,0.0009013102337640522,0.005742249683869739,0.8744066371516227,0.006567024356739905
5,markov,sgd,0.005,1729,mean,0.95,0.21038818359375,0.21101528766159028,0.0006271040678402784,0.00504025311552988,0.6442996273748799,0.007822840339153656
5,markov,sgd,0.005,1729,mean,1.2,0.15606689453125,0.15524515316610832,0.0008217413651416816,0.004751270471847965,0.5100705383384466,0.009314928259383919
5,markov,sgd,0.005,1729,alternating,0.45,0.350677490234375,0.35185295863554567,0.001175468401170665,0.006342192583668418,1.3601881022358575,0.004662731995113922
5,markov,sgd,0.005,1729,alternating,0.7,0.2777099609375,0.27705487468688905,0.0006550862506109478,0.005504426369717778,0.8744066371516227,0.006295041844202409
5,markov,sgd,0.005,1729,alternating,0.95,0.211639404296875,0.21101528766159028,0.0006241166352847216,0.00504686085526645,0.6442996273748799,0.007833096033020022
5,markov,sgd,0.005,1729,alternating,1.2,0.158203125,0.15524515316610832,0.0029579718338916816,0.006909292604676172,0.5100705383384466,0.01354575903792282
5,markov,linear,0.005,1729,axis_0,0.45,0.37982177734375,0.38709788713505733,0.007276109791307328,0.012531189294196107,1.3601881022358575,0.009212835543552777
5,markov,linear,0.005,1729,axis_0,0.7,0.32122802734375,0.3276993408271379,0.006471313483387919,0.011527228553046658,0.8744066371516227,0.013182915205900739
5,markov,linear,0.005,1729,axis_0,0.95,0.269287109375,0.2723706743188794,0.003083564943879402,0.007886561448142208,0.6442996273748799,0.012240518406436208
5,markov,linear,0.005,1729,axis_0,1.2,0.219879150390625,0.22212306122319458,0.0022439108325695845,0.0067283080199249026,0.5100705383384466,0.013190936378804287
5,markov,linear,0.005,1729,axis_3,0.45,0.363983154296875,0.365836716895382,0.001853562598506997,0.007063182708693712,1.3601881022358575,0.005192798479183397
5,markov,linear,0.005,1729,axis_3,0.7,0.29339599609375,0.29687817417562234,0.0034821780818723447,0.008412170396900589,0.8744066371516227,0.00962043291929166
5,markov,linear,0.005,1729,axis_3,0.95,0.232574462890625,0.2345633427670446,0.0019888798764196025,0.0065632388256285056,0.6442996273748799,0.010186625207854955
5,markov,linear,0.005,1729,axis_3,1.2,0.178924560546875,0.18025311076634265,0.0013285502194676502,0.005478641166996471,0.5100705383384466,0.01074094807522726
5,markov,linear,0.005,1729,mean,0.45,0.365081787109375,0.3659624897329099,0.0008807026235349014,0.006093670879765537,1.3601881022358575,0.004480020719008532
5,markov,linear,0.005,1729,mean,0.7,0.29681396484375,0.2970581682216714,0.0002442033779214148,0.005190821539472334,0.8744066371516227,0.005936393113827934
5,markov,linear,0.005,1729,mean,0.95,0.23468017578125,0.23478007531485945,9.989953360944881e-05,0.004688611394014277,0.6442996273748799,0.007277066747838193
5,markov,linear,0.005,1729,mean,1.2,0.180419921875,0.1804873593037899,6.7437428789896e-05,0.0042310378685100946,0.5100705383384466,0.008295005397278362
5,markov,linear,0.005,1729,alternating,0.45,0.365997314453125,0.3659624897329099,3.482472021509864e-05,0.005250560731986834,1.3601881022358575,0.0038601725183127523
5,markov,linear,0.005,1729,alternating,0.7,0.29644775390625,0.2970581682216714,0.0006104143154214148,0.0055552670584041045,0.8744066371516227,0.006353184916917342
5,markov,linear,0.005,1729,alternating,0.95,0.235931396484375,0.23478007531485945,0.0011513211695155512,0.005748486790120305,0.6442996273748799,0.008922070642104532
5,markov,linear,0.005,1729,alternating,1.2,0.181549072265625,0.1804873593037899,0.001061712961835104,0.005235443851155818,0.5100705383384466,0.010264156538447138
5,markov,contractive,0.005,1729,axis_0,0.45,0.3712158203125,0.37953609687796397,0.008320276565463969,0.013551402137014636,1.3601881022358575,0.009962888305477043
5,markov,contractive,0.005,1729,axis_0,0.7,0.31195068359375,0.3166497507581355,0.004699067164385506,0.009715371287472524,0.8744066371516227,0.011110816037627893
5,markov,contractive,0.005,1729,axis_0,0.95,0.255126953125,0.25866180238214476,0.0035348492571447565,0.008254940619604283,0.6442996273748799,0.012812269740459157
5,markov,contractive,0.005,1729,axis_0,1.2,0.203582763671875,0.20671712695869493,0.00313436328681993,0.007494217145153637,0.5100705383384466,0.014692511293763463
5,markov,contractive,0.005,1729,axis_3,0.45,0.3922119140625,0.39466305647493005,0.002451142412430052,0.007737634495554698,1.3601881022358575,0.005688650329197621
5,markov,contractive,0.005,1729,axis_3,0.7,0.334930419921875,0.33884318576627004,0.003912765844395039,0.00902301344282051,0.8744066371516227,0.010319012984865887
5,markov,contractive,0.005,1729,axis_3,0.95,0.283447265625,0.2863570239956348,0.002909758370634785,0.00778943809903748,0.6442996273748799,0.01208977588699623
5,markov,contractive,0.005,1729,axis_3,1.2,0.23626708984375,0.23807901327402803,0.0018119234302780285,0.006411347700005266,0.5100705383384466,0.012569531502231463
5,markov,contractive,0.005,1729,mean,0.45,0.39813232421875,0.40096418930337396,0.0028318650846239635,0.0081321026184136,1.3601881022358575,0.0059786603081192725
5,markov,contractive,0.005,1729,mean,0.7,0.34503173828125,0.3481889555140353,0.003157217232785281,0.008304413809817727,0.8744066371516227,0.00949719896554003
5,markov,contractive,0.005,1729,mean,0.95,0.29327392578125,0.29820266550902386,0.0049287397277738565,0.00985813208671656,0.6442996273748799,0.015300539792149678
5,markov,contractive,0.005,1729,mean,1.2,0.248046875,0.2517671280876175,0.0037202530876174755,0.008396456216294906,0.5100705383384466,0.016461362861000244
5,markov,contractive,0.005,1729,alternating,0.45,0.39801025390625,0.40096418930337396,0.0029539353971239635,0.008253897707904651,1.3601881022358575,0.006068203136269912
5,markov,contractive,0.005,1729,alternating,0.7,0.345489501953125,0.3481889555140353,0.002699453560910281,0.007848263253877295,0.8744066371516227,0.008975530285821013
5,markov,contractive,0.005,1729,alternating,0.95,0.295989990234375,0.29820266550902386,0.0022126752746488565,0.007155315884375727,0.6442996273748799,0.011105571973600523
5,markov,contractive,0.005,1729,alternating,1.2,0.248748779296875,0.2517671280876175,0.0030183487907424755,0.0076989773514455195,0.5100705383384466,0.01509394637166247
5,markov,sgd,0.005,2718,axis_0,0.45,0.36181640625,0.37247556690636774,0.010659160656367739,0.015862091451816364,1.3601881022358575,0.011661689604358755
5,markov,sgd,0.005,2718,axis_0,0.7,0.298492431640625,0.30641843457937845,0.007926002938753451,0.0128806639508103,0.8744066371516227,0.014730748147988708
5,markov,sgd,0.005,2718,axis_0,0.95,0.24237060546875,0.24611934532395208,0.0037487398552020768,0.00838854226162769,0.6442996273748799,0.013019629230278747
5,markov,sgd,0.005,2718,axis_0,1.2,0.192840576171875,0.19284038841101792,1.8776085708438472e-07,0.004271978549260614,0.5100705383384466,0.00837527014043307
5,markov,sgd,0.005,2718,axis_3,0.45,0.346343994140625,0.3521093892282766,0.005765395087651615,0.010917201820487634,1.3601881022358575,0.008026244166187085
5,markov,sgd,0.005,2718,axis_3,0.7,0.270751953125,0.2774149081187677,0.006662954993767678,0.011474167506929676,0.8744066371516227,0.013122232859881698
5,markov,sgd,0.005,2718,axis_3,0.95,0.20904541015625,0.21143708379782966,0.0023916736415796613,0.006794455795238108,0.6442996273748799,0.010545490803589764
5,markov,sgd,0.005,2718,axis_3,1.2,0.15460205078125,0.15568504022228957,0.0010829894410395724,0.0049974265880159425,0.5100705383384466,0.009797520563126515
5,markov,sgd,0.005,2718,mean,0.45,0.35205078125,0.35185295863554567,0.0001978226144543349,0.005369176344981349,1.3601881022358575,0.003947377819402753
5,markov,sgd,0.005,2718,mean,0.7,0.275238037109375,0.27705487468688905,0.0018168375775140522,0.006652801209057775,0.8744066371516227,0.007608360831671244
5,markov,sgd,0.005,2718,mean,0.95,0.20928955078125,0.21101528766159028,0.0017257368803402784,0.0061304093082077665,0.6442996273748799,0.009514842237586524
5,markov,sgd,0.005,2718,mean,1.2,0.1531982421875,0.15524515316610832,0.0020469109786083184,0.005946769665002714,0.5100705383384466,0.01165872015344054
5,markov,sgd,0.005,2718,alternating,0.45,0.35205078125,0.35185295863554567,0.0001978226144543349,0.005369176344981349,1.3601881022358575,0.003947377819402753
5,markov,sgd,0.005,2718,alternating,0.7,0.274810791015625,0.27705487468688905,0.002244083671264052,0.007077716543948663,0.8744066371516227,0.008094307892040145
5,markov,sgd,0.005,2718,alternating,0.95,0.209869384765625,0.21101528766159028,0.0011459028959652784,0.005555055125427339,0.6442996273748799,0.008621850594669335
5,markov,sgd,0.005,2718,alternating,1.2,0.1553955078125,0.15524515316610832,0.0001503546463916816,0.00407298177333765,0.5100705383384466,0.007985134343585843
5,markov,linear,0.005,2718,axis_0,0.45,0.377471923828125,0.38709788713505733,0.009625963306932328,0.014874677231392495,1.3601881022358575,0.010935750141426554
5,markov,linear,0.005,2718,axis_0,0.7,0.319549560546875,0.3276993408271379,0.00814978028026292,0.013198700004416128,0.8744066371516227,0.015094464570180823
5,markov,linear,0.005,2718,axis_0,0.95,0.2664794921875,0.2723706743188794,0.005891182131379402,0.01067824498882277,0.6442996273748799,0.0165734148137412
5,markov,linear,0.005,2718,axis_0,1.2,0.218719482421875,0.22212306122319458,0.0034035788013195845,0.007879457786576389,0.5100705383384466,0.015447780638818506
5,markov,linear,0.005,2718,axis_3,0.45,0.36090087890625,0.365836716895382,0.004935837989131997,0.010135907917395198,1.3601881022358575,0.007451842800811108
5,markov,linear,0.005,2718,axis_3,0.7,0.291839599609375,0.29687817417562234,0.005038574566247345,0.009960885379044968,0.8744066371516227,0.011391593974506559
5,markov,linear,0.005,2718,axis_3,0.95,0.2301025390625,0.2345633427670446,0.0044608037045446025,0.009018110363306974,0.6442996273748799,0.013996764828268119
5,markov,linear,0.005,2718,axis_3,1.2,0.178375244140625,0.18025311076634265,0.0018778666257176502,0.0060229679615129905,0.5100705383384466,0.0118081079160792
5,markov,linear,0.005,2718,mean,0.45,0.365753173828125,0.3659624897329099,0.00020931590478490136,0.005424315834470205,1.3601881022358575,0.003987915954825508
5,markov,linear,0.005,2718,mean,0.7,0.296142578125,0.2970581682216714,0.0009155900966714148,0.005858968746318223,0.8744066371516227,0.00670050809015334
5,markov,linear,0.005,2718,mean,0.95,0.23284912109375,0.23478007531485945,0.0019309542211094488,0.006507194284045639,0.6442996273748799,0.010099639992899588
5,markov,linear,0.005,2718,mean,1.2,0.180267333984375,0.1804873593037899,0.000220025319414896,0.004382252133955718,0.5100705383384466,0.008591462953792414
5,markov,linear,0.005,2718,alternating,0.45,0.365875244140625,0.3659624897329099,8.724559228490136e-05,0.005302613743481185,1.3601881022358575,0.0038984414984698256
5,markov,linear,0.005,2718,alternating,0.7,0.295806884765625,0.2970581682216714,0.0012512834560464148,0.006193037543259438,0.8744066371516227,0.0070825600814664914
5,markov,linear,0.005,2718,alternating,0.95,0.2335205078125,0.23478007531485945,0.0012595675023594488,0.005840394463475395,0.6442996273748799,0.009064718052486494
5,markov,linear,0.005,2718,alternating,1.2,0.1790771484375,0.1804873593037899,0.001410210866289896,0.005561685240538808,0.5100705383384466,0.010903757073788229
5,markov,contractive,0.005,2718,axis_0,0.45,0.36907958984375,0.37953609687796397,0.010456507034213969,0.01568141213734934,1.3601881022358575,0.011528855539592252
5,markov,contractive,0.005,2718,axis_0,0.7,0.3076171875,0.3166497507581355,0.009032563258135506,0.01402956547051943,0.8744066371516227,0.01604466946433607
5,markov,contractive,0.005,2718,axis_0,0.95,0.252532958984375,0.25866180238214476,0.0061288433977697565,0.0108330475551583,0.6442996273748799,0.016813679683932502
5,markov,contractive,0.005,2718,axis_0,1.2,0.20562744140625,0.20671712695869493,0.00108968555244493,0.005465750473003024,0.5100705383384466,0.010715675700085896
5,markov,contractive,0.005,2718,axis_3,0.45,0.3929443359375,0.39466305647493005,0.0017187205374300518,0.007006957144781143,1.3601881022358575,0.00515146187006283
5,markov,contractive,0.005,2718,axis_3,0.7,0.336029052734375,0.33884318576627004,0.0028141330318950386,0.00792852555015374,0.8744066371516227,0.00906732087027712
5,markov,contractive,0.005,2718,axis_3,0.95,0.283782958984375,0.2863570239956348,0.002574065011259785,0.007455489609058721,0.6442996273748799,0.011571463481106147
5,markov,contractive,0.005,2718,axis_3,1.2,0.23516845703125,0.23807901327402803,0.0029105562427780285,0.0075025737386261405,0.5100705383384466,0.014708894505190898
5,markov,contractive,0.005,2718,mean,0.45,0.400543212890625,0.40096418930337396,0.00042097641274896347,0.0057265792072307585,1.3601881022358575,0.00421013769920314
5,markov,contractive,0.005,2718,mean,0.7,0.3468017578125,0.3481889555140353,0.001387197701535281,0.006540602441688033,0.8744066371516227,0.007480046655402832
5,markov,contractive,0.005,2718,mean,0.95,0.296722412109375,0.29820266550902386,0.0014802533996488565,0.0064264305636387966,0.6442996273748799,0.009974288810040916
5,markov,contractive,0.005,2718,mean,1.2,0.24945068359375,0.2517671280876175,0.0023164444938674755,0.007001481978063936,0.5100705383384466,0.013726497517130168
5,markov,contractive,0.005,2718,alternating,0.45,0.399627685546875,0.40096418930337396,0.0013365037564989635,0.0066400848808950185,1.3601881022358575,0.004881740157835628
5,markov,contractive,0.005,2718,alternating,0.7,0.345550537109375,0.3481889555140353,0.002638418404660281,0.00778744278108443,0.8744066371516227,0.008905974005929329
5,markov,contractive,0.005,2718,alternating,0.95,0.296112060546875,0.29820266550902386,0.0020906049621488565,0.007033836056802506,0.6442996273748799,0.010917026423654802
5,markov,contractive,0.005,2718,alternating,1.2,0.248931884765625,0.2517671280876175,0.0028352433219924755,0.007517023626317267,0.5100705383384466,0.014737223700086562
5,markov,sgd,0.005,3141,axis_0,0.45,0.36822509765625,0.37247556690636774,0.004250469250117739,0.009472855406861368,1.3601881022358575,0.006964371612492438
5,markov,sgd,0.005,3141,axis_0,0.7,0.303253173828125,0.30641843457937845,0.0031652607512534514,0.008142302466924139,0.8744066371516227,0.009311803137093821
5,markov,sgd,0.005,3141,axis_0,0.95,0.243896484375,0.24611934532395208,0.0022228609489520768,0.006872556342159605,0.6442996273748799,0.010666708547017163
5,markov,sgd,0.005,3141,axis_0,1.2,0.192840576171875,0.19284038841101792,1.8776085708438472e-07,0.004271978549260614,0.5100705383384466,0.00837527014043307
5,markov,sgd,0.005,3141,axis_3,0.45,0.34405517578125,0.3521093892282766,0.008054213447026615,0.013197951056796393,1.3601881022358575,0.009703033745922195
5,markov,sgd,0.005,3141,axis_3,0.7,0.271453857421875,0.2774149081187677,0.005961050696892678,0.010776176565184687,0.8744066371516227,0.012323987613232276
5,markov,sgd,0.005,3141,axis_3,0.95,0.207763671875,0.21143708379782966,0.0036734119228296613,0.008066230694089977,0.6442996273748799,0.01251937817650904
5,markov,sgd,0.005,3141,axis_3,1.2,0.155029296875,0.15568504022228957,0.0006557433472895724,0.004574594950706318,0.5100705383384466,0.008968553576154482
5,markov,sgd,0.005,3141,mean,0.45,0.34808349609375,0.35185295863554567,0.003769462541795665,0.008927313729709143,1.3601881022358575,0.006563293499652404
5,markov,sgd,0.005,3141,mean,0.7,0.2738037109375,0.27705487468688905,0.003251163749389052,0.008079280701209123,0.8744066371516227,0.009239729386692853
5,markov,sgd,0.005,3141,mean,0.95,0.2091064453125,0.21101528766159028,0.0019088423490902784,0.006312097296155241,0.6442996273748799,0.009796835242436986
5,markov,sgd,0.005,3141,mean,1.2,0.15460205078125,0.15524515316610832,0.0006431023848583184,0.0045575395318346885,0.5100705383384466,0.008935116203105675
5,markov,sgd,0.005,3141,alternating,0.45,0.350372314453125,0.35185295863554567,0.001480644182420665,0.006646333200468861,1.3601881022358575,0.00488633387510427
5,markov,sgd,0.005,3141,alternating,0.7,0.27618408203125,0.27705487468688905,0.0008707926556390522,0.005711897528701819,0.8744066371516227,0.006532312640384696
5,markov,sgd,0.005,3141,alternating,0.95,0.210601806640625,0.21101528766159028,0.0004134810209652784,0.004828272688164211,0.6442996273748799,0.007493831259590229
5,markov,sgd,0.005,3141,alternating,1.2,0.155181884765625,0.15524515316610832,6.326840048331839e-05,0.003983694067955626,0.5100705383384466,0.007810084622672971
5,markov,linear,0.005,3141,axis_0,0.45,0.3836669921875,0.38709788713505733,0.003430894947557328,0.008696109053072349,1.3601881022358575,0.00639331357095229
5,markov,linear,0.005,3141,axis_0,0.7,0.3248291015625,0.3276993408271379,0.0028702392646379193,0.00794091018982446,0.8744066371516227,0.009081484348851645
5,markov,linear,0.005,3141,axis_0,0.95,0.27032470703125,0.2723706743188794,0.002045967287629402,0.006854790318714369,0.6442996273748799,0.010639134383242427
5,markov,linear,0.005,3141,axis_0,1.2,0.221923828125,0.22212306122319458,0.00019923309819458446,0.004698524578698637,0.5100705383384466,0.009211519242032814
5,markov,linear,0.005,3141,axis_3,0.45,0.358123779296875,0.365836716895382,0.007712937598506997,0.012904204126139508,1.3601881022358575,0.00948707322533388
5,markov,linear,0.005,3141,axis_3,0.7,0.290802001953125,0.29687817417562234,0.006076172222497345,0.010993323281253936,0.8744066371516227,0.012572323692629618
5,markov,linear,0.005,3141,axis_3,0.95,0.23028564453125,0.2345633427670446,0.0042776982357946025,0.008836275603782725,0.6442996273748799,0.013714544023228836
5,markov,linear,0.005,3141,axis_3,1.2,0.1768798828125,0.18025311076634265,0.00337322795384265,0.007504672547139554,0.5100705383384466,0.014713009246889664
5,markov,linear,0.005,3141,mean,0.45,0.360809326171875,0.3659624897329099,0.005153163561034901,0.01035294627660948,1.3601881022358575,0.007611407760141011
5,markov,linear,0.005,3141,mean,0.7,0.293426513671875,0.2970581682216714,0.0036316545497964148,0.008561796787072338,0.8744066371516227,0.009791550547880523
5,markov,linear,0.005,3141,mean,0.95,0.232147216796875,0.23478007531485945,0.002632858517984449,0.00720428590635622,0.6442996273748799,0.011181577018303118
5,markov,linear,0.005,3141,mean,1.2,0.18011474609375,0.1804873593037899,0.000372613210039896,0.004533465289901075,0.5100705383384466,0.008887918335116601
5,markov,linear,0.005,3141,alternating,0.45,0.364013671875,0.3659624897329099,0.0019488178579099014,0.007158531367972751,1.3601881022358575,0.00526289809196659
5,markov,linear,0.005,3141,alternating,0.7,0.29644775390625,0.2970581682216714,0.0006104143154214148,0.0055552670584041045,0.8744066371516227,0.006353184916917342
5,markov,linear,0.005,3141,alternating,0.95,0.235504150390625,0.23478007531485945,0.0007240750757655512,0.0053183602871474285,0.6442996273748799,0.008254482947346155
5,markov,linear,0.005,3141,alternating,1.2,0.180328369140625,0.1804873593037899,0.000158990163164896,0.004321766560855974,0.5100705383384466,0.008472880192088954
5,markov,contractive,0.005,3141,axis_0,0.45,0.375244140625,0.37953609687796397,0.004291956252963969,0.009534514116647732,1.3601881022358575,0.007009702629345924
5,markov,contractive,0.005,3141,axis_0,0.7,0.313507080078125,0.3166497507581355,0.0031426706800105064,0.008165782101952943,0.8744066371516227,0.009338655214870002
5,markov,contractive,0.005,3141,axis_0,0.95,0.255950927734375,0.25866180238214476,0.0027108746477697565,0.007435966417057861,0.6442996273748799,0.011541162063611301
5,markov,contractive,0.005,3141,axis_0,1.2,0.20709228515625,0.20671712695869493,0.00037515819755506996,0.004762731505762387,0.5100705383384466,0.00933739776713427
5,markov,contractive,0.005,3141,axis_3,0.45,0.385650634765625,0.39466305647493005,0.009012421709305052,0.014282727763962482,1.3601881022358575,0.01050055337234956
5,markov,contractive,0.005,3141,axis_3,0.7,0.3302001953125,0.33884318576627004,0.008642990453770039,0.013735035947023043,0.8744066371516227,0.015707835878013103
5,markov,contractive,0.005,3141,axis_3,0.95,0.279083251953125,0.2863570239956348,0.007273772042509785,0.012130463890311211,0.6442996273748799,0.018827364435604756
5,markov,contractive,0.005,3141,axis_3,1.2,0.232269287109375,0.23807901327402803,0.0058097261646530285,0.010381991811228005,0.5100705383384466,0.020354031513067417
5,markov,contractive,0.005,3141,mean,0.45,0.391387939453125,0.40096418930337396,0.009576249850248963,0.014860764429964788,1.3601881022358575,0.010925521555097326
5,markov,contractive,0.005,3141,mean,0.7,0.339935302734375,0.3481889555140353,0.008253652779660281,0.013382532226690981,0.8744066371516227,0.015304701105980329
5,markov,contractive,0.005,3141,mean,0.95,0.2916259765625,0.29820266550902386,0.0065766889465238565,0.011497939995872671,0.6442996273748799,0.01784564123173503
5,markov,contractive,0.005,3141,mean,1.2,0.24542236328125,0.2517671280876175,0.0063447648063674755,0.011004273600689358,0.5100705383384466,0.021574023146946987
5,markov,contractive,0.005,3141,alternating,0.45,0.39898681640625,0.40096418930337396,0.0019773728971239635,0.007279527366512192,1.3601881022358575,0.005351853434496457
5,markov,contractive,0.005,3141,alternating,0.7,0.345550537109375,0.3481889555140353,0.002638418404660281,0.00778744278108443,0.8744066371516227,0.008905974005929329
5,markov,contractive,0.005,3141,alternating,0.95,0.296722412109375,0.29820266550902386,0.0014802533996488565,0.0064264305636387966,0.6442996273748799,0.009974288810040916
5,markov,contractive,0.005,3141,alternating,1.2,0.25152587890625,0.2517671280876175,0.00024124918136747553,0.004939225637396837,0.5100705383384466,0.009683416833848806
5,markov,sgd,0.005,5772,axis_0,0.45,0.364288330078125,0.37247556690636774,0.008187236828242739,0.013397789918896529,1.3601881022358575,0.00984995376512516
5,markov,sgd,0.005,5772,axis_0,0.7,0.3001708984375,0.30641843457937845,0.006247536141878451,0.011210160415821763,0.8744066371516227,0.012820305724506884
5,markov,sgd,0.005,5772,axis_0,0.95,0.2421875,0.24611934532395208,0.003931845323952077,0.0085704551996685,0.6442996273748799,0.013301971374076021
5,markov,sgd,0.005,5772,axis_0,1.2,0.1904296875,0.19284038841101792,0.0024107009110179156,0.006662039728787653,0.5100705383384466,0.013061016522321068
5,markov,sgd,0.005,5772,axis_3,0.45,0.343780517578125,0.3521093892282766,0.008328871650151615,0.013471632089128112,1.3601881022358575,0.009904241969903749
5,markov,sgd,0.005,5772,axis_3,0.7,0.272064208984375,0.2774149081187677,0.005350699134392678,0.010169215593212188,0.8744066371516227,0.011629847214264499
5,markov,sgd,0.005,5772,axis_3,0.95,0.2069091796875,0.21143708379782966,0.004527904110329661,0.00891404365795334,0.6442996273748799,0.013835245713663565
5,markov,sgd,0.005,5772,axis_3,1.2,0.1539306640625,0.15568504022228957,0.0017543761597895724,0.005661855162400993,0.5100705383384466,0.011100141523257686
5,markov,sgd,0.005,5772,mean,0.45,0.346832275390625,0.35185295863554567,0.005020683244920665,0.010174194331784361,1.3601881022358575,0.007479990682950519
5,markov,sgd,0.005,5772,mean,0.7,0.273681640625,0.27705487468688905,0.003373234061889052,0.008200680315270301,0.8744066371516227,0.009378565951859647
5,markov,sgd,0.005,5772,mean,0.95,0.20745849609375,0.21101528766159028,0.0035567915678402784,0.00794722830674198,0.6442996273748799,0.012334677794432368
5,markov,sgd,0.005,5772,mean,1.2,0.152313232421875,0.15524515316610832,0.0029319207442333184,0.0068225300682117195,0.5100705383384466,0.013375659943889512
5,markov,sgd,0.005,5772,alternating,0.45,0.3492431640625,0.35185295863554567,0.002609794573045665,0.007771633285704411,1.3601881022358575,0.005713645982441335
5,markov,sgd,0.005,5772,alternating,0.7,0.2725830078125,0.27705487468688905,0.004471866874389052,0.009293256338289216,0.8744066371516227,0.010628071589852033
5,markov,sgd,0.005,5772,alternating,0.95,0.20648193359375,0.21101528766159028,0.004533354067840278,0.008916142862385238,0.6442996273748799,0.01383850383200278
5,markov,sgd,0.005,5772,alternating,1.2,0.1512451171875,0.15524515316610832,0.004000035978608318,0.007879421388630204,0.5100705383384466,0.015447709280166224
5,markov,linear,0.005,5772,axis_0,0.45,0.3782958984375,0.38709788713505733,0.008801988697557328,0.014052949621998372,1.3601881022358575,0.010331622221145984
5,markov,linear,0.005,5772,axis_0,0.7,0.32147216796875,0.3276993408271379,0.006227172858387919,0.011284099185748991,0.8744066371516227,0.01290486451761953
5,markov,linear,0.005,5772,axis_0,0.95,0.266876220703125,0.2723706743188794,0.005494453615754402,0.010283782889353624,0.6442996273748799,0.01596118087364669
5,markov,linear,0.005,5772,axis_0,1.2,0.21856689453125,0.22212306122319458,0.0035561666919445845,0.008030921030948757,0.5100705383384466,0.01574472632179357
5,markov,linear,0.005,5772,axis_3,0.45,0.357391357421875,0.365836716895382,0.008445359473506997,0.013634272698380735,1.3601881022358575,0.01002381411509843
5,markov,linear,0.005,5772,axis_3,0.7,0.29229736328125,0.29687817417562234,0.004580810894372345,0.009505388202608,0.8744066371516227,0.01087067252093577
5,markov,linear,0.005,5772,axis_3,0.95,0.2308349609375,0.2345633427670446,0.0037283818295446025,0.008290764032504373,0.6442996273748799,0.012867870289300148
5,markov,linear,0.005,5772,axis_3,1.2,0.17669677734375,0.18025311076634265,0.00355633342259265,0.0076860982957943505,0.5100705383384466,0.015068696813644235
5,markov,linear,0.005,5772,mean,0.45,0.3636474609375,0.3659624897329099,0.0023150287954099014,0.007523620012898382,1.3601881022358575,0.005531308501030971
5,markov,linear,0.005,5772,mean,0.7,0.295166015625,0.2970581682216714,0.0018921525966714148,0.006830796334193067,0.8744066371516227,0.0078119218724647015
5,markov,linear,0.005,5772,mean,0.95,0.23175048828125,0.23478007531485945,0.003029587033609449,0.00759828637984577,0.6442996273748799,0.011793094481218404
5,markov,linear,0.005,5772,mean,1.2,0.178955078125,0.1804873593037899,0.001532281178789896,0.005682648901167874,0.5100705383384466,0.011140907921635872
5,markov,linear,0.005,5772,alternating,0.45,0.36322021484375,0.3659624897329099,0.0027422748891599014,0.007949552643474335,1.3601881022358575,0.005844450947929169
5,markov,linear,0.005,5772,alternating,0.7,0.293914794921875,0.2970581682216714,0.0031433732997964148,0.008075910662863024,0.8744066371516227,0.009235875300729968
5,markov,linear,0.005,5772,alternating,0.95,0.23004150390625,0.23478007531485945,0.004738571408609449,0.009295454227203525,0.6442996273748799,0.014427222727221987
5,markov,linear,0.005,5772,alternating,1.2,0.17718505859375,0.1804873593037899,0.003302300710039896,0.007436541207458245,0.5100705383384466,0.014579436859228839
5,markov,contractive,0.005,5772,axis_0,0.45,0.370941162109375,0.37953609687796397,0.008594934768588969,0.01382526671034877,1.3601881022358575,0.010164231467414688
5,markov,contractive,0.005,5772,axis_0,0.7,0.310455322265625,0.3166497507581355,0.006194428492510506,0.01120413016014472,0.8744066371516227,0.012813409327086245
5,markov,contractive,0.005,5772,axis_0,0.95,0.25384521484375,0.25866180238214476,0.0048165875383947565,0.009528856369807165,0.6442996273748799,0.014789479870772742
5,markov,contractive,0.005,5772,axis_0,1.2,0.203704833984375,0.20671712695869493,0.00301229297431993,0.007373119503522334,0.5100705383384466,0.01445509777439852
5,markov,contractive,0.005,5772,axis_3,0.45,0.3868408203125,0.39466305647493005,0.007822236162430052,0.013095553036633486,1.3601881022358575,0.009627751496360838
5,markov,contractive,0.005,5772,axis_3,0.7,0.33197021484375,0.33884318576627004,0.006872970922520039,0.011971895370190652,0.8744066371516227,0.013691450706720468
5,markov,contractive,0.005,5772,axis_3,0.95,0.278350830078125,0.2863570239956348,0.008006193917509785,0.01285897189921003,0.6442996273748799,0.019958061983680386
5,markov,contractive,0.005,5772,axis_3,1.2,0.2332763671875,0.23807901327402803,0.0048026460865280285,0.009381806951537902,0.5100705383384466,0.018393155938978778
5,markov,contractive,0.005,5772,mean,0.45,0.3973388671875,0.40096418930337396,0.0036253221158739635,0.008923764550970915,1.3601881022358575,0.006560684170301269
5,markov,contractive,0.005,5772,mean,0.7,0.346282958984375,0.3481889555140353,0.001905996529660281,0.007057589797096947,0.8744066371516227,0.008071290286733215
5,markov,contractive,0.005,5772,mean,0.95,0.296051025390625,0.29820266550902386,0.0021516401183988565,0.007094576023584692,0.6442996273748799,0.011011299280880661
5,markov,contractive,0.005,5772,mean,1.2,0.2491455078125,0.2517671280876175,0.0026216202751174755,0.00730474286152142,0.5100705383384466,0.014321044468313343
5,markov,contractive,0.005,5772,alternating,0.45,0.397216796875,0.40096418930337396,0.0037473924283739635,0.0090455574039757,1.3601881022358575,0.0066502253542041305
5,markov,contractive,0.005,5772,alternating,0.7,0.342864990234375,0.3481889555140353,0.005323965279660281,0.010463454712951514,0.8744066371516227,0.011966348685362442
5,markov,contractive,0.005,5772,alternating,0.95,0.292510986328125,0.29820266550902386,0.0056916791808988565,0.010617312123265424,0.6442996273748799,0.016478842563551317
5,markov,contractive,0.005,5772,alternating,1.2,0.246368408203125,0.2517671280876175,0.0053987198844924755,0.010064273240009473,0.5100705383384466,0.019731140074848892
