claim,noise,model,alpha,seed,direction,threshold,exceedances,sample_size,empirical_tail,empirical_tail_cp95_low,empirical_tail_cp95_high,gaussian_tail,gap,gap_upper95,theorem_rate,normalized_upper
4,iid,sgd,0.08,1729,axis_0,0.45,8992,32768,0.2744140625,0.2695875920920198,0.27928054866818486,0.2730088051737921,0.0014052573262078871,0.006271743494392745,1.8782496983989507,0.003339142553697135
4,iid,sgd,0.08,1729,axis_0,0.7,5883,32768,0.179534912109375,0.17539265140167146,0.1837340572436357,0.1738272400666594,0.005707672042715606,0.009906817176976307,1.2074462346850399,0.008204768785883441
4,iid,sgd,0.08,1729,axis_0,0.95,3664,32768,0.11181640625,0.10842351767154952,0.1152782721610056,0.1012327333519929,0.010583672898007102,0.0140455388090127,0.8896972255573977,0.015786874911533116
4,iid,sgd,0.08,1729,axis_0,1.2,2110,32768,0.06439208984375,0.06175795151653293,0.06710376137732327,0.05370231816512683,0.010689771678623172,0.01340144321219644,0.7043436368996066,0.019026853527331022
4,iid,sgd,0.08,1729,axis_3,0.45,7922,32768,0.24176025390625,0.2371323047247281,0.24643401921327532,0.24053995263804717,0.001220301268202828,0.005894066575228146,1.8782496983989507,0.0031380633683861844
4,iid,sgd,0.08,1729,axis_3,0.7,4746,32768,0.14483642578125,0.14104222698072336,0.14869369575622374,0.1365409844100126,0.008295441371237389,0.012152711346211126,1.2074462346850399,0.010064805369475634
4,iid,sgd,0.08,1729,axis_3,0.95,2605,32768,0.079498291015625,0.07659143184313728,0.08247994254108268,0.0684521350827646,0.011046155932860402,0.014027807458318081,0.8896972255573977,0.015766945265598218
4,iid,sgd,0.08,1729,axis_3,1.2,1232,32768,0.03759765625,0.03556387961843902,0.03971391455924163,0.03013285555817935,0.00746480069182065,0.009581059001062278,0.7043436368996066,0.013602818992212905
4,iid,sgd,0.08,1729,mean,0.45,7934,32768,0.24212646484375,0.2374960940738216,0.2468025866649928,0.24014102836435636,0.001985436479393643,0.006661558300636444,1.8782496983989507,0.003546684078434758
4,iid,sgd,0.08,1729,mean,0.7,4656,32768,0.14208984375,0.13832613432569046,0.1459171147727253,0.13610501592554702,0.005984827824452976,0.009812098847178263,1.2074462346850399,0.00812632361203042
4,iid,sgd,0.08,1729,mean,0.95,2487,32768,0.075897216796875,0.07305218937911685,0.07881768811735226,0.06809560300181894,0.0078016137950560616,0.010722085115533325,0.8896972255573977,0.012051386480176904
4,iid,sgd,0.08,1729,mean,1.2,1166,32768,0.03558349609375,0.033603730686529054,0.037646123920941826,0.029900092976545944,0.0056834031172040556,0.007746030944395882,0.7043436368996066,0.010997516749767927
4,iid,sgd,0.08,1729,alternating,0.45,8086,32768,0.24676513671875,0.24210448983804983,0.251470710428138,0.24014102836435636,0.006624108354393643,0.011329682063781654,1.8782496983989507,0.006032042530574743
4,iid,sgd,0.08,1729,alternating,0.7,4770,32768,0.14556884765625,0.1417665979328278,0.14943403779529588,0.13610501592554702,0.009463831730702976,0.013329021869748853,1.2074462346850399,0.011039018953275135
4,iid,sgd,0.08,1729,alternating,0.95,2458,32768,0.07501220703125,0.07218266024799412,0.0779173579983158,0.06809560300181894,0.0069166040294310616,0.00982175499649686,0.8896972255573977,0.011039435343123053
4,iid,sgd,0.08,1729,alternating,1.2,1135,32768,0.034637451171875,0.032683642771180875,0.03667430153940796,0.029900092976545944,0.0047373581953290556,0.006774208562862018,0.7043436368996066,0.009617760717880352
4,iid,linear,0.08,1729,axis_0,0.45,9771,32768,0.298187255859375,0.293236946221679,0.3031733605683617,0.29720815768556674,0.0009790981738082571,0.005965202882794951,1.8782496983989507,0.003175937090728556
4,iid,linear,0.08,1729,axis_0,0.7,6799,32768,0.207489013671875,0.2031092332146746,0.21192070311176822,0.2037641352509022,0.003724878420972799,0.00815656786086602,1.2074462346850399,0.006755222407889364
4,iid,linear,0.08,1729,axis_0,0.95,4500,32768,0.1373291015625,0.1336193839025959,0.14110323119664947,0.13049481332680246,0.006834288235697539,0.010608417869847009,0.8896972255573977,0.011923627010526875
4,iid,linear,0.08,1729,axis_0,1.2,2859,32768,0.087249755859375,0.0842156858313657,0.09035721877365496,0.07782434558402673,0.009425410275348267,0.01253287318962823,0.7043436368996066,0.017793691222647616
4,iid,linear,0.08,1729,axis_3,0.45,8555,32768,0.261077880859375,0.2563283394617786,0.26586980647549585,0.26225914010653817,0.0011812592471631689,0.005930800644759593,1.8782496983989507,0.003157620975429997
4,iid,linear,0.08,1729,axis_3,0.7,5417,32768,0.165313720703125,0.16130628274513117,0.16938057696090436,0.16109940308129078,0.004214317621834218,0.00828117387961358,1.2074462346850399,0.006858420393164511
4,iid,linear,0.08,1729,axis_3,0.95,3206,32768,0.09783935546875,0.09464305966127452,0.10110713770084877,0.08955459636336105,0.00828475910538895,0.011552541337487718,0.8896972255573977,0.012984800902632937
4,iid,linear,0.08,1729,axis_3,1.2,1716,32768,0.0523681640625,0.04998067376668072,0.054835388617436726,0.04484301088518228,0.007525153177317723,0.009992377732254448,0.7043436368996066,0.014186793503578864
4,iid,linear,0.08,1729,mean,0.45,8646,32768,0.26385498046875,0.2590889601903503,0.2686628917126054,0.26246134653937636,0.0013936339293736388,0.006201545173229017,1.8782496983989507,0.0033017682252340095
4,iid,linear,0.08,1729,mean,0.7,5423,32768,0.165496826171875,0.16148758667811675,0.16956545132645692,0.16133541967928666,0.004161406492588338,0.00823003164717026,1.2074462346850399,0.00681606469154053
4,iid,linear,0.08,1729,mean,0.95,3162,32768,0.09649658203125,0.09332017841171614,0.09974471352193877,0.0897667235307733,0.006729858500476693,0.009977989991165462,0.8896972255573977,0.01121504002096244
4,iid,linear,0.08,1729,mean,1.2,1670,32768,0.05096435546875,0.048607776055911954,0.053400927741948725,0.044999631262410245,0.005964724206339755,0.008401296479538481,0.7043436368996066,0.011927837548897964
4,iid,linear,0.08,1729,alternating,0.45,8865,32768,0.270538330078125,0.26573364679823597,0.2753837173732777,0.26246134653937636,0.008076983538748639,0.012922370833901353,1.8782496983989507,0.006880006872843682
4,iid,linear,0.08,1729,alternating,0.7,5525,32768,0.168609619140625,0.16457002217709146,0.17270804696145625,0.16133541967928666,0.007274199461338338,0.01137262728216959,1.2074462346850399,0.009418744251694254
4,iid,linear,0.08,1729,alternating,0.95,3176,32768,0.096923828125,0.09374107477481332,0.10017823251391833,0.0897667235307733,0.007157104594226693,0.010411508983145024,0.8896972255573977,0.011702305777813553
4,iid,linear,0.08,1729,alternating,1.2,1672,32768,0.051025390625,0.04866745697138773,0.053463305886863814,0.044999631262410245,0.006025759362589755,0.00846367462445357,0.7043436368996066,0.012016399639399223
4,iid,contractive,0.08,1729,axis_0,0.45,9314,32768,0.28424072265625,0.27936105008134704,0.2891586661745737,0.2846068247368555,0.00036610208060550153,0.005245774655508462,1.8782496983989507,0.002792905895302441
4,iid,contractive,0.08,1729,axis_0,0.7,6281,32768,0.191680908203125,0.18743121029146104,0.19598532795854182,0.18796029127403735,0.00372061692908765,0.008025036684504466,1.2074462346850399,0.006646289047062855
4,iid,contractive,0.08,1729,axis_0,0.95,3998,32768,0.12200927734375,0.1184838711941442,0.1256018349821805,0.11474657436629188,0.007262702977458124,0.010855260615888623,0.8896972255573977,0.012201072796521056
4,iid,contractive,0.08,1729,axis_0,1.2,2410,32768,0.07354736328125,0.07074369545194324,0.07642690072998774,0.06452065254973405,0.009026710731515952,0.011906248180253695,0.7043436368996066,0.016904033140219522
4,iid,contractive,0.08,1729,axis_3,0.45,9923,32768,0.302825927734375,0.2978533540546064,0.3078334731112197,0.3099910034093183,0.007165075674943289,0.012137649354711899,1.8782496983989507,0.006462212859694971
4,iid,contractive,0.08,1729,axis_3,0.7,7117,32768,0.217193603515625,0.21273905066205198,0.22169833937554967,0.2202460684564681,0.0030524649408431026,0.007507017794416121,1.2074462346850399,0.006217268793234767
4,iid,contractive,0.08,1729,axis_3,0.95,4827,32768,0.147308349609375,0.14348711123673802,0.1511922178796648,0.14758461028838432,0.0002762606790093214,0.004097499051646303,0.8896972255573977,0.004605498290813719
4,iid,contractive,0.08,1729,axis_3,1.2,3080,32768,0.093994140625,0.09085531749767597,0.09720514180713312,0.09302821225967983,0.0009659283653201678,0.004176929547453287,0.7043436368996066,0.005930243887542416
4,iid,contractive,0.08,1729,mean,0.45,10217,32768,0.311798095703125,0.306784155719287,0.3168454149481472,0.3207645286368521,0.00896643293372712,0.013980372917565098,1.8782496983989507,0.0074432983694778096
4,iid,contractive,0.08,1729,mean,0.7,7386,32768,0.22540283203125,0.22088787549243588,0.2299665119859868,0.23446916634829895,0.009066334317048952,0.01358129085586307,1.2074462346850399,0.011247946671021527
4,iid,contractive,0.08,1729,mean,0.95,5074,32768,0.15484619140625,0.15094476144915478,0.15880890620987456,0.16283987544579825,0.007993684039548254,0.011895113996643475,0.8896972255573977,0.013369844993268529
4,iid,contractive,0.08,1729,mean,1.2,3365,32768,0.102691650390625,0.09942499891068521,0.10602891641999942,0.10721080139375283,0.00451915100312783,0.007785802483067622,0.7043436368996066,0.011053982850387232
4,iid,contractive,0.08,1729,alternating,0.45,10571,32768,0.322601318359375,0.31754047466995466,0.32769362411871555,0.3207645286368521,0.0018367897225228802,0.006929095481863434,1.8782496983989507,0.0036891237026524764
4,iid,contractive,0.08,1729,alternating,0.7,7731,32768,0.235931396484375,0.23134261846216234,0.24056702647788014,0.23446916634829895,0.0014622301360760481,0.00609786012958119,1.2074462346850399,0.005050212551428268
4,iid,contractive,0.08,1729,alternating,0.95,5375,32768,0.164031982421875,0.16003720492275414,0.1680864067045305,0.16283987544579825,0.0011921069760767455,0.0052465312587322566,0.8896972255573977,0.00589698507314698
4,iid,contractive,0.08,1729,alternating,1.2,3478,32768,0.10614013671875,0.10282487818125044,0.10952539072117642,0.10721080139375283,0.0010706646750028304,0.004385923212502391,0.7043436368996066,0.006226965053320326
4,iid,sgd,0.08,2718,axis_0,0.45,9095,32768,0.277557373046875,0.2727135691309809,0.28244063456668195,0.2730088051737921,0.004548567873082887,0.009431829392889834,1.8782496983989507,0.005021605700738125
4,iid,sgd,0.08,2718,axis_0,0.7,6036,32768,0.1842041015625,0.18001973308441824,0.18844452296901823,0.1738272400666594,0.010376861495840606,0.014617282902358836,1.2074462346850399,0.012105949302307219
4,iid,sgd,0.08,2718,axis_0,0.95,3673,32768,0.112091064453125,0.10869449180445274,0.11555656519606679,0.1012327333519929,0.010858331101132102,0.01432383184407389,0.8896972255573977,0.016099670126654572
4,iid,sgd,0.08,2718,axis_0,1.2,2064,32768,0.06298828125,0.06038142443054092,0.06567292717144389,0.05370231816512683,0.009285963084873172,0.011970609006317065,0.7043436368996066,0.016995410165142576
4,iid,sgd,0.08,2718,axis_3,0.45,8119,32768,0.247772216796875,0.24310509331925653,0.25248408817219836,0.24053995263804717,0.007232264158827828,0.01194413553415119,1.8782496983989507,0.006359184055417423
4,iid,sgd,0.08,2718,axis_3,0.7,4863,32768,0.148406982421875,0.14457384618657512,0.15230255246254498,0.1365409844100126,0.011865998011862389,0.01576156805253237,1.2074462346850399,0.013053639656794944
4,iid,sgd,0.08,2718,axis_3,0.95,2651,32768,0.080902099609375,0.07797162319041853,0.08390711464417469,0.0684521350827646,0.012449964526610402,0.015454979561410093,0.8896972255573977,0.01737105513814265
4,iid,sgd,0.08,2718,axis_3,1.2,1329,32768,0.040557861328125,0.03844756950404272,0.04275007854580094,0.03013285555817935,0.01042500576994565,0.012617222987621593,0.7043436368996066,0.017913447820953318
4,iid,sgd,0.08,2718,mean,0.45,8069,32768,0.246246337890625,0.24158904079929952,0.25094865398886274,0.24014102836435636,0.006105309526268643,0.010807625624506378,1.8782496983989507,0.005754094162090891
4,iid,sgd,0.08,2718,mean,0.7,4712,32768,0.143798828125,0.14001609187165828,0.14764482080937283,0.13610501592554702,0.007693812199452976,0.011539804883825805,1.2074462346850399,0.009557199776134083
4,iid,sgd,0.08,2718,mean,0.95,2506,32768,0.07647705078125,0.07362194288608284,0.07940749760150516,0.06809560300181894,0.008381447779431062,0.01131189459968622,0.8896972255573977,0.012714319292835029
4,iid,sgd,0.08,2718,mean,1.2,1189,32768,0.036285400390625,0.0342866237106063,0.03836690658188267,0.029900092976545944,0.0063853074140790556,0.008466813605336729,0.7043436368996066,0.012020856243702452
4,iid,sgd,0.08,2718,alternating,0.45,8043,32768,0.245452880859375,0.24080072460421806,0.2501501971021041,0.24014102836435636,0.005311852495018643,0.010009168737747764,1.8782496983989507,0.005328987272714451
4,iid,sgd,0.08,2718,alternating,0.7,4685,32768,0.142974853515625,0.13920126789789597,0.1468118426925517,0.13610501592554702,0.006869837590077976,0.010706826767004685,1.2074462346850399,0.008867332109240907
4,iid,sgd,0.08,2718,alternating,0.95,2379,32768,0.072601318359375,0.06981453703585791,0.07546414082762523,0.06809560300181894,0.0045057153575560616,0.007368537825806293,0.8896972255573977,0.00828207351235684
4,iid,sgd,0.08,2718,alternating,1.2,1105,32768,0.033721923828125,0.031793612346566656,0.035733451506572624,0.029900092976545944,0.0038218308515790556,0.005833358530026679,0.7043436368996066,0.008281978035187583
4,iid,linear,0.08,2718,axis_0,0.45,9782,32768,0.29852294921875,0.2935710080441214,0.30351062587660904,0.29720815768556674,0.0013147915331832571,0.006302468191042299,1.8782496983989507,0.0033555007070756463
4,iid,linear,0.08,2718,axis_0,0.7,6878,32768,0.20989990234375,0.2055011969129158,0.2143500879218793,0.2037641352509022,0.006135767092847799,0.010585952670977089,1.2074462346850399,0.008767224880815017
4,iid,linear,0.08,2718,axis_0,0.95,4550,32768,0.13885498046875,0.13512779700691363,0.14264630330448236,0.13049481332680246,0.008360167141947539,0.012151489977679897,0.8896972255573977,0.013658005924506458
4,iid,linear,0.08,2718,axis_0,1.2,2812,32768,0.0858154296875,0.08280432544541222,0.08890018549099256,0.07782434558402673,0.007991084103473267,0.011075839906965826,0.7043436368996066,0.01572505141910513
4,iid,linear,0.08,2718,axis_3,0.45,8735,32768,0.266571044921875,0.26178914383628576,0.27139435458674094,0.26225914010653817,0.004311904815336831,0.009135214480202769,1.8782496983989507,0.004863684784823748
4,iid,linear,0.08,2718,axis_3,0.7,5571,32768,0.170013427734375,0.1659603043173737,0.17412513183868092,0.16109940308129078,0.008914024653084218,0.013025728757390137,1.2074462346850399,0.010787833348776706
4,iid,linear,0.08,2718,axis_3,0.95,3266,32768,0.09967041015625,0.0964472879315163,0.10296468968413776,0.08955459636336105,0.01011581379288895,0.013410093320776709,0.8896972255573977,0.015072648239827036
4,iid,linear,0.08,2718,axis_3,1.2,1820,32768,0.0555419921875,0.053086368246228095,0.05807676714168901,0.04484301088518228,0.010698981302317723,0.013233756256506732,0.7043436368996066,0.01878877803845767
4,iid,linear,0.08,2718,mean,0.45,8684,32768,0.2650146484375,0.26024181918817524,0.2698291626865213,0.26246134653937636,0.002553301898123639,0.007367816147144934,1.8782496983989507,0.0039227032238713395
4,iid,linear,0.08,2718,mean,0.7,5511,32768,0.168182373046875,0.1641469129569509,0.17227674013711508,0.16133541967928666,0.006846953367588338,0.010941320457828418,1.2074462346850399,0.00906153843005891
4,iid,linear,0.08,2718,mean,0.95,3141,32768,0.095855712890625,0.09268886989184671,0.09909439902436917,0.0897667235307733,0.006088989359851693,0.009327675493595866,0.8896972255573977,0.010484100911691673
4,iid,linear,0.08,2718,mean,1.2,1688,32768,0.051513671875,0.04914493823369284,0.05396229713613907,0.044999631262410245,0.006514040612589755,0.008962665873728827,0.7043436368996066,0.012724848219231259
4,iid,linear,0.08,2718,alternating,0.45,8765,32768,0.267486572265625,0.2626993702626693,0.27231502025147775,0.26246134653937636,0.005025225726248639,0.009853673712101385,1.8782496983989507,0.005246200076859222
4,iid,linear,0.08,2718,alternating,0.7,5460,32768,0.1666259765625,0.1626056665815119,0.1707054709392919,0.16133541967928666,0.005290556883213338,0.00937005126000523,1.2074462346850399,0.007760222352632861
4,iid,linear,0.08,2718,alternating,0.95,3060,32768,0.0933837890625,0.09025423446461825,0.09658563156021649,0.0897667235307733,0.003617065531726693,0.0068189080294431825,0.8896972255573977,0.007664301779935436
4,iid,linear,0.08,2718,alternating,1.2,1598,32768,0.04876708984375,0.046459907384689664,0.05115467078979092,0.044999631262410245,0.0037674585813397554,0.006155039527380675,0.7043436368996066,0.008738688340359043
4,iid,contractive,0.08,2718,axis_0,0.45,9388,32768,0.2864990234375,0.28160753009108314,0.2914283867845386,0.2846068247368555,0.0018921987006444985,0.006821562047683083,1.8782496983989507,0.0036318717652386095
4,iid,contractive,0.08,2718,axis_0,0.7,6398,32768,0.19525146484375,0.19097145118296516,0.1995855648490437,0.18796029127403735,0.00729117356971265,0.01162527357500634,1.2074462346850399,0.009627984452689748
4,iid,contractive,0.08,2718,axis_0,0.95,4007,32768,0.122283935546875,0.11875507364288986,0.12587989977852052,0.11474657436629188,0.007537361180583124,0.01113332541222864,0.8896972255573977,0.01251361147636892
4,iid,contractive,0.08,2718,axis_0,1.2,2370,32768,0.07232666015625,0.06954480723110158,0.0751846040386642,0.06452065254973405,0.007806007606515952,0.010663951488930151,0.7043436368996066,0.015140268088274268
4,iid,contractive,0.08,2718,axis_3,0.45,10083,32768,0.307708740234375,0.3027133792213173,0.31273820629003574,0.3099910034093183,0.0022822631749432887,0.007277624188000986,1.8782496983989507,0.0038746840711352416
4,iid,contractive,0.08,2718,axis_3,0.7,7234,32768,0.22076416015625,0.21628302142428552,0.22529484700780997,0.2202460684564681,0.0005180916997818974,0.005048778551341865,1.2074462346850399,0.00418136924552904
4,iid,contractive,0.08,2718,axis_3,0.95,4898,32768,0.14947509765625,0.14563046377639785,0.15338197471386303,0.14758461028838432,0.0018904873678656786,0.005797364425478707,0.8896972255573977,0.006516109367258781
4,iid,contractive,0.08,2718,axis_3,1.2,3154,32768,0.09625244140625,0.0930796748147021,0.09949697977681644,0.09302821225967983,0.003224229146570168,0.006468767517136612,0.7043436368996066,0.00918410727129013
4,iid,contractive,0.08,2718,mean,0.45,10251,32768,0.312835693359375,0.30781711193411637,0.31788746989817623,0.3207645286368521,0.00792883527747712,0.012947416702735748,1.8782496983989507,0.006893341558245598
4,iid,contractive,0.08,2718,mean,0.7,7400,32768,0.225830078125,0.22131204720941142,0.23039675650281494,0.23446916634829895,0.008639088223298952,0.013157119138887535,1.2074462346850399,0.010896650104109642
4,iid,contractive,0.08,2718,mean,0.95,5201,32768,0.158721923828125,0.15478053915303633,0.1627239020748985,0.16283987544579825,0.0041179516176732545,0.008059336292761926,0.8896972255573977,0.009058515707647319
4,iid,contractive,0.08,2718,mean,1.2,3360,32768,0.1025390625,0.09927458799215688,0.10587417896055824,0.10721080139375283,0.00467173889375283,0.007936213401595948,0.7043436368996066,0.011267530486297464
4,iid,contractive,0.08,2718,alternating,0.45,10400,32768,0.3173828125,0.31234423441305137,0.32245377872761344,0.3207645286368521,0.00338171613685212,0.00842029422380075,1.8782496983989507,0.0044830536807637135
4,iid,contractive,0.08,2718,alternating,0.7,7489,32768,0.228546142578125,0.2240087249066621,0.23313172488571482,0.23446916634829895,0.005923023770173952,0.010460441441636853,1.2074462346850399,0.008663277205353528
4,iid,contractive,0.08,2718,alternating,0.95,5119,32768,0.156219482421875,0.15230379837581853,0.16019620635160392,0.16283987544579825,0.0066203930239232545,0.010536077069979721,0.8896972255573977,0.011842317551770312
4,iid,contractive,0.08,2718,alternating,1.2,3310,32768,0.10101318359375,0.09777060372024844,0.10432667950209668,0.10721080139375283,0.00619761780000283,0.009440197673504389,0.7043436368996066,0.01340282949819556
4,iid,sgd,0.08,3141,axis_0,0.45,8970,32768,0.27374267578125,0.2689199465802521,0.27860553996429915,0.2730088051737921,0.0007338706074578871,0.005596734790507041,1.8782496983989507,0.0029797607822206946
4,iid,sgd,0.08,3141,axis_0,0.7,5845,32768,0.178375244140625,0.17424360217649779,0.1825639770787494,0.1738272400666594,0.004548004073965606,0.008736737012090018,1.2074462346850399,0.007235715149146148
4,iid,sgd,0.08,3141,axis_0,0.95,3562,32768,0.10870361328125,0.1053529386300611,0.11212382346454294,0.1012327333519929,0.0074708799292571015,0.010891090112550045,0.8896972255573977,0.012241344358162685
4,iid,sgd,0.08,3141,axis_0,1.2,2042,32768,0.06231689453125,0.05972321620860991,0.06498848442832046,0.05370231816512683,0.008614576366123172,0.011286166263193634,0.7043436368996066,0.016023664688550748
4,iid,sgd,0.08,3141,axis_3,0.45,8265,32768,0.252227783203125,0.24753241317878805,0.2569671095410262,0.24053995263804717,0.011687830565077828,0.016427156902979023,1.8782496983989507,0.008745992035554052
4,iid,sgd,0.08,3141,axis_3,0.7,4989,32768,0.152252197265625,0.14837798685776898,0.15618815529877778,0.1365409844100126,0.01571121285561239,0.019647170888765164,1.2074462346850399,0.016271673491027195
4,iid,sgd,0.08,3141,axis_3,0.95,2712,32768,0.082763671875,0.07980228170706447,0.08579926438822837,0.0684521350827646,0.014311536792235402,0.017347129305463768,0.8896972255573977,0.019497789593078414
4,iid,sgd,0.08,3141,axis_3,1.2,1335,32768,0.040740966796875,0.03862604705610495,0.04293777763699779,0.03013285555817935,0.01060811123869565,0.012804922078818441,0.7043436368996066,0.01817993576996506
4,iid,sgd,0.08,3141,mean,0.45,8114,32768,0.24761962890625,0.24295348453472093,0.25233054828596746,0.24014102836435636,0.007478600541893643,0.012189519921611103,1.8782496983989507,0.006489829297990379
4,iid,sgd,0.08,3141,mean,0.7,4750,32768,0.14495849609375,0.14116295316510147,0.14881708840310734,0.13610501592554702,0.008853480168202976,0.012712072477560316,1.2074462346850399,0.010528065028813673
4,iid,sgd,0.08,3141,mean,0.95,2451,32768,0.074798583984375,0.0719727912151816,0.07770001963551845,0.06809560300181894,0.0067029809825560616,0.009604416633699514,0.8896972255573977,0.010795151831211254
4,iid,sgd,0.08,3141,mean,1.2,1193,32768,0.036407470703125,0.03440540869811234,0.03849223913013925,0.029900092976545944,0.0065073777265790556,0.008592146153593307,0.7043436368996066,0.012198798574250463
4,iid,sgd,0.08,3141,alternating,0.45,8101,32768,0.247222900390625,0.24255930536389664,0.2519313409132513,0.24014102836435636,0.007081872026268643,0.011790312548894955,1.8782496983989507,0.0062772870715460255
4,iid,sgd,0.08,3141,alternating,0.7,4709,32768,0.143707275390625,0.13992555376827734,0.14755226979102087,0.13610501592554702,0.007602259465077976,0.01144725386547385,1.2074462346850399,0.009480549557107067
4,iid,sgd,0.08,3141,alternating,0.95,2464,32768,0.0751953125,0.07236255337097697,0.07810364264599297,0.06809560300181894,0.0070997094981810616,0.01000803964417403,0.8896972255573977,0.011248815166197653
4,iid,sgd,0.08,3141,alternating,1.2,1095,32768,0.033416748046875,0.03149702053680851,0.03541974993987874,0.029900092976545944,0.0035166550703290556,0.005519656963332793,0.7043436368996066,0.007836596618703515
4,iid,linear,0.08,3141,axis_0,0.45,9745,32768,0.297393798828125,0.2924473582215975,0.3023761753515621,0.29720815768556674,0.00018564114255825714,0.005168017665995339,1.8782496983989507,0.0027515072518849
4,iid,linear,0.08,3141,axis_0,0.7,6772,32768,0.2066650390625,0.20229178058206446,0.21109035309834137,0.2037641352509022,0.002900903811597799,0.00732621784743917,1.2074462346850399,0.006067531321053149
4,iid,linear,0.08,3141,axis_0,0.95,4425,32768,0.135040283203125,0.1313570547349076,0.13878833262727197,0.13049481332680246,0.004545469876322539,0.00829351930046951,0.8896972255573977,0.009321732227807722
4,iid,linear,0.08,3141,axis_0,1.2,2786,32768,0.08502197265625,0.08202368140867308,0.08809405861405445,0.07782434558402673,0.007197627072223267,0.010269713030027716,0.7043436368996066,0.014580543490437619
4,iid,linear,0.08,3141,axis_3,0.45,8879,32768,0.270965576171875,0.26615846852954356,0.27581331195645653,0.26225914010653817,0.008706436065336831,0.013554171849918362,1.8782496983989507,0.007216384414421655
4,iid,linear,0.08,3141,axis_3,0.7,5686,32768,0.17352294921875,0.16943644780455552,0.17766740598812195,0.16109940308129078,0.012423546137459218,0.016568002906831164,1.2074462346850399,0.013721524346922906
4,iid,linear,0.08,3141,axis_3,0.95,3369,32768,0.102813720703125,0.09954532926801143,0.10615270476568568,0.08955459636336105,0.01325912433976395,0.016598108402324632,0.8896972255573977,0.01865590666749115
4,iid,linear,0.08,3141,axis_3,1.2,1812,32768,0.0552978515625,0.05284738567098991,0.057827513266770755,0.04484301088518228,0.010454840677317723,0.012984502381588478,0.7043436368996066,0.01843489697549326
4,iid,linear,0.08,3141,mean,0.45,8799,32768,0.268524169921875,0.263730991830782,0.2733584097233889,0.26246134653937636,0.006062823382498639,0.010897063184012512,1.8782496983989507,0.00580171166448281
4,iid,linear,0.08,3141,mean,0.7,5483,32768,0.167327880859375,0.16330072287385106,0.1714140981373853,0.16133541967928666,0.005992461180088338,0.01007867845809865,1.2074462346850399,0.008347103306614439
4,iid,linear,0.08,3141,mean,0.95,3142,32768,0.09588623046875,0.09271893121732262,0.0991253673659735,0.0897667235307733,0.006119506937976693,0.009358643835200187,0.8896972255573977,0.010518908642585652
4,iid,linear,0.08,3141,mean,1.2,1655,32768,0.050506591796875,0.0481601995216216,0.05293306134891511,0.044999631262410245,0.005506960534464755,0.007933430086504864,0.7043436368996066,0.011263578842603577
4,iid,linear,0.08,3141,alternating,0.45,8732,32768,0.2664794921875,0.2616981226356581,0.27130228657841315,0.26246134653937636,0.004018145648123639,0.008840940039036793,1.8782496983989507,0.004707009960695294
4,iid,linear,0.08,3141,alternating,0.7,5458,32768,0.16656494140625,0.16254522811997998,0.1706438499671392,0.16133541967928666,0.005229521726963338,0.009308430287852526,1.2074462346850399,0.007709188219283829
4,iid,linear,0.08,3141,alternating,0.95,3133,32768,0.095611572265625,0.09244838284865817,0.09884664873242516,0.0897667235307733,0.005844848734851693,0.00907992520165185,0.8896972255573977,0.010205635064179562
4,iid,linear,0.08,3141,alternating,1.2,1620,32768,0.0494384765625,0.047116065563057224,0.05184116199075911,0.044999631262410245,0.004438845300089755,0.006841530728348866,0.7043436368996066,0.009713342138595938
4,iid,contractive,0.08,3141,axis_0,0.45,9300,32768,0.2838134765625,0.27893605723888004,0.2887292426852108,0.2846068247368555,0.0007933481743555015,0.00567076749797546,1.8782496983989507,0.003019176578497156
4,iid,contractive,0.08,3141,axis_0,0.7,6252,32768,0.1907958984375,0.18655380172890673,0.19509287452243795,0.18796029127403735,0.00283560716346265,0.0071325832484006035,1.2074462346850399,0.005907164264138953
4,iid,contractive,0.08,3141,axis_0,0.95,3925,32768,0.119781494140625,0.1162843347020214,0.12334620388976406,0.11474657436629188,0.005034919774333124,0.00859962952347218,0.8896972255573977,0.009665793346814685
4,iid,contractive,0.08,3141,axis_0,1.2,2361,32768,0.072052001953125,0.06927508917618708,0.07490505550666578,0.06452065254973405,0.007531349403390952,0.01038440295693173,0.7043436368996066,0.01474337583660441
4,iid,contractive,0.08,3141,axis_3,0.45,10193,32768,0.311065673828125,0.30605502780214666,0.3161098291032681,0.3099910034093183,0.0010746704188067113,0.0061188256939498364,1.8782496983989507,0.0032577274997917577
4,iid,contractive,0.08,3141,axis_3,0.7,7319,32768,0.223358154296875,0.21885800484893778,0.22790739066695595,0.2202460684564681,0.0031120858404068974,0.0076613222104878476,1.2074462346850399,0.006345062819700862
4,iid,contractive,0.08,3141,axis_3,0.95,4949,32768,0.151031494140625,0.14717022834774807,0.15495472537015006,0.14758461028838432,0.0034468838522406786,0.0073701150817657435,0.8896972255573977,0.008283846313163836
4,iid,contractive,0.08,3141,axis_3,1.2,3241,32768,0.098907470703125,0.09569548464156649,0.10219075118477151,0.09302821225967983,0.005879258443445168,0.009162538925091682,0.7043436368996066,0.013008620288561878
4,iid,contractive,0.08,3141,mean,0.45,10403,32768,0.317474365234375,0.3124353902512208,0.32254571211086286,0.3207645286368521,0.00329016340247712,0.008329138385631318,1.8782496983989507,0.004434521348642412
4,iid,contractive,0.08,3141,mean,0.7,7553,32768,0.230499267578125,0.2259480757803013,0.23509827683475576,0.23446916634829895,0.003969898770173952,0.008521090567997658,1.2074462346850399,0.00705711800925063
4,iid,contractive,0.08,3141,mean,0.95,5254,32768,0.16033935546875,0.15638154466882057,0.1643574714136576,0.16283987544579825,0.0025005199770482545,0.006458330776977689,0.8896972255573977,0.007259020924710119
4,iid,contractive,0.08,3141,mean,1.2,3380,32768,0.1031494140625,0.09987624516761345,0.10649311530227015,0.10721080139375283,0.00406138733125283,0.007334556226139377,0.7043436368996066,0.010413320773968752
4,iid,contractive,0.08,3141,alternating,0.45,10342,32768,0.31561279296875,0.31058193249240273,0.32067635570425557,0.3207645286368521,0.00515173566810212,0.010182596144449385,1.8782496983989507,0.0054213218578601065
4,iid,contractive,0.08,3141,alternating,0.7,7526,32768,0.22967529296875,0.2251298952024191,0.2342686546569598,0.23446916634829895,0.004793873379548952,0.009339271145879846,1.2074462346850399,0.007734730439832775
4,iid,contractive,0.08,3141,alternating,0.95,5192,32768,0.158447265625,0.15450868465714906,0.16244648914598833,0.16283987544579825,0.0043926098207982545,0.00833119078864919,0.8896972255573977,0.009364074147168073
4,iid,contractive,0.08,3141,alternating,1.2,3406,32768,0.10394287109375,0.10065845303297592,0.10729767903010577,0.10721080139375283,0.0032679303000028304,0.006552348360776908,0.7043436368996066,0.009302772137786552
4,iid,sgd,0.08,5772,axis_0,0.45,9010,32768,0.27496337890625,0.27013385772639104,0.27983281830222234,0.2730088051737921,0.001954573732457887,0.0068240131284302286,1.8782496983989507,0.0036331767465460655
4,iid,sgd,0.08,5772,axis_0,0.7,5969,32768,0.182159423828125,0.1779933682347575,0.18638189644539738,0.1738272400666594,0.008332183761465606,0.012554656378737983,1.2074462346850399,0.010397693924659794
4,iid,sgd,0.08,5772,axis_0,0.95,3619,32768,0.110443115234375,0.1070687452967204,0.11388670873110308,0.1012327333519929,0.009210381882382102,0.012653975379110186,0.8896972255573977,0.014222788399932837
4,iid,sgd,0.08,5772,axis_0,1.2,2011,32768,0.061370849609375,0.05879588792120657,0.06402389554685482,0.05370231816512683,0.007668531444248172,0.010321577381727995,0.7043436368996066,0.014654178501791702
4,iid,sgd,0.08,5772,axis_3,0.45,8042,32768,0.24542236328125,0.2407704051770875,0.25011948679537116,0.24053995263804717,0.004882410643202828,0.009579534157323988,1.8782496983989507,0.005100245279149909
4,iid,sgd,0.08,5772,axis_3,0.7,4863,32768,0.148406982421875,0.14457384618657512,0.15230255246254498,0.1365409844100126,0.011865998011862389,0.01576156805253237,1.2074462346850399,0.013053639656794944
4,iid,sgd,0.08,5772,axis_3,0.95,2638,32768,0.08050537109375,0.07758154217007393,0.0835038103276718,0.0684521350827646,0.012053236010985402,0.015051675244907206,0.8896972255573977,0.01691775000813034
4,iid,sgd,0.08,5772,axis_3,1.2,1260,32768,0.0384521484375,0.03639594748951756,0.040590670108921346,0.03013285555817935,0.00831929287932065,0.010457814550741996,0.7043436368996066,0.014847602793396994
4,iid,sgd,0.08,5772,mean,0.45,7968,32768,0.2431640625,0.23852685561755996,0.2478468360600913,0.24014102836435636,0.003023034135643643,0.007705807695734951,1.8782496983989507,0.004102653498256116
4,iid,sgd,0.08,5772,mean,0.7,4659,32768,0.142181396484375,0.13841666308144832,0.14600967513621815,0.13610501592554702,0.006076380558827976,0.00990465921067113,1.2074462346850399,0.008202981570649182
4,iid,sgd,0.08,5772,mean,0.95,2394,32768,0.07305908203125,0.0702641126546284,0.07593000954666274,0.06809560300181894,0.0049634790294310616,0.007834406544843797,0.8896972255573977,0.008805699646793346
4,iid,sgd,0.08,5772,mean,1.2,1148,32768,0.0350341796875,0.03306943872870456,0.03708188726042889,0.029900092976545944,0.0051340867109540556,0.007181794283882943,0.7043436368996066,0.010196435245011801
4,iid,sgd,0.08,5772,alternating,0.45,7937,32768,0.242218017578125,0.23758704213293458,0.2468947278061755,0.24014102836435636,0.002076989213768643,0.006753699441819139,1.8782496983989507,0.0035957409962988933
4,iid,sgd,0.08,5772,alternating,0.7,4643,32768,0.141693115234375,0.13793384921635823,0.1455160137002849,0.13610501592554702,0.005588099308827976,0.00941099777473789,1.2074462346850399,0.007794134019717019
4,iid,sgd,0.08,5772,alternating,0.95,2398,32768,0.07318115234375,0.07038400493385076,0.07605423576064713,0.06809560300181894,0.0050855493419310616,0.007958632758828188,0.8896972255573977,0.008945327163229135
4,iid,sgd,0.08,5772,alternating,1.2,1095,32768,0.033416748046875,0.03149702053680851,0.03541974993987874,0.029900092976545944,0.0035166550703290556,0.005519656963332793,0.7043436368996066,0.007836596618703515
4,iid,linear,0.08,5772,axis_0,0.45,9761,32768,0.297882080078125,0.2929332564205696,0.3028667529781783,0.29720815768556674,0.0006739223925582571,0.005658595292611535,1.8782496983989507,0.003012695967652762
4,iid,linear,0.08,5772,axis_0,0.7,6837,32768,0.208648681640625,0.20425976876679308,0.2130892972171896,0.2037641352509022,0.004884546389722799,0.00932516196628741,1.2074462346850399,0.007723045298758053
4,iid,linear,0.08,5772,axis_0,0.95,4504,32768,0.137451171875,0.1337400512917204,0.14122668262292734,0.13049481332680246,0.006956358548197539,0.01073186929612488,0.8896972255573977,0.012062383682720078
4,iid,linear,0.08,5772,axis_0,1.2,2790,32768,0.08514404296875,0.08214377540375055,0.08821808321862425,0.07782434558402673,0.007319697384723267,0.010393737634597514,0.7043436368996066,0.014756628852854935
4,iid,linear,0.08,5772,axis_3,0.45,8621,32768,0.263092041015625,0.25833052350243546,0.26789558500062705,0.26225914010653817,0.0008329009090868311,0.005636444894088877,1.8782496983989507,0.003000902861261455
4,iid,linear,0.08,5772,axis_3,0.7,5586,32768,0.17047119140625,0.16641367899548543,0.17458720293180505,0.16109940308129078,0.009371788324959218,0.013487799850514265,1.2074462346850399,0.011170517960191025
4,iid,linear,0.08,5772,axis_3,0.95,3294,32768,0.10052490234375,0.09728937717549624,0.10383143127240797,0.08955459636336105,0.01097030598038895,0.014276834909046923,0.8896972255573977,0.01604684661133168
4,iid,linear,0.08,5772,axis_3,1.2,1769,32768,0.053985595703125,0.05156308799552437,0.05648754020436361,0.04484301088518228,0.009142584817942723,0.011644529319181335,0.7043436368996066,0.01653245476943392
4,iid,linear,0.08,5772,mean,0.45,8681,32768,0.264923095703125,0.2601508024622935,0.26973709020393777,0.26246134653937636,0.002461749163748639,0.007275743664561407,1.8782496983989507,0.0038736828605713948
4,iid,linear,0.08,5772,mean,0.7,5411,32768,0.165130615234375,0.1611249805827076,0.1691957008251806,0.16133541967928666,0.0037951955550883376,0.007860281145893933,1.2074462346850399,0.006509839461252925
4,iid,linear,0.08,5772,mean,0.95,3067,32768,0.093597412109375,0.09046460888820919,0.0968024647825978,0.0897667235307733,0.003830688578601693,0.00703574125182449,0.8896972255573977,0.007908017525194122
4,iid,linear,0.08,5772,mean,1.2,1601,32768,0.048858642578125,0.04654937636112289,0.051248290358823834,0.044999631262410245,0.0038590113157147554,0.006248659096413589,0.7043436368996066,0.008871605802984262
4,iid,linear,0.08,5772,alternating,0.45,8643,32768,0.263763427734375,0.2589979468150099,0.26857081587985104,0.26246134653937636,0.0013020811949986388,0.0061094693404746825,1.8782496983989507,0.0032527460782677026
4,iid,linear,0.08,5772,alternating,0.7,5395,32768,0.164642333984375,0.1606415168236542,0.16870268912443115,0.16133541967928666,0.0033069143050883376,0.0073672694451444865,1.2074462346850399,0.0061015300172485324
4,iid,linear,0.08,5772,alternating,0.95,3070,32768,0.09368896484375,0.09055477088669979,0.0968953917759054,0.0897667235307733,0.003922241312976693,0.0071286682451321,0.8896972255573977,0.008012465409978064
4,iid,linear,0.08,5772,alternating,1.2,1568,32768,0.0478515625,0.045565343542326386,0.05021834928921076,0.044999631262410245,0.0028519312375897554,0.005218718026800517,0.7043436368996066,0.007409335093552305
4,iid,contractive,0.08,5772,axis_0,0.45,9330,32768,0.28472900390625,0.2798467627794994,0.2896494292848637,0.2846068247368555,0.00012217916939449847,0.0050426045480082005,1.8782496983989507,0.0026847359817529027
4,iid,contractive,0.08,5772,axis_0,0.7,6374,32768,0.19451904296875,0.1902452023731242,0.19884710025956823,0.18796029127403735,0.00655875169471265,0.010886808985530877,1.2074462346850399,0.009016392343441015
4,iid,contractive,0.08,5772,axis_0,0.95,3995,32768,0.121917724609375,0.11839347167129749,0.12550914542374728,0.11474657436629188,0.007171150243083124,0.0107625710574554,0.8896972255573977,0.012096891783283487
4,iid,contractive,0.08,5772,axis_0,1.2,2307,32768,0.070404052734375,0.06765703110738693,0.07322751420051157,0.06452065254973405,0.005883400184640952,0.008706861650777525,0.7043436368996066,0.012361667224117417
4,iid,contractive,0.08,5772,axis_3,0.45,9948,32768,0.3035888671875,0.2986126893636901,0.308599881289957,0.3099910034093183,0.006402136221818289,0.011378314045628168,1.8782496983989507,0.00605793471194337
4,iid,contractive,0.08,5772,axis_3,0.7,7230,32768,0.22064208984375,0.21616185199756313,0.2251718975138642,0.2202460684564681,0.0003960213872818974,0.004925829057396108,1.2074462346850399,0.004079543184530284
4,iid,contractive,0.08,5772,axis_3,0.95,5007,32768,0.152801513671875,0.14892150661712727,0.15674317034380084,0.14758461028838432,0.005216903383490679,0.009158560055416515,0.8896972255573977,0.010294018900282231
4,iid,contractive,0.08,5772,axis_3,1.2,3203,32768,0.097747802734375,0.09455285726123495,0.10101425109192237,0.09302821225967983,0.004719590474695168,0.00798603883224254,0.7043436368996066,0.011338270715975571
4,iid,contractive,0.08,5772,mean,0.45,10239,32768,0.312469482421875,0.3074525358098187,0.3175196891404934,0.3207645286368521,0.00829504621497712,0.013311992827033436,1.8782496983989507,0.007087445741841879
4,iid,contractive,0.08,5772,mean,0.7,7411,32768,0.226165771484375,0.2216453297293257,0.2307348010244227,0.23446916634829895,0.008303394863923952,0.012823836618973239,1.2074462346850399,0.010620627445426845
4,iid,contractive,0.08,5772,mean,0.95,5114,32768,0.15606689453125,0.15215278898419116,0.16004206717881433,0.16283987544579825,0.0067729809145482545,0.010687086461607098,0.8896972255573977,0.012012048767390064
4,iid,contractive,0.08,5772,mean,1.2,3340,32768,0.1019287109375,0.09867296693920825,0.10525520651052976,0.10721080139375283,0.00528209045625283,0.008537834454544577,0.7043436368996066,0.012121688913279008
4,iid,contractive,0.08,5772,alternating,0.45,10305,32768,0.314483642578125,0.30945774951315286,0.31954243829161944,0.3207645286368521,0.00628088605872712,0.011306779123699262,1.8782496983989507,0.006019848763099676
4,iid,contractive,0.08,5772,alternating,0.7,7491,32768,0.228607177734375,0.2240693275168415,0.23319318173845,0.23446916634829895,0.005861988613923952,0.010399838831457453,1.2074462346850399,0.008613086473510957
4,iid,contractive,0.08,5772,alternating,0.95,5157,32768,0.157379150390625,0.15345151267582846,0.1613676211513257,0.16283987544579825,0.0054607250551732545,0.009388362769969794,0.8896972255573977,0.01055231206783629
4,iid,contractive,0.08,5772,alternating,1.2,3354,32768,0.10235595703125,0.0990940978703955,0.10568849102992696,0.10721080139375283,0.00485484436250283,0.008116703523357333,0.7043436368996066,0.011523783417829392
4,iid,sgd,0.04,1729,axis_0,0.45,8954,32768,0.27325439453125,0.26843439485136267,0.27811461590088343,0.2730088051737921,0.0002455893574578871,0.00510581072709132,1.7830133530497683,0.0028635852436876305
4,iid,sgd,0.04,1729,axis_0,0.7,5777,32768,0.176300048828125,0.17218757108583232,0.18046998718814275,0.1738272400666594,0.002472808761465606,0.0066427471214833556,1.1462228698177084,0.0057953364013228915
4,iid,sgd,0.04,1729,axis_0,0.95,3432,32768,0.104736328125,0.10144072085377401,0.10810218282569771,0.1012327333519929,0.0035035947730071015,0.006869449473704811,0.8445852724972588,0.008133517949458569
4,iid,sgd,0.04,1729,axis_0,1.2,1888,32768,0.0576171875,0.05511825414869162,0.06019489147140091,0.05370231816512683,0.003914869334873172,0.006492573306274084,0.6686300073936632,0.009710263126811045
4,iid,sgd,0.04,1729,axis_3,0.45,8172,32768,0.2493896484375,0.2447121944927944,0.2541115629146987,0.24053995263804717,0.008849695799452828,0.013571610276651547,1.7830133530497683,0.007611614491522391
4,iid,sgd,0.04,1729,axis_3,0.7,4828,32768,0.1473388671875,0.1435172973308156,0.15122306149457748,0.1365409844100126,0.010797882777487389,0.01468207708456487,1.1462228698177084,0.012809094523563172
4,iid,sgd,0.04,1729,axis_3,0.95,2539,32768,0.077484130859375,0.0746116297152259,0.0804317886615458,0.0684521350827646,0.009031995776610402,0.011979653578781196,0.8445852724972588,0.014184066391970004
4,iid,sgd,0.04,1729,axis_3,1.2,1190,32768,0.03631591796875,0.034316319380284614,0.038398240295453266,0.03013285555817935,0.00618306241057065,0.008265384737273916,0.6686300073936632,0.012361671845229617
4,iid,sgd,0.04,1729,mean,0.45,8000,32768,0.244140625,0.23949701785022318,0.24882962530356553,0.24014102836435636,0.003999596635643643,0.008688596939209176,1.7830133530497683,0.004872984784072257
4,iid,sgd,0.04,1729,mean,0.7,4650,32768,0.14190673828125,0.13814507841385837,0.14573199244648208,0.13610501592554702,0.005801722355702976,0.009626976520935054,1.1462228698177084,0.008398869691429292
4,iid,sgd,0.04,1729,mean,0.95,2406,32768,0.07342529296875,0.07062379633774976,0.07630268134707362,0.06809560300181894,0.0053296899669310616,0.008207078345254679,0.8445852724972588,0.009717288014019112
4,iid,sgd,0.04,1729,mean,1.2,1089,32768,0.033233642578125,0.03131908626313858,0.03523150821483852,0.029900092976545944,0.0033335496015790556,0.005331415238292572,0.6686300073936632,0.007973640398035027
4,iid,sgd,0.04,1729,alternating,0.45,7878,32768,0.24041748046875,0.23579845006992736,0.2450825656035384,0.24014102836435636,0.000276452104393643,0.004941537239182031,1.7830133530497683,0.002771452737989731
4,iid,sgd,0.04,1729,alternating,0.7,4473,32768,0.136505126953125,0.1328049049547575,0.14026990814776527,0.13610501592554702,0.00040011102757797623,0.004164892222218247,1.1462228698177084,0.0036335797617444315
4,iid,sgd,0.04,1729,alternating,0.95,2261,32768,0.069000244140625,0.06627903115658208,0.07179815192675242,0.06809560300181894,0.0009046411388060616,0.003702548924933477,0.8445852724972588,0.004383866313446158
4,iid,sgd,0.04,1729,alternating,1.2,1067,32768,0.032562255859375,0.03066679641038557,0.03454115291838156,0.029900092976545944,0.0026621628828290556,0.0046410599418356124,0.6686300073936632,0.006941148154457773
4,iid,linear,0.04,1729,axis_0,0.45,9691,32768,0.295745849609375,0.2908075017379892,0.30072042592824644,0.29720815768556674,0.0014623080761917429,0.006400655947577549,1.7830133530497683,0.0035897969785977767
4,iid,linear,0.04,1729,axis_0,0.7,6721,32768,0.205108642578125,0.20074777901369967,0.20952183856987863,0.2037641352509022,0.0013445073272227992,0.0057577033189764315,1.1462228698177084,0.005023197033132063
4,iid,linear,0.04,1729,axis_0,0.95,4323,32768,0.131927490234375,0.12828085865419067,0.1356394991486167,0.13049481332680246,0.0014326769075725387,0.005144685821814238,0.8445852724972588,0.00609137524574931
4,iid,linear,0.04,1729,axis_0,1.2,2613,32768,0.079742431640625,0.07683144594463767,0.08272816555144775,0.07782434558402673,0.0019180860565982671,0.004903819967421022,0.6686300073936632,0.007334130854426108
4,iid,linear,0.04,1729,axis_3,0.45,8863,32768,0.270477294921875,0.2656729584393465,0.2753223462587167,0.26225914010653817,0.008218154815336831,0.013063206152178541,1.7830133530497683,0.00732647690486136
4,iid,linear,0.04,1729,axis_3,0.7,5560,32768,0.169677734375,0.16562783635230882,0.17378627290628768,0.16109940308129078,0.008578331293709218,0.012686869824996894,1.1462228698177084,0.011068414493434922
4,iid,linear,0.04,1729,axis_3,0.95,3194,32768,0.09747314453125,0.09428225526320015,0.10073558606521728,0.08955459636336105,0.00791854816788895,0.011180989701856228,0.8445852724972588,0.01323843792444595
4,iid,linear,0.04,1729,axis_3,1.2,1694,32768,0.05169677734375,0.049324009157535834,0.05414940341702743,0.04484301088518228,0.006853766458567723,0.009306392531845155,0.6686300073936632,0.013918598371200405
4,iid,linear,0.04,1729,mean,0.45,8721,32768,0.266143798828125,0.2613643804800841,0.2709647016347299,0.26246134653937636,0.003682452288748639,0.008503355095353549,1.7830133530497683,0.004769092211681378
4,iid,linear,0.04,1729,mean,0.7,5472,32768,0.1669921875,0.16296830143996086,0.17107519268384735,0.16133541967928666,0.005656767820713338,0.009739773004560692,1.1462228698177084,0.008497276804562165
4,iid,linear,0.04,1729,mean,0.95,3063,32768,0.093475341796875,0.09034439431874913,0.09667856069694937,0.0897667235307733,0.003708618266101693,0.006911837166176063,0.8445852724972588,0.008183705531283102
4,iid,linear,0.04,1729,mean,1.2,1598,32768,0.04876708984375,0.046459907384689664,0.05115467078979092,0.044999631262410245,0.0037674585813397554,0.006155039527380675,0.6686300073936632,0.009205449141257024
4,iid,linear,0.04,1729,alternating,0.45,8567,32768,0.261444091796875,0.25669236331283124,0.26623813945350727,0.26246134653937636,0.0010172547425013612,0.005768983226545121,1.7830133530497683,0.003235524409661611
4,iid,linear,0.04,1729,alternating,0.7,5247,32768,0.160125732421875,0.15617008285579204,0.16414172522512382,0.16133541967928666,0.0012096872574116624,0.005165336823494626,1.1462228698177084,0.004506398327505108
4,iid,linear,0.04,1729,alternating,0.95,2930,32768,0.08941650390625,0.0863482090692206,0.09255780108493766,0.0897667235307733,0.0003502196245233069,0.00341851446155271,0.8445852724972588,0.00404756579693237
4,iid,linear,0.04,1729,alternating,1.2,1525,32768,0.046539306640625,0.04428354392553326,0.04887588028316021,0.044999631262410245,0.0015396753782147554,0.0038762490207499625,0.6686300073936632,0.005797300417101649
4,iid,contractive,0.04,1729,axis_0,0.45,9302,32768,0.28387451171875,0.2789967701721671,0.2887905892278673,0.2846068247368555,0.0007323130181055015,0.005610054564688383,1.7830133530497683,0.003146389540545293
4,iid,contractive,0.04,1729,axis_0,0.7,6195,32768,0.189056396484375,0.18482934209621119,0.19333863990056932,0.18796029127403735,0.00109610521033765,0.00537834862653197,1.1462228698177084,0.004692236360095769
4,iid,contractive,0.04,1729,axis_0,0.95,3807,32768,0.116180419921875,0.11272975362999092,0.11969928147007047,0.11474657436629188,0.0014338455555831242,0.0049527071037785975,0.8445852724972588,0.005864069934743827
4,iid,contractive,0.04,1729,axis_0,1.2,2207,32768,0.067352294921875,0.06466179785741112,0.07011978634831711,0.06452065254973405,0.0028316423721409523,0.005599133798583067,0.6686300073936632,0.00837403905997075
4,iid,contractive,0.04,1729,axis_3,0.45,10339,32768,0.315521240234375,0.31049078123913,0.32058441773646473,0.3099910034093183,0.005530236825056711,0.010593414327146444,1.7830133530497683,0.005941298369429966
4,iid,contractive,0.04,1729,axis_3,0.7,7386,32768,0.22540283203125,0.22088787549243588,0.2299665119859868,0.2202460684564681,0.005156763574781897,0.009720443529518702,1.1462228698177084,0.008480413177469238
4,iid,contractive,0.04,1729,axis_3,0.95,4945,32768,0.150909423828125,0.14704945731410876,0.15483137756111362,0.14758461028838432,0.0033248135397406786,0.007246767272729299,0.8445852724972588,0.008580267154436817
4,iid,contractive,0.04,1729,axis_3,1.2,3200,32768,0.09765625,0.0944626557274845,0.10092136361706576,0.09302821225967983,0.004628037740320168,0.007893151357385927,0.6686300073936632,0.011804961294144774
4,iid,contractive,0.04,1729,mean,0.45,10445,32768,0.318756103515625,0.3137115955794329,0.3238327558843197,0.3207645286368521,0.00200842512122712,0.0070529330574192195,1.7830133530497683,0.003955625483878446
4,iid,contractive,0.04,1729,mean,0.7,7636,32768,0.2330322265625,0.22846337713973003,0.23764844322695203,0.23446916634829895,0.0014369397857989519,0.0060057892085689235,1.1462228698177084,0.005239634774975363
4,iid,contractive,0.04,1729,mean,0.95,5343,32768,0.163055419921875,0.15907034722372085,0.16710031349952023,0.16283987544579825,0.00021554447607674554,0.004260438053721977,0.8445852724972588,0.005044414332640171
4,iid,contractive,0.04,1729,mean,1.2,3544,32768,0.108154296875,0.10481116110292198,0.11156706671753068,0.10721080139375283,0.0009434954812471696,0.00435626532377785,0.6686300073936632,0.006515210618139445
4,iid,contractive,0.04,1729,alternating,0.45,10421,32768,0.318023681640625,0.312982330001905,0.3230973076890528,0.3207645286368521,0.00274084699622712,0.007782198634947113,1.7830133530497683,0.004364632840037902
4,iid,contractive,0.04,1729,alternating,0.7,7537,32768,0.230010986328125,0.22546322505479455,0.23460665185277974,0.23446916634829895,0.004458180020173952,0.009005941293504405,1.1462228698177084,0.00785705950443711
4,iid,contractive,0.04,1729,alternating,0.95,5147,32768,0.157073974609375,0.1531494752607685,0.16105936143314387,0.16283987544579825,0.0057659008364232545,0.009690400185029757,0.8445852724972588,0.011473560456929715
4,iid,contractive,0.04,1729,alternating,1.2,3379,32768,0.103118896484375,0.09984616145532621,0.10646216933836537,0.10721080139375283,0.00409190490937783,0.00736463993842662,0.6686300073936632,0.01101452201814001
4,iid,sgd,0.04,2718,axis_0,0.45,8773,32768,0.267730712890625,0.2629421017311115,0.27256052667448005,0.2730088051737921,0.005278092283167113,0.010066703442680625,1.7830133530497683,0.0056458934676299295
4,iid,sgd,0.04,2718,axis_0,0.7,5600,32768,0.1708984375,0.16683683831915855,0.1750184596633275,0.1738272400666594,0.002928802566659394,0.006990401747500846,1.1462228698177084,0.006098640963787939
4,iid,sgd,0.04,2718,axis_0,0.95,3410,32768,0.10406494140625,0.10077879804124107,0.10742145273055537,0.1012327333519929,0.0028322080542571015,0.006188719378562468,0.8445852724972588,0.007327524620768893
4,iid,sgd,0.04,2718,axis_0,1.2,1869,32768,0.057037353515625,0.05455042651026423,0.05960315735603844,0.05370231816512683,0.0033350353504981722,0.005900839190911611,0.6686300073936632,0.008825268273425587
4,iid,sgd,0.04,2718,axis_3,0.45,7744,32768,0.236328125,0.23173664311287456,0.24096638835084955,0.24053995263804717,0.004211827638047172,0.008803309525172609,1.7830133530497683,0.004937321142387927
4,iid,sgd,0.04,2718,axis_3,0.7,4599,32768,0.140350341796875,0.13660618974624184,0.14415836611374114,0.1365409844100126,0.0038093573868623887,0.007617381703728526,1.1462228698177084,0.006645637514578618
4,iid,sgd,0.04,2718,axis_3,0.95,2434,32768,0.07427978515625,0.0714631375816883,0.07717216960978185,0.0684521350827646,0.005827650073485402,0.00872003452701725,0.8445852724972588,0.010324634836733496
4,iid,sgd,0.04,2718,axis_3,1.2,1208,32768,0.036865234375,0.034850906839748806,0.0389621818125171,0.03013285555817935,0.00673237881682065,0.00882932625433775,0.6686300073936632,0.013205100214922584
4,iid,sgd,0.04,2718,mean,0.45,7898,32768,0.24102783203125,0.2364047399091082,0.24569687042905927,0.24014102836435636,0.000886803666893643,0.005555842064702915,1.7830133530497683,0.003115984552330965
4,iid,sgd,0.04,2718,mean,0.7,4520,32768,0.137939453125,0.13422273071778532,0.14172047846121677,0.13610501592554702,0.0018344371994529762,0.005615462535669746,1.1462228698177084,0.004899101809548444
4,iid,sgd,0.04,2718,mean,0.95,2337,32768,0.071319580078125,0.06855589894684769,0.07415953487132006,0.06809560300181894,0.0032239770763060616,0.0060639318695011185,0.8445852724972588,0.007179774579269377
4,iid,sgd,0.04,2718,mean,1.2,1093,32768,0.033355712890625,0.0314377073687211,0.03535700443944544,0.029900092976545944,0.0034556199140790556,0.005456911462899498,0.6686300073936632,0.008161331981151546
4,iid,sgd,0.04,2718,alternating,0.45,7921,32768,0.241729736328125,0.2371019891543116,0.2464033050503184,0.24014102836435636,0.001588707963768643,0.006262276685962048,1.7830133530497683,0.003512187205581322
4,iid,sgd,0.04,2718,alternating,0.7,4551,32768,0.138885498046875,0.13515796683076509,0.14267716318530554,0.13610501592554702,0.0027804821213279762,0.006572147259758521,1.1462228698177084,0.005733742915811594
4,iid,sgd,0.04,2718,alternating,0.95,2293,32768,0.069976806640625,0.0672376056786681,0.07279252501859858,0.06809560300181894,0.0018812036388060616,0.004696922016779639,0.8445852724972588,0.005561217049039751
4,iid,sgd,0.04,2718,alternating,1.2,1033,32768,0.031524658203125,0.029659143840525908,0.0334738090212785,0.029900092976545944,0.0016245652265790556,0.0035737160447325556,0.6686300073936632,0.005344833473243284
4,iid,linear,0.04,2718,axis_0,0.45,9577,32768,0.292266845703125,0.28734583691116444,0.2972247005299726,0.29720815768556674,0.004941311982441743,0.0098623207744023,1.7830133530497683,0.005531265796486168
4,iid,linear,0.04,2718,axis_0,0.7,6617,32768,0.201934814453125,0.19759953635011168,0.2063229896362643,0.2037641352509022,0.0018293207977772008,0.006164598900790519,1.1462228698177084,0.005378185223063048
4,iid,linear,0.04,2718,axis_0,0.95,4280,32768,0.130615234375,0.12698423252669955,0.13431184816760514,0.13049481332680246,0.00012042104819753874,0.0038170348408026744,0.8445852724972588,0.004519419133981007
4,iid,linear,0.04,2718,axis_0,1.2,2609,32768,0.079620361328125,0.07671143787720672,0.08260405506241601,0.07782434558402673,0.0017960157440982671,0.00477970947838928,0.6686300073936632,0.007148511771137387
4,iid,linear,0.04,2718,axis_3,0.45,8362,32768,0.25518798828125,0.25047421515171364,0.2599451918525508,0.26225914010653817,0.007071151825288169,0.011784924954824527,1.7830133530497683,0.0066095550740923594
4,iid,linear,0.04,2718,axis_3,0.7,5328,32768,0.16259765625,0.15861715028144177,0.16663806470948428,0.16109940308129078,0.0014982531687092182,0.0055386616281934975,1.1462228698177084,0.004832098341463339
4,iid,linear,0.04,2718,axis_3,0.95,3092,32768,0.0943603515625,0.09121598681761242,0.0975768284636434,0.08955459636336105,0.00480575519913895,0.008022232100282356,0.8445852724972588,0.009498427644330482
4,iid,linear,0.04,2718,axis_3,1.2,1672,32768,0.051025390625,0.04866745697138773,0.053463305886863814,0.04484301088518228,0.006182379739817723,0.008620295001681537,0.6686300073936632,0.012892474023539068
4,iid,linear,0.04,2718,mean,0.45,8592,32768,0.26220703125,0.25745076007004475,0.2670054860917227,0.26246134653937636,0.00025431528937636116,0.005010586469331613,1.7830133530497683,0.0028101788810281306
4,iid,linear,0.04,2718,mean,0.7,5310,32768,0.16204833984375,0.15807332885600825,0.16608335125950316,0.16133541967928666,0.0007129201644633376,0.004747931580216497,1.1462228698177084,0.004142241186455817
4,iid,linear,0.04,2718,mean,0.95,3005,32768,0.091705322265625,0.08860146829098409,0.09488176630698605,0.0897667235307733,0.001938598734851693,0.005115042776212747,0.8445852724972588,0.006056277492370492
4,iid,linear,0.04,2718,mean,1.2,1566,32768,0.04779052734375,0.04550571417911155,0.05015591963691791,0.044999631262410245,0.0027908960813397554,0.005156288374507663,0.6686300073936632,0.007711721456545162
4,iid,linear,0.04,2718,alternating,0.45,8627,32768,0.263275146484375,0.2585125466262605,0.26807974029259046,0.26246134653937636,0.0008137999449986388,0.0056183937532141015,1.7830133530497683,0.0031510665602162086
4,iid,linear,0.04,2718,alternating,0.7,5388,32768,0.1644287109375,0.16043000540502603,0.16848699253027746,0.16133541967928666,0.0030932912582133376,0.0071515728509908005,1.1462228698177084,0.00623925157951888
4,iid,linear,0.04,2718,alternating,0.95,3019,32768,0.092132568359375,0.08902214261780306,0.09531550723929492,0.0897667235307733,0.002365844828601693,0.005548783708521618,0.8445852724972588,0.006569832424516528
4,iid,linear,0.04,2718,alternating,1.2,1520,32768,0.04638671875,0.04413452944899317,0.048719747274795486,0.044999631262410245,0.0013870874875897554,0.003720116012385241,0.6686300073936632,0.005563788599447321
4,iid,contractive,0.04,2718,axis_0,0.45,9132,32768,0.2786865234375,0.2738365657985556,0.2835757381850188,0.2846068247368555,0.0059203012993555015,0.010770258938299915,1.7830133530497683,0.0060404813681725076
4,iid,contractive,0.04,2718,axis_0,0.7,6029,32768,0.183990478515625,0.17980801419289955,0.18822903380485465,0.18796029127403735,0.00396981275841235,0.008152277081137804,1.1462228698177084,0.0071122966534722136
4,iid,contractive,0.04,2718,axis_0,0.95,3775,32768,0.115203857421875,0.11176598155374343,0.11871010350828666,0.11474657436629188,0.0004572830555831242,0.003963529141994784,0.8445852724972588,0.004692870301036002
4,iid,contractive,0.04,2718,axis_0,1.2,2199,32768,0.067108154296875,0.06442224707413513,0.06987110028525832,0.06452065254973405,0.0025875017471409523,0.005350447735524275,0.6686300073936632,0.008002105314388231
4,iid,contractive,0.04,2718,axis_3,0.45,9909,32768,0.302398681640625,0.297428133373527,0.30740427743972315,0.3099910034093183,0.007592321768693289,0.012562870035791263,1.7830133530497683,0.007045864246783688
4,iid,contractive,0.04,2718,axis_3,0.7,7040,32768,0.21484375,0.21040696187553054,0.2193311390028106,0.2202460684564681,0.005402318456468103,0.009839106580937562,1.1462228698177084,0.008583938464342753
4,iid,contractive,0.04,2718,axis_3,0.95,4848,32768,0.14794921875,0.14412103108189256,0.15183992192633627,0.14758461028838432,0.0003646084616156786,0.004255311637951953,0.8445852724972588,0.005038344589374502
4,iid,contractive,0.04,2718,axis_3,1.2,3094,32768,0.09442138671875,0.09127609978579977,0.09763877482547531,0.09302821225967983,0.0013931744590701678,0.0046105625657954785,0.6686300073936632,0.006895536417468861
4,iid,contractive,0.04,2718,mean,0.45,10390,32768,0.31707763671875,0.3120403832443053,0.3221473324917563,0.3207645286368521,0.00368689191810212,0.008724145392546845,1.7830133530497683,0.00489292207353611
4,iid,contractive,0.04,2718,mean,0.7,7530,32768,0.22979736328125,0.22525110558392267,0.23439156320200707,0.23446916634829895,0.004671803067048952,0.009218060764376285,1.1462228698177084,0.008042119039068114
4,iid,contractive,0.04,2718,mean,0.95,5140,32768,0.1568603515625,0.1529380521828894,0.16084357651848802,0.16283987544579825,0.0059795238832982545,0.009901823262908865,0.8445852724972588,0.011723888144096193
4,iid,contractive,0.04,2718,mean,1.2,3388,32768,0.1033935546875,0.10011691808843125,0.10674067979224738,0.10721080139375283,0.0038172467062528304,0.007093883305321583,0.6686300073936632,0.01060957962831151
4,iid,contractive,0.04,2718,alternating,0.45,10336,32768,0.3154296875,0.3103996302119064,0.3204924795426413,0.3207645286368521,0.00533484113685212,0.010364898424945701,1.7830133530497683,0.005813135615174718
4,iid,contractive,0.04,2718,alternating,0.7,7611,32768,0.232269287109375,0.2277057319404671,0.23688034512419687,0.23446916634829895,0.002199879238923952,0.006763434407831864,1.1462228698177084,0.005900627692856538
4,iid,contractive,0.04,2718,alternating,0.95,5248,32768,0.16015625,0.1562002915329751,0.1641725462624136,0.16283987544579825,0.0026836254457982545,0.006639583912823155,0.8445852724972588,0.007861354121403655
4,iid,contractive,0.04,2718,alternating,1.2,3419,32768,0.104339599609375,0.10104957948678858,0.10769993838161593,0.10721080139375283,0.0028712017843778304,0.006161221906964248,0.6686300073936632,0.009214695480062058
4,iid,sgd,0.04,3141,axis_0,0.45,8821,32768,0.269195556640625,0.26439852951495385,0.27403352624350474,0.2730088051737921,0.003813248533167113,0.008610275658838262,1.7830133530497683,0.004829058427470974
4,iid,sgd,0.04,3141,axis_0,0.7,5807,32768,0.177215576171875,0.1730946178319123,0.1813938320462471,0.1738272400666594,0.003388336105215606,0.0075665919795877,1.1462228698177084,0.006601327000909576
4,iid,sgd,0.04,3141,axis_0,0.95,3489,32768,0.106475830078125,0.10315589949056896,0.10986569588851662,0.1012327333519929,0.0052430967261321015,0.008632962536523722,0.8445852724972588,0.010221540462099096
4,iid,sgd,0.04,3141,axis_0,1.2,1912,32768,0.058349609375,0.055835612809340664,0.06094224247034365,0.05370231816512683,0.004647291209873172,0.007239924305216819,0.6686300073936632,0.010827997883969086
4,iid,sgd,0.04,3141,axis_3,0.45,7831,32768,0.238983154296875,0.23437371986813837,0.24363889834989133,0.24053995263804717,0.001556798341172172,0.006166232769908797,1.7830133530497683,0.0034583211389649544
4,iid,sgd,0.04,3141,axis_3,0.7,4625,32768,0.141143798828125,0.1373907018099057,0.14496062639796692,0.1365409844100126,0.004602814418112389,0.008419641987954307,1.1462228698177084,0.007345554001459891
4,iid,sgd,0.04,3141,axis_3,0.95,2431,32768,0.074188232421875,0.07137320288863976,0.07707901542413817,0.0684521350827646,0.005736097339110402,0.008626880341373572,0.8445852724972588,0.010214339063556867
4,iid,sgd,0.04,3141,axis_3,1.2,1141,32768,0.034820556640625,0.03286169385354369,0.03686242660561813,0.03013285555817935,0.00468770108244565,0.006729571047438779,0.6686300073936632,0.010064715871294526
4,iid,sgd,0.04,3141,mean,0.45,7914,32768,0.24151611328125,0.23688978106107444,0.24618830501005204,0.24014102836435636,0.001375084916893643,0.006047276645695682,1.7830133530497683,0.0033916047994548516
4,iid,sgd,0.04,3141,mean,0.7,4580,32768,0.1397705078125,0.136032918168243,0.14357207329063842,0.13610501592554702,0.0036654918869529762,0.007467057365091401,1.1462228698177084,0.006514489949305354
4,iid,sgd,0.04,3141,mean,0.95,2386,32768,0.07281494140625,0.07002433496800545,0.07568155025080925,0.06809560300181894,0.0047193384044310616,0.00758594724899031,0.8445852724972588,0.008981860678863461
4,iid,sgd,0.04,3141,mean,1.2,1099,32768,0.033538818359375,0.03161565208054261,0.03554523573998622,0.029900092976545944,0.0036387253828290556,0.005645142763440275,0.6686300073936632,0.008442849858691185
4,iid,sgd,0.04,3141,alternating,0.45,7872,32768,0.240234375,0.23561656563624733,0.24489827163813463,0.24014102836435636,9.334663564364298e-05,0.004757243273778272,1.7830133530497683,0.00266809178161297
4,iid,sgd,0.04,3141,alternating,0.7,4460,32768,0.1361083984375,0.13241276459963405,0.1398686623608543,0.13610501592554702,3.3825119529762304e-06,0.003763646435307272,1.1462228698177084,0.003283520626233736
4,iid,sgd,0.04,3141,alternating,0.95,2248,32768,0.068603515625,0.06588965537387656,0.07139414276870748,0.06809560300181894,0.0005079126231810616,0.003298539766888542,0.8445852724972588,0.0039055141905748156
4,iid,sgd,0.04,3141,alternating,1.2,1019,32768,0.031097412109375,0.02924438543692809,0.03303415733189008,0.029900092976545944,0.0011973191328290556,0.003134064355344135,0.6686300073936632,0.004687292404899382
4,iid,linear,0.04,3141,axis_0,0.45,9544,32768,0.291259765625,0.2863438408742506,0.29621271519184306,0.29720815768556674,0.005948392060566743,0.010864316811316166,1.7830133530497683,0.0060932335659366855
4,iid,linear,0.04,3141,axis_0,0.7,6697,32768,0.204376220703125,0.2000212244526461,0.20878367967926353,0.2037641352509022,0.0006120854522227992,0.005019544428361333,1.1462228698177084,0.004379204568793524
4,iid,linear,0.04,3141,axis_0,0.95,4373,32768,0.133453369140625,0.12978871458828448,0.13718312826860476,0.13049481332680246,0.0029585558138225387,0.006688314941802304,0.8445852724972588,0.007919052296550686
4,iid,linear,0.04,3141,axis_0,1.2,2652,32768,0.0809326171875,0.07800163029490888,0.08393813718142747,0.07782434558402673,0.003108271603473267,0.006113791597400733,0.6686300073936632,0.009143758924659169
4,iid,linear,0.04,3141,axis_3,0.45,8467,32768,0.258392333984375,0.253658962501503,0.2631685667042068,0.26225914010653817,0.003866806122163169,0.008600177605035175,1.7830133530497683,0.004823394951207145
4,iid,linear,0.04,3141,axis_3,0.7,5366,32768,0.16375732421875,0.15976527104077615,0.16780907314359267,0.16109940308129078,0.002657921137459218,0.006709670062301887,1.1462228698177084,0.005853722028220368
4,iid,linear,0.04,3141,axis_3,0.95,3081,32768,0.094024658203125,0.09088537271744797,0.09723611625182396,0.08955459636336105,0.00447006183976395,0.007681519888462912,0.8445852724972588,0.009095019932978813
4,iid,linear,0.04,3141,axis_3,1.2,1603,32768,0.048919677734375,0.046609023604127116,0.05131070214723857,0.04484301088518228,0.004076666849192723,0.006467691262056291,0.6686300073936632,0.009673049654572812
4,iid,linear,0.04,3141,mean,0.45,8554,32768,0.26104736328125,0.25629800433415534,0.2658391118673852,0.26246134653937636,0.0014139832581263612,0.006163342205221023,1.7830133530497683,0.0034566999706866406
4,iid,linear,0.04,3141,mean,0.7,5390,32768,0.16448974609375,0.16049043699157897,0.16854862037589197,0.16133541967928666,0.0031543264144633376,0.007213200696605304,1.1462228698177084,0.006293017602896432
4,iid,linear,0.04,3141,mean,0.95,3089,32768,0.094268798828125,0.09112581812230512,0.09748390816424862,0.0897667235307733,0.004502075297351693,0.007717184633475316,0.8445852724972588,0.009137247457154024
4,iid,linear,0.04,3141,mean,1.2,1611,32768,0.049163818359375,0.04684762260722517,0.05156033927862175,0.044999631262410245,0.004164187096964755,0.006560708016211503,0.6686300073936632,0.009812165089307478
4,iid,linear,0.04,3141,alternating,0.45,8611,32768,0.262786865234375,0.2580271539921594,0.26758865715152336,0.26246134653937636,0.00032551869499863884,0.005127310612146996,1.7830133530497683,0.002875643417575617
4,iid,linear,0.04,3141,alternating,0.7,5235,32768,0.159759521484375,0.15580758271991432,0.16377186878823646,0.16133541967928666,0.0015758981949116624,0.00552783695937234,1.1462228698177084,0.004822654568261641
4,iid,linear,0.04,3141,alternating,0.95,2944,32768,0.08984375,0.08676877174798185,0.09299165361496449,0.0897667235307733,7.70264692266931e-05,0.0032249300841911827,0.8445852724972588,0.0038183593643016664
4,iid,linear,0.04,3141,alternating,1.2,1493,32768,0.045562744140625,0.04332996916144658,0.047876511253990006,0.044999631262410245,0.0005631128782147554,0.0028768799915797616,0.6686300073936632,0.004302648639408083
4,iid,contractive,0.04,3141,axis_0,0.45,9184,32768,0.2802734375,0.2754148960746988,0.28517095426313155,0.2846068247368555,0.0043333872368555015,0.009191928662156679,1.7830133530497683,0.005155277522983368
4,iid,contractive,0.04,3141,axis_0,0.7,6225,32768,0.189971923828125,0.18573693551285003,0.19426193819375126,0.18796029127403735,0.00201163255408765,0.00630164691971391,1.1462228698177084,0.0054977501196744605
4,iid,contractive,0.04,3141,axis_0,0.95,3863,32768,0.117889404296875,0.11441654303771426,0.1214301546927939,0.11474657436629188,0.003142829930583124,0.006683580326502028,0.8445852724972588,0.007913446450161397
4,iid,contractive,0.04,3141,axis_0,1.2,2225,32768,0.067901611328125,0.06520082451293906,0.07067929262039314,0.06452065254973405,0.0033809587783909523,0.006158640070659097,0.6686300073936632,0.00921083409741904
4,iid,contractive,0.04,3141,axis_3,0.45,9917,32768,0.302642822265625,0.297671115995834,0.3076495327331212,0.3099910034093183,0.007348181143693289,0.012319887413484276,1.7830133530497683,0.006909587857214661
4,iid,contractive,0.04,3141,axis_3,0.7,7210,32768,0.22003173828125,0.21555601335514052,0.22455714155420217,0.2202460684564681,0.0002143301752181026,0.004690055101327584,1.1462228698177084,0.004091747970508977
4,iid,contractive,0.04,3141,axis_3,0.95,4847,32768,0.147918701171875,0.14409084385830145,0.15180907944064878,0.14758461028838432,0.0003340908834906786,0.0042244691522644595,0.8445852724972588,0.005001826683259115
4,iid,contractive,0.04,3141,axis_3,1.2,3064,32768,0.093505859375,0.09037444780792325,0.09670953687148556,0.09302821225967983,0.0004776471153201678,0.003681324611805731,0.6686300073936632,0.005505772357055329
4,iid,contractive,0.04,3141,mean,0.45,10370,32768,0.31646728515625,0.311432688413889,0.32153443251354397,0.3207645286368521,0.00429724348060212,0.009331840222963128,1.7830133530497683,0.005233746683389338
4,iid,contractive,0.04,3141,mean,0.7,7606,32768,0.23211669921875,0.22755420540910362,0.23672672299549963,0.23446916634829895,0.002352467129548952,0.00691496093919533,1.1462228698177084,0.006032824087949897
4,iid,contractive,0.04,3141,mean,0.95,5210,32768,0.15899658203125,0.1550523978337615,0.16300131081994512,0.16283987544579825,0.0038432934145482545,0.007787477612036742,0.8445852724972588,0.00922047526238627
4,iid,contractive,0.04,3141,mean,1.2,3420,32768,0.1043701171875,0.10107966675574462,0.10773088079023085,0.10721080139375283,0.0028406842062528304,0.006131134638008212,0.6686300073936632,0.009169697097364104
4,iid,contractive,0.04,3141,alternating,0.45,10426,32768,0.31817626953125,0.31313425914595827,0.3232505272475749,0.3207645286368521,0.00258825910560212,0.007630269490893848,1.7830133530497683,0.004279423638551331
4,iid,contractive,0.04,3141,alternating,0.7,7584,32768,0.2314453125,0.226887498628431,0.23605077567327218,0.23446916634829895,0.003023853848298952,0.007581667719867957,1.1462228698177084,0.006614479539283422
4,iid,contractive,0.04,3141,alternating,0.95,5159,32768,0.157440185546875,0.153511920785663,0.16142927246828784,0.16283987544579825,0.0053996898989232545,0.009327954660135251,0.8445852724972588,0.01104442021887793
4,iid,contractive,0.04,3141,alternating,1.2,3389,32768,0.103424072265625,0.1001470026058221,0.10677162495136251,0.10721080139375283,0.0037867291281278304,0.007063798787930731,0.6686300073936632,0.010564585360841938
4,iid,sgd,0.04,5772,axis_0,0.45,8823,32768,0.269256591796875,0.26445921545282003,0.27409489977882945,0.2730088051737921,0.003752213376917113,0.008549589720972084,1.7830133530497683,0.004795022822654904
4,iid,sgd,0.04,5772,axis_0,0.7,5826,32768,0.17779541015625,0.17366910186310727,0.18197891270196126,0.1738272400666594,0.003968170089590606,0.008151672635301865,1.1462228698177084,0.0071117693163793546
4,iid,sgd,0.04,5772,axis_0,0.95,3471,32768,0.105926513671875,0.10261423368923542,0.10930882745736818,0.1012327333519929,0.0046937803198821015,0.008076094105375284,0.8445852724972588,0.009562200962249783
4,iid,sgd,0.04,5772,axis_0,1.2,1904,32768,0.05810546875,0.05559648062850015,0.060693138088721,0.05370231816512683,0.004403150584873172,0.006990819923594176,0.6686300073936632,0.010455438503043814
4,iid,sgd,0.04,5772,axis_3,0.45,8006,32768,0.24432373046875,0.23967892689804285,0.2490138946579801,0.24053995263804717,0.003783777830702828,0.008473942019932929,1.7830133530497683,0.004752595938464854
4,iid,sgd,0.04,5772,axis_3,0.7,4766,32768,0.14544677734375,0.14164586713639024,0.14931064975927147,0.1365409844100126,0.008905792933737389,0.012769665349258857,1.1462228698177084,0.011140647849130514
4,iid,sgd,0.04,5772,axis_3,0.95,2506,32768,0.07647705078125,0.07362194288608284,0.07940749760150516,0.0684521350827646,0.008024915698485402,0.01095536251874056,0.8445852724972588,0.012971292391054708
4,iid,sgd,0.04,5772,axis_3,1.2,1208,32768,0.036865234375,0.034850906839748806,0.0389621818125171,0.03013285555817935,0.00673237881682065,0.00882932625433775,0.6686300073936632,0.013205100214922584
4,iid,sgd,0.04,5772,mean,0.45,7920,32768,0.24169921875,0.23707167361601822,0.24637259085524127,0.24014102836435636,0.001558190385643643,0.006231562490884912,1.7830133530497683,0.0034949612016231344
4,iid,sgd,0.04,5772,mean,0.7,4509,32768,0.137603759765625,0.13389088691745674,0.14138099551683092,0.13610501592554702,0.0014987438400779762,0.005275979591283897,1.1462228698177084,0.004602926472862099
4,iid,sgd,0.04,5772,mean,0.95,2403,32768,0.073333740234375,0.07053387349353193,0.0762095153193106,0.06809560300181894,0.0052381372325560616,0.008113912317491659,0.8445852724972588,0.009606978219618426
4,iid,sgd,0.04,5772,mean,1.2,1109,32768,0.033843994140625,0.03191226110475131,0.035858920114576275,0.029900092976545944,0.0039439011640790556,0.00595882713803033,0.6686300073936632,0.008911994783569452
4,iid,sgd,0.04,5772,alternating,0.45,7802,32768,0.23809814453125,0.23349466680911127,0.24274808915385923,0.24014102836435636,0.002042883833106357,0.006646361555245089,1.7830133530497683,0.0037276005498650764
4,iid,sgd,0.04,5772,alternating,0.7,4428,32768,0.1351318359375,0.13144754113161322,0.13888093533813667,0.13610501592554702,0.0009731799880470238,0.004657474793933802,1.1462228698177084,0.004063323910710761
4,iid,sgd,0.04,5772,alternating,0.95,2296,32768,0.070068359375,0.06732748005927963,0.07288573948162805,0.06809560300181894,0.0019727563731810616,0.0047901364798091095,0.8445852724972588,0.005671584191428884
4,iid,sgd,0.04,5772,alternating,1.2,1010,32768,0.03082275390625,0.02897780481605551,0.03275147439148721,0.029900092976545944,0.0009226609297040556,0.002851381414941269,0.6686300073936632,0.004264513084083717
4,iid,linear,0.04,5772,axis_0,0.45,9549,32768,0.291412353515625,0.28649565657635817,0.2963660481827508,0.29720815768556674,0.005795804169941743,0.010712501109208572,1.7830133530497683,0.0060080879881719874
4,iid,linear,0.04,5772,axis_0,0.7,6694,32768,0.20428466796875,0.19993040668774603,0.2086914082629636,0.2037641352509022,0.0005205327178477992,0.0049272730120613895,1.1462228698177084,0.004298704154145003
4,iid,linear,0.04,5772,axis_0,0.95,4394,32768,0.13409423828125,0.13042206200493486,0.13783140458853624,0.13049481332680246,0.0035994249544475387,0.007336591261733777,0.8445852724972588,0.00868661993127235
4,iid,linear,0.04,5772,axis_0,1.2,2683,32768,0.081878662109375,0.07893191185743224,0.08489977454421939,0.07782434558402673,0.004054316525348267,0.007075428960192656,0.6686300073936632,0.010581979393615399
4,iid,linear,0.04,5772,axis_3,0.45,8673,32768,0.264678955078125,0.25990809248419805,0.26949156229293314,0.26225914010653817,0.002419814971586831,0.007232422186394971,1.7830133530497683,0.004056291655934164
4,iid,linear,0.04,5772,axis_3,0.7,5519,32768,0.168426513671875,0.1643886884997534,0.17252320233376783,0.16109940308129078,0.007327110590584218,0.011423799252477052,1.1462228698177084,0.009966472972480349
4,iid,linear,0.04,5772,axis_3,0.95,3173,32768,0.096832275390625,0.09365088108686598,0.100085337196531,0.08955459636336105,0.00727767902726395,0.010530740833169946,0.8445852724972588,0.012468534766220571
4,iid,linear,0.04,5772,axis_3,1.2,1692,32768,0.0516357421875,0.049264317918439084,0.054087035587106806,0.04484301088518228,0.006792731302317723,0.009244024701924529,0.6686300073936632,0.013825321328245457
4,iid,linear,0.04,5772,mean,0.45,8608,32768,0.2626953125,0.2579361437154074,0.2674965782205245,0.26246134653937636,0.00023396596062363884,0.005035231681148111,1.7830133530497683,0.0028240011060688707
4,iid,linear,0.04,5772,mean,0.7,5300,32768,0.1617431640625,0.15777121289087517,0.16577517007322576,0.16133541967928666,0.0004077443832133376,0.004439750393939096,1.1462228698177084,0.003873374463942758
4,iid,linear,0.04,5772,mean,0.95,3072,32768,0.09375,0.0906148793952115,0.09695734259548096,0.0897667235307733,0.003983276469226693,0.007190619064707651,0.8445852724972588,0.008513786942372937
4,iid,linear,0.04,5772,mean,1.2,1562,32768,0.04766845703125,0.0453864585711654,0.050031057216658834,0.044999631262410245,0.0026688257688397554,0.005031425954248589,0.6686300073936632,0.007524977788330523
4,iid,linear,0.04,5772,alternating,0.45,8466,32768,0.25836181640625,0.25362863000525687,0.26313786946501944,0.26246134653937636,0.004099530133126361,0.008832716534119489,1.7830133530497683,0.004953814013232994
4,iid,linear,0.04,5772,alternating,0.7,5202,32768,0.15875244140625,0.15481074546661966,0.16275472547524167,0.16133541967928666,0.0025829782730366624,0.006524674212667003,1.1462228698177084,0.005692325972962541
4,iid,linear,0.04,5772,alternating,0.95,2967,32768,0.090545654296875,0.08745974196052939,0.09370436555200841,0.0897667235307733,0.0007789307661016931,0.003937642021235102,0.8445852724972588,0.004662219611753746
4,iid,linear,0.04,5772,alternating,1.2,1499,32768,0.045745849609375,0.0435087430033737,0.04806391435318368,0.044999631262410245,0.0007462183469647554,0.0030642830907734384,0.6686300073936632,0.0045829278627773406
4,iid,contractive,0.04,5772,axis_0,0.45,9150,32768,0.27923583984375,0.27438290235550417,0.2841279369036906,0.2846068247368555,0.0053709848931055015,0.010223922381351336,1.7830133530497683,0.005734069441411503
4,iid,contractive,0.04,5772,axis_0,0.7,6207,32768,0.189422607421875,0.1851923749393317,0.1937079637405434,0.18796029127403735,0.00146231614783765,0.0057476724665060375,1.1462228698177084,0.005014445809670617
4,iid,contractive,0.04,5772,axis_0,0.95,3887,32768,0.118621826171875,0.11513952521333011,0.12217188509738416,0.11474657436629188,0.003875251805583124,0.007425310731092288,0.8445852724972588,0.008791664942412772
4,iid,contractive,0.04,5772,axis_0,1.2,2231,32768,0.068084716796875,0.06538051149354414,0.07086578328942218,0.06452065254973405,0.0035640642471409523,0.006345130739688135,0.6686300073936632,0.009489748694381241
4,iid,contractive,0.04,5772,axis_3,0.45,10098,32768,0.30816650390625,0.30316904036787845,0.31319799124117825,0.3099910034093183,0.0018244995030682887,0.006821963041439838,1.7830133530497683,0.003826086344093364
4,iid,contractive,0.04,5772,axis_3,0.7,7269,32768,0.221832275390625,0.21734327798451247,0.22637063100698931,0.2202460684564681,0.0015862069341568974,0.006124562550521212,1.1462228698177084,0.00534325628269417
4,iid,contractive,0.04,5772,axis_3,0.95,4943,32768,0.150848388671875,0.14698907212699994,0.15476970332696738,0.14758461028838432,0.0032637783834906786,0.007185093038583057,0.8445852724972588,0.008507244055225197
4,iid,contractive,0.04,5772,axis_3,1.2,3154,32768,0.09625244140625,0.0930796748147021,0.09949697977681644,0.09302821225967983,0.003224229146570168,0.006468767517136612,0.6686300073936632,0.009674659296779145
4,iid,contractive,0.04,5772,mean,0.45,10262,32768,0.31317138671875,0.30815130991420797,0.31822459906015527,0.3207645286368521,0.00759314191810212,0.012613218722644148,1.7830133530497683,0.007074102221988285
4,iid,contractive,0.04,5772,mean,0.7,7517,32768,0.229400634765625,0.22485717382613152,0.23399210844878404,0.23446916634829895,0.005068531582673952,0.009611992522167434,1.1462228698177084,0.00838579719116588
4,iid,contractive,0.04,5772,mean,0.95,5135,32768,0.156707763671875,0.15278703727083226,0.16068944286481943,0.16283987544579825,0.0061321117739232545,0.010052838174965995,0.8445852724972588,0.011902691773492442
4,iid,contractive,0.04,5772,mean,1.2,3411,32768,0.104095458984375,0.10080888451477359,0.10745239593428713,0.10721080139375283,0.0031153424093778304,0.006401916878979244,0.6686300073936632,0.009574677786200591
4,iid,contractive,0.04,5772,alternating,0.45,10251,32768,0.312835693359375,0.30781711193411637,0.31788746989817623,0.3207645286368521,0.00792883527747712,0.012947416702735748,1.7830133530497683,0.007261536589498752
4,iid,contractive,0.04,5772,alternating,0.7,7443,32768,0.227142333984375,0.22261490254237093,0.23171817960827212,0.23446916634829895,0.007326832363923952,0.011854263805928023,1.1462228698177084,0.010342023456409735
4,iid,contractive,0.04,5772,alternating,0.95,5111,32768,0.155975341796875,0.15206218398197985,0.15994958304252652,0.16283987544579825,0.0068645336489232545,0.010777691463818406,0.8445852724972588,0.012760927540153604
4,iid,contractive,0.04,5772,alternating,1.2,3325,32768,0.101470947265625,0.0982217750278695,0.10479095330407605,0.10721080139375283,0.00573985412812783,0.008989026365883335,0.6686300073936632,0.013443946975881008
4,iid,sgd,0.02,1729,axis_0,0.45,8898,32768,0.27154541015625,0.26673502130715376,0.2763963241780286,0.2730088051737921,0.0014633950175421129,0.006273783866638349,1.6528965956308097,0.0037956299766253856
4,iid,sgd,0.02,1729,axis_0,0.7,5787,32768,0.176605224609375,0.17248991545817777,0.18077794001627226,0.1738272400666594,0.002777984542715606,0.006950699949612865,1.0625763829055206,0.006541364989316622
4,iid,sgd,0.02,1729,axis_0,0.95,3431,32768,0.104705810546875,0.10141063252855835,0.10807124147293622,0.1012327333519929,0.0034730771948821015,0.006838508120943318,0.7829510189830152,0.008734273224174279
4,iid,sgd,0.02,1729,axis_0,1.2,1864,32768,0.056884765625,0.05440101026940338,0.05944742577596221,0.05370231816512683,0.0031824474598731722,0.005745107610835382,0.6198362233615538,0.009268750993089717
4,iid,sgd,0.02,1729,axis_3,0.45,7740,32768,0.2362060546875,0.23161540416654203,0.24084350836673923,0.24053995263804717,0.004333897950547172,0.008924548471505145,1.6528965956308097,0.00539933864894869
4,iid,sgd,0.02,1729,axis_3,0.7,4524,32768,0.1380615234375,0.13434340303618533,0.1418439249595885,0.1365409844100126,0.0015205390274873887,0.005302940549575891,1.0625763829055206,0.004990644093816081
4,iid,sgd,0.02,1729,axis_3,0.95,2361,32768,0.072052001953125,0.06927508917618708,0.07490505550666578,0.0684521350827646,0.003599866870360402,0.006452920423901179,0.7829510189830152,0.008241793250723344
4,iid,sgd,0.02,1729,axis_3,1.2,1044,32768,0.0318603515625,0.029985090526720527,0.03381918464139619,0.03013285555817935,0.00172749600432065,0.0036863290832168383,0.6198362233615538,0.005947263074146899
4,iid,sgd,0.02,1729,mean,0.45,7707,32768,0.235198974609375,0.2306152029686027,0.23982972839121303,0.24014102836435636,0.004942053754981357,0.009525825395753668,1.6528965956308097,0.005763110300386481
4,iid,sgd,0.02,1729,mean,0.7,4367,32768,0.133270263671875,0.12960776336838645,0.13699790127954506,0.13610501592554702,0.0028347522536720238,0.006497252557160577,1.0625763829055206,0.0061146216513813505
4,iid,sgd,0.02,1729,mean,0.95,2248,32768,0.068603515625,0.06588965537387656,0.07139414276870748,0.06809560300181894,0.0005079126231810616,0.003298539766888542,0.7829510189830152,0.004212958010033701
4,iid,sgd,0.02,1729,mean,1.2,1056,32768,0.0322265625,0.030340732932909207,0.03419589393018219,0.029900092976545944,0.0023264695234540556,0.004295800953636249,0.6198362233615538,0.006930541958872393
4,iid,sgd,0.02,1729,alternating,0.45,7977,32768,0.243438720703125,0.23879971044651283,0.24812324883338235,0.24014102836435636,0.003297692338768643,0.007982220469025997,1.6528965956308097,0.0048292315987133305
4,iid,sgd,0.02,1729,alternating,0.7,4531,32768,0.138275146484375,0.13455458195700887,0.1420599539687702,0.13610501592554702,0.0021701305588279762,0.005954938043223168,1.0625763829055206,0.00560424468209986
4,iid,sgd,0.02,1729,alternating,0.95,2293,32768,0.069976806640625,0.0672376056786681,0.07279252501859858,0.06809560300181894,0.0018812036388060616,0.004696922016779639,0.7829510189830152,0.005998998536179862
4,iid,sgd,0.02,1729,alternating,1.2,996,32768,0.0303955078125,0.028563202667532598,0.032311666667913096,0.029900092976545944,0.0004954148359540556,0.0024115736913671512,0.6198362233615538,0.0038906627274677163
4,iid,linear,0.02,1729,axis_0,0.45,9747,32768,0.297454833984375,0.29250809512717235,0.30243749792415275,0.29720815768556674,0.00024667629880825714,0.005229340238586011,1.6528965956308097,0.003163743123682998
4,iid,linear,0.02,1729,axis_0,0.7,6734,32768,0.20550537109375,0.20114133861591132,0.20992166542217322,0.2037641352509022,0.0017412358428477992,0.0061575301712710195,1.0625763829055206,0.005794905919547921
4,iid,linear,0.02,1729,axis_0,0.95,4374,32768,0.13348388671875,0.1298188733494041,0.1372139992090425,0.13049481332680246,0.0029890733919475387,0.006719185882240047,0.7829510189830152,0.008581872581209078
4,iid,linear,0.02,1729,axis_0,1.2,2661,32768,0.081207275390625,0.07827169981989401,0.0842173344349889,0.07782434558402673,0.003382929806598267,0.006392988850962164,0.6198362233615538,0.010313996843054942
4,iid,linear,0.02,1729,axis_3,0.45,8492,32768,0.2591552734375,0.2544172846654269,0.26393598792724293,0.26225914010653817,0.003103866669038169,0.007841855441111267,1.6528965956308097,0.0047443109640615535
4,iid,linear,0.02,1729,axis_3,0.7,5259,32768,0.160491943359375,0.1565325903521782,0.16451157430319704,0.16109940308129078,0.0006074597219157818,0.004566812729112579,1.0625763829055206,0.004297867713401494
4,iid,linear,0.02,1729,axis_3,0.95,3022,32768,0.09222412109375,0.08911228977820039,0.09540844906417852,0.08955459636336105,0.0026695247303889502,0.005853852700817466,0.7829510189830152,0.007476652509401045
4,iid,linear,0.02,1729,axis_3,1.2,1559,32768,0.047576904296875,0.045297019601349714,0.04993740766779167,0.04484301088518228,0.0027338934116927227,0.005094396782609395,0.6198362233615538,0.008218940085464812
4,iid,linear,0.02,1729,mean,0.45,8424,32768,0.257080078125,0.25235469234549057,0.2618485582397093,0.26246134653937636,0.005381268414376361,0.010106654193885789,1.6528965956308097,0.006114510865713712
4,iid,linear,0.02,1729,mean,0.7,5169,32768,0.157745361328125,0.15381396446351794,0.1617375259251482,0.16133541967928666,0.0035900583511616624,0.007521455215768719,1.0625763829055206,0.007078507801201048
4,iid,linear,0.02,1729,mean,0.95,2924,32768,0.0892333984375,0.0861679744237983,0.09237185778671456,0.0897667235307733,0.0005333250932733069,0.0035987491069750105,0.7829510189830152,0.004596391114797284
4,iid,linear,0.02,1729,mean,1.2,1506,32768,0.04595947265625,0.043717325059382216,0.04828253874033879,0.044999631262410245,0.0009598413938397554,0.0032829074779285455,0.6198362233615538,0.005296411139259295
4,iid,linear,0.02,1729,alternating,0.45,8692,32768,0.2652587890625,0.26048453174721303,0.2700746880168659,0.26246134653937636,0.002797442523123639,0.007613341477489544,1.6528965956308097,0.004606060353451207
4,iid,linear,0.02,1729,alternating,0.7,5333,32768,0.162750244140625,0.15876821467639374,0.16679214889168753,0.16133541967928666,0.0014148244613383376,0.005456729212400868,1.0625763829055206,0.005135375959966217
4,iid,linear,0.02,1729,alternating,0.95,2994,32768,0.09136962890625,0.08827095287572688,0.0945409554536357,0.0897667235307733,0.001602905375476693,0.0047742319228623875,0.7829510189830152,0.006097740225261724
4,iid,linear,0.02,1729,alternating,1.2,1502,32768,0.04583740234375,0.043598133659746664,0.04815761217089679,0.044999631262410245,0.0008377710813397554,0.0031579809084865476,0.6198362233615538,0.005094863432407823
4,iid,contractive,0.02,1729,axis_0,0.45,9287,32768,0.283416748046875,0.2785414258554879,0.28833048747522894,0.2846068247368555,0.0011900766899805015,0.00606539888136759,1.6528965956308097,0.003669557368198703
4,iid,contractive,0.02,1729,axis_0,0.7,6234,32768,0.19024658203125,0.18600922087637048,0.1945389203445265,0.18796029127403735,0.00228629075721265,0.006578629070489145,1.0625763829055206,0.006191205805365699
4,iid,contractive,0.02,1729,axis_0,0.95,3863,32768,0.117889404296875,0.11441654303771426,0.1214301546927939,0.11474657436629188,0.003142829930583124,0.006683580326502028,0.7829510189830152,0.008536396485163801
4,iid,contractive,0.02,1729,axis_0,1.2,2217,32768,0.067657470703125,0.06496125074259107,0.07043062953006368,0.06452065254973405,0.0031368181533909523,0.005909976980329634,0.6198362233615538,0.009534739593433398
4,iid,contractive,0.02,1729,axis_3,0.45,9905,32768,0.302276611328125,0.2973066426867195,0.30728164916873285,0.3099910034093183,0.007714392081193289,0.012684360722598764,1.6528965956308097,0.007674019509827787
4,iid,contractive,0.02,1729,axis_3,0.7,7128,32768,0.217529296875,0.2130722236655124,0.22203649339750073,0.2202460684564681,0.0027167715814681026,0.007173844790955702,1.0625763829055206,0.006751368566407868
4,iid,contractive,0.02,1729,axis_3,0.95,4790,32768,0.14617919921875,0.14237026568870215,0.15005096420530192,0.14758461028838432,0.0014054110696343214,0.005214344599682175,0.7829510189830152,0.00665986054460361
4,iid,contractive,0.02,1729,axis_3,1.2,3082,32768,0.09405517578125,0.09091542803861972,0.09726709059515869,0.09302821225967983,0.0010269635215701678,0.0042388783354788545,0.6198362233615538,0.0068387070256884525
4,iid,contractive,0.02,1729,mean,0.45,10173,32768,0.310455322265625,0.3054474323835751,0.3154968297210565,0.3207645286368521,0.01030920637122712,0.01531709625327704,1.6528965956308097,0.009266820618885382
4,iid,contractive,0.02,1729,mean,0.7,7370,32768,0.22491455078125,0.2204031161096324,0.22947479567420428,0.23446916634829895,0.009554615567048952,0.014066050238666555,1.0625763829055206,0.013237683864386476
4,iid,contractive,0.02,1729,mean,0.95,5057,32768,0.154327392578125,0.15043137549802446,0.15828478705299023,0.16283987544579825,0.008512482867673254,0.012408499947773793,0.7829510189830152,0.015848373202057196
4,iid,contractive,0.02,1729,mean,1.2,3380,32768,0.1031494140625,0.09987624516761345,0.10649311530227015,0.10721080139375283,0.00406138733125283,0.007334556226139377,0.6198362233615538,0.011833055167963444
4,iid,contractive,0.02,1729,alternating,0.45,10483,32768,0.319915771484375,0.3148662954126007,0.3249971861936413,0.3207645286368521,0.0008487571524771198,0.005898233224251426,1.6528965956308097,0.0035684223924488333
4,iid,contractive,0.02,1729,alternating,0.7,7585,32768,0.231475830078125,0.22691780312965049,0.23608150090395447,0.23446916634829895,0.002993336270173952,0.007551363218648466,1.0625763829055206,0.007106654486334371
4,iid,contractive,0.02,1729,alternating,0.95,5202,32768,0.15875244140625,0.15481074546661966,0.16275472547524167,0.16283987544579825,0.0040874340395482545,0.008029129979178595,0.7829510189830152,0.010254958208762193
4,iid,contractive,0.02,1729,alternating,1.2,3461,32768,0.105621337890625,0.10231332034145087,0.10899944401390481,0.10721080139375283,0.0015894635031278304,0.0048974810523019635,0.6198362233615538,0.007901250149178902
4,iid,sgd,0.02,2718,axis_0,0.45,8907,32768,0.271820068359375,0.2670081288660675,0.27667248425068736,0.2730088051737921,0.0011887368144171129,0.006000676307724606,1.6528965956308097,0.003630400306701893
4,iid,sgd,0.02,2718,axis_0,0.7,5743,32768,0.175262451171875,0.1711596343498583,0.17942291344944772,0.1738272400666594,0.0014352111052156058,0.005595673382788324,1.0625763829055206,0.0052661375434370685
4,iid,sgd,0.02,2718,axis_0,0.95,3425,32768,0.104522705078125,0.10123010442297964,0.10788559151136075,0.1012327333519929,0.0032899717261321015,0.00665285815936785,0.7829510189830152,0.00849715754634221
4,iid,sgd,0.02,2718,axis_0,1.2,1877,32768,0.057281494140625,0.05478950299819524,0.05985231738945126,0.05370231816512683,0.0035791759754981722,0.00614999922432443,0.6198362233615538,0.009921974535420307
4,iid,sgd,0.02,2718,axis_3,0.45,7823,32768,0.238739013671875,0.23413121973796402,0.2433931606162429,0.24053995263804717,0.001800938966172172,0.006408732900083147,1.6528965956308097,0.0038772739426190935
4,iid,sgd,0.02,2718,axis_3,0.7,4568,32768,0.139404296875,0.13567086314810944,0.14320177184998278,0.1365409844100126,0.0028633124649873887,0.006660787439970173,1.0625763829055206,0.006268525771066774
4,iid,sgd,0.02,2718,axis_3,0.95,2394,32768,0.07305908203125,0.0702641126546284,0.07593000954666274,0.0684521350827646,0.004606946948485402,0.007477874463898138,0.7829510189830152,0.009550884132715277
4,iid,sgd,0.02,2718,axis_3,1.2,1106,32768,0.03375244140625,0.031823273894517105,0.03576481929933987,0.03013285555817935,0.00361958584807065,0.005631963741160519,0.6198362233615538,0.009086212662139567
4,iid,sgd,0.02,2718,mean,0.45,7928,32768,0.241943359375,0.23731419882158067,0.24661830351675335,0.24014102836435636,0.001802331010643643,0.0064772751523969885,1.6528965956308097,0.0039187419040723525
4,iid,sgd,0.02,2718,mean,0.7,4622,32768,0.14105224609375,0.13730017912109482,0.14486805996915522,0.13610501592554702,0.004947230168202976,0.008763044043608198,1.0625763829055206,0.008246977991028215
4,iid,sgd,0.02,2718,mean,0.95,2333,32768,0.071197509765625,0.06843604215861818,0.07403527318693791,0.06809560300181894,0.0031019067638060616,0.00593967018511897,0.7829510189830152,0.0075862602399241795
4,iid,sgd,0.02,2718,mean,1.2,1048,32768,0.031982421875,0.030103630603211966,0.033944761786470753,0.029900092976545944,0.0020823288984540556,0.004044668809924809,0.6198362233615538,0.006525383089083408
4,iid,sgd,0.02,2718,alternating,0.45,8031,32768,0.245086669921875,0.2404368935672089,0.249781671333014,0.24014102836435636,0.004945641557518643,0.009640642968657631,1.6528965956308097,0.005832574762475317
4,iid,sgd,0.02,2718,alternating,0.7,4589,32768,0.140045166015625,0.13630446514902694,0.14384979365700634,0.13610501592554702,0.003940150090077976,0.007744777731459318,1.0625763829055206,0.007288678589187077
4,iid,sgd,0.02,2718,alternating,0.95,2337,32768,0.071319580078125,0.06855589894684769,0.07415953487132006,0.06809560300181894,0.0032239770763060616,0.0060639318695011185,0.7829510189830152,0.007744969637280292
4,iid,sgd,0.02,2718,alternating,1.2,1040,32768,0.03173828125,0.029866557897272824,0.03369360005949849,0.029900092976545944,0.0018381882734540556,0.003793507082952542,0.6198362233615538,0.006120176491750094
4,iid,linear,0.02,2718,axis_0,0.45,9590,32768,0.29266357421875,0.28774057063962355,0.2976233534045401,0.29720815768556674,0.004544583466816743,0.009467587045943193,1.6528965956308097,0.005727876184734952
4,iid,linear,0.02,2718,axis_0,0.7,6675,32768,0.203704833984375,0.19935523555630774,0.2081070145814628,0.2037641352509022,5.93012665272008e-05,0.004408899694594459,1.0625763829055206,0.00414925436469679
4,iid,linear,0.02,2718,axis_0,0.95,4352,32768,0.1328125,0.12915539544136628,0.13653482368709874,0.13049481332680246,0.0023176866731975387,0.006040010360296277,0.7829510189830152,0.007714416628695013
4,iid,linear,0.02,2718,axis_0,1.2,2640,32768,0.08056640625,0.0776415532613728,0.08356585851825937,0.07782434558402673,0.002742060665973267,0.00574151293423264,0.6198362233615538,0.009262951595656559
4,iid,linear,0.02,2718,axis_3,0.45,8522,32768,0.26007080078125,0.25532729597869436,0.2648568686811546,0.26225914010653817,0.002188339325288169,0.006931844127843811,1.6528965956308097,0.004193755463086516
4,iid,linear,0.02,2718,axis_3,0.7,5328,32768,0.16259765625,0.15861715028144177,0.16663806470948428,0.16109940308129078,0.0014982531687092182,0.0055386616281934975,1.0625763829055206,0.005212483278659479
4,iid,linear,0.02,2718,axis_3,0.95,3077,32768,0.093902587890625,0.09076515244720172,0.09711221786448274,0.08955459636336105,0.00434799152726395,0.007557621501121686,0.7829510189830152,0.009652738572252418
4,iid,linear,0.02,2718,axis_3,1.2,1566,32768,0.04779052734375,0.04550571417911155,0.05015591963691791,0.04484301088518228,0.0029475164585677227,0.00531290875173563,0.6198362233615538,0.008571471868685194
4,iid,linear,0.02,2718,mean,0.45,8708,32768,0.2657470703125,0.260969962488884,0.2705657330545771,0.26246134653937636,0.003285723773123639,0.008104386515200734,1.6528965956308097,0.00490314187628161
4,iid,linear,0.02,2718,mean,0.7,5412,32768,0.1651611328125,0.16115519748672186,0.16922651363749686,0.16133541967928666,0.0038257131332133376,0.007891093958210194,1.0625763829055206,0.007426378079882313
4,iid,linear,0.02,2718,mean,0.95,3008,32768,0.091796875,0.0886916110636528,0.09497471251764883,0.0897667235307733,0.002030151469226693,0.0052079889868755225,0.7829510189830152,0.006651743034500733
4,iid,linear,0.02,2718,mean,1.2,1572,32768,0.0479736328125,0.04568460537780264,0.050343205487546096,0.044999631262410245,0.0029740015500897554,0.005343574225135851,0.6198362233615538,0.008620945378371209
4,iid,linear,0.02,2718,alternating,0.45,8793,32768,0.268341064453125,0.2635489385298239,0.2731742846052567,0.26246134653937636,0.005879717913748639,0.010712938065880362,1.6528965956308097,0.006481311713145544
4,iid,linear,0.02,2718,alternating,0.7,5420,32768,0.1654052734375,0.16139693449045017,0.1694730143648041,0.16133541967928666,0.004069853758213338,0.008137594685517446,1.0625763829055206,0.007658362087124427
4,iid,linear,0.02,2718,alternating,0.95,3046,32768,0.09295654296875,0.08983350067645342,0.09615195006301984,0.0897667235307733,0.003189819437976693,0.006385226532246532,0.7829510189830152,0.008155333318986394
4,iid,linear,0.02,2718,alternating,1.2,1522,32768,0.04644775390625,0.044194134428398105,0.048782201288599725,0.044999631262410245,0.0014481226438397554,0.00378257002618948,0.6198362233615538,0.0061025314165659645
4,iid,contractive,0.02,2718,axis_0,0.45,9209,32768,0.281036376953125,0.2761737355123372,0.28593785826770857,0.2846068247368555,0.0035704477837305015,0.008433089224518298,1.6528965956308097,0.005102006530118057
4,iid,contractive,0.02,2718,axis_0,0.7,6172,32768,0.1883544921875,0.1841335460607824,0.1926307522965263,0.18796029127403735,0.00039420091346265007,0.004670461022488942,1.0625763829055206,0.004395412035902757
4,iid,contractive,0.02,2718,axis_0,0.95,3850,32768,0.11749267578125,0.11402494574985887,0.12102836600573612,0.11474657436629188,0.002746101414958124,0.0062817916394442425,0.7829510189830152,0.008023224297739263
4,iid,contractive,0.02,2718,axis_0,1.2,2213,32768,0.067535400390625,0.06484146767335028,0.07030629417133895,0.06452065254973405,0.0030147478408909523,0.005785641621604901,0.6198362233615538,0.009334145704211459
4,iid,contractive,0.02,2718,axis_3,0.45,9970,32768,0.30426025390625,0.29928091784307764,0.30927430708098663,0.3099910034093183,0.005730749503068289,0.010710085566240646,1.6528965956308097,0.006479585955074981
4,iid,contractive,0.02,2718,axis_3,0.7,7148,32768,0.2181396484375,0.21367800388608033,0.22265130777027178,0.2202460684564681,0.0021064200189681026,0.006568064570387777,1.0625763829055206,0.006181263461199833
4,iid,contractive,0.02,2718,axis_3,0.95,4863,32768,0.148406982421875,0.14457384618657512,0.15230255246254498,0.14758461028838432,0.0008223721334906786,0.004717942174160661,0.7829510189830152,0.00602584588278441
4,iid,contractive,0.02,2718,axis_3,1.2,3086,32768,0.09417724609375,0.09103565033642039,0.09739098695582396,0.09302821225967983,0.0011490338340701678,0.004362774696144128,0.6198362233615538,0.007038592666436177
4,iid,contractive,0.02,2718,mean,0.45,10585,32768,0.323028564453125,0.3179659299303394,0.3281225852295774,0.3207645286368521,0.00226403581627288,0.0073580565927252595,1.6528965956308097,0.004451613375074524
4,iid,contractive,0.02,2718,mean,0.7,7756,32768,0.2366943359375,0.23210036310711135,0.24133502514836078,0.23446916634829895,0.002225169589201048,0.006865858800061825,1.0625763829055206,0.006461520235644373
4,iid,contractive,0.02,2718,mean,0.95,5322,32768,0.16241455078125,0.1584358746633888,0.16645316203532273,0.16283987544579825,0.00042532466454825446,0.004404000782409462,0.7829510189830152,0.005624873939278951
4,iid,contractive,0.02,2718,mean,1.2,3555,32768,0.108489990234375,0.1051422441412255,0.11190731017890809,0.10721080139375283,0.0012791888406221696,0.004696508785155262,0.6198362233615538,0.00757701568276329
4,iid,contractive,0.02,2718,alternating,0.45,10574,32768,0.32269287109375,0.317631643247338,0.32778554476371174,0.3207645286368521,0.0019283424568978802,0.007021016126859625,1.6528965956308097,0.004247704390836458
4,iid,contractive,0.02,2718,alternating,0.7,7743,32768,0.236297607421875,0.23170633332696342,0.2409356684041439,0.23446916634829895,0.0018284410735760481,0.006466502055844953,1.0625763829055206,0.0060856820835438466
4,iid,contractive,0.02,2718,alternating,0.95,5442,32768,0.16607666015625,0.16206172745331066,0.170150875165868,0.16283987544579825,0.0032367847104517455,0.0073109997200697385,0.7829510189830152,0.009337748521696908
4,iid,contractive,0.02,2718,alternating,1.2,3606,32768,0.11004638671875,0.10667739735538644,0.11348467078434814,0.10721080139375283,0.0028355853249971696,0.0062738693905953075,0.6198362233615538,0.010121817915981535
4,iid,sgd,0.02,3141,axis_0,0.45,8948,32768,0.2730712890625,0.26825231483240825,0.2779305174979182,0.2730088051737921,6.248388870788713e-05,0.004921712324126082,1.6528965956308097,0.0029776286896203356
4,iid,sgd,0.02,3141,axis_0,0.7,5833,32768,0.178009033203125,0.17388075798228575,0.18219446462615288,0.1738272400666594,0.004181793136465606,0.008367224559493486,1.0625763829055206,0.007874468785588905
4,iid,sgd,0.02,3141,axis_0,0.95,3433,32768,0.104766845703125,0.10147080926679042,0.10813312409069226,0.1012327333519929,0.0035341123511321015,0.006900390738699358,0.7829510189830152,0.008813310885861495
4,iid,sgd,0.02,3141,axis_0,1.2,1882,32768,0.05743408203125,0.05493893233768268,0.06000803588066741,0.05370231816512683,0.0037317638661231722,0.0063057177155405805,0.6198362233615538,0.010173199754836564
4,iid,sgd,0.02,3141,axis_3,0.45,7832,32768,0.239013671875,0.23440403253071296,0.2436696154203144,0.24053995263804717,0.001526280763047172,0.006135920107334214,1.6528965956308097,0.003712222605790115
4,iid,sgd,0.02,3141,axis_3,0.7,4533,32768,0.138336181640625,0.1346149193433991,0.14212167599110512,0.1365409844100126,0.0017951972306123887,0.005580691581092506,1.0625763829055206,0.005252038037804494
4,iid,sgd,0.02,3141,axis_3,0.95,2332,32768,0.0711669921875,0.06840607833197386,0.07400420739564748,0.0684521350827646,0.002714857104735402,0.0055520723128828775,0.7829510189830152,0.007091212832310421
4,iid,sgd,0.02,3141,axis_3,1.2,1133,32768,0.034576416015625,0.0326242957037301,0.036611589894809636,0.03013285555817935,0.00444356045744565,0.006478734336630286,0.6198362233615538,0.010452332555677705
4,iid,sgd,0.02,3141,mean,0.45,7970,32768,0.24322509765625,0.23858748980059022,0.24790826134419786,0.24014102836435636,0.003084069291893643,0.0077672329798414985,1.6528965956308097,0.004699164485166853
4,iid,sgd,0.02,3141,mean,0.7,4583,32768,0.139862060546875,0.1361234332849,0.14366464728955075,0.13610501592554702,0.0037570446213279762,0.007559631364003727,1.0625763829055206,0.007114435710807526
4,iid,sgd,0.02,3141,mean,0.95,2426,32768,0.07403564453125,0.07122331453571448,0.0769237556474878,0.06809560300181894,0.0059400415294310616,0.008828152645668857,0.7829510189830152,0.011275485224012933
4,iid,sgd,0.02,3141,mean,1.2,1147,32768,0.035003662109375,0.03303975966840474,0.03705053695778097,0.029900092976545944,0.0051035691328290556,0.007150443981235023,0.6198362233615538,0.011536021471052574
4,iid,sgd,0.02,3141,alternating,0.45,7983,32768,0.243621826171875,0.23898161510119095,0.24830752258038363,0.24014102836435636,0.003480797807518643,0.008166494216027276,1.6528965956308097,0.004940716943585103
4,iid,sgd,0.02,3141,alternating,0.7,4528,32768,0.13818359375,0.13446407633714338,0.1419673704756738,0.13610501592554702,0.0020785778244529762,0.005862354550126764,1.0625763829055206,0.0055171135406724145
4,iid,sgd,0.02,3141,alternating,0.95,2278,32768,0.06951904296875,0.06678825432520002,0.07232643216621792,0.06809560300181894,0.0014234399669310616,0.004230829164398986,0.7829510189830152,0.005403695840251236
4,iid,sgd,0.02,3141,alternating,1.2,1021,32768,0.031158447265625,0.029303630895782373,0.03309697044971244,0.029900092976545944,0.0012583542890790556,0.003196877473166493,0.6198362233615538,0.005157616403618504
4,iid,linear,0.02,3141,axis_0,0.45,9718,32768,0.29656982421875,0.2916274203366081,0.30154831028223195,0.29720815768556674,0.0006383334668167429,0.005580737348958642,1.6528965956308097,0.0033763378566514716
4,iid,linear,0.02,3141,axis_0,0.7,6753,32768,0.206085205078125,0.20171655272357322,0.21050601613454673,0.2037641352509022,0.002321069827222799,0.006741880883644524,1.0625763829055206,0.006344843525704431
4,iid,linear,0.02,3141,axis_0,0.95,4407,32768,0.134490966796875,0.13081414830714785,0.13823270441301536,0.13049481332680246,0.003996153470072539,0.007737891086212895,0.7829510189830152,0.009882982330444805
4,iid,linear,0.02,3141,axis_0,1.2,2649,32768,0.080841064453125,0.0779116093545107,0.08384506919678672,0.07782434558402673,0.003016718869098267,0.006020723612759987,0.6198362233615538,0.009713410391067235
4,iid,linear,0.02,3141,axis_3,0.45,8496,32768,0.25927734375,0.2545386179510327,0.2640587735837505,0.26225914010653817,0.002981796356538169,0.007720522155505449,1.6528965956308097,0.0046709045054079724
4,iid,linear,0.02,3141,axis_3,0.7,5335,32768,0.162811279296875,0.1588286407852803,0.16685378221374372,0.16109940308129078,0.0017118762155842182,0.005754379132452941,1.0625763829055206,0.005415496923353504
4,iid,linear,0.02,3141,axis_3,0.95,2993,32768,0.091339111328125,0.08824090665117544,0.09450997201768684,0.08955459636336105,0.0017845149647639502,0.004955375654325786,0.7829510189830152,0.006329100459901546
4,iid,linear,0.02,3141,axis_3,1.2,1604,32768,0.0489501953125,0.04663884760257322,0.051341907664833306,0.04484301088518228,0.004107184427317723,0.006498896779651028,0.6198362233615538,0.010484861217702967
4,iid,linear,0.02,3141,mean,0.45,8710,32768,0.26580810546875,0.2610306418583027,0.2706271131576399,0.26246134653937636,0.003346758929373639,0.008165766618263515,1.6528965956308097,0.004940276748012262
4,iid,linear,0.02,3141,mean,0.7,5431,32768,0.165740966796875,0.16172932800557038,0.16981194773099437,0.16133541967928666,0.004405547117588338,0.008476528051707705,1.0625763829055206,0.007977335265564055
4,iid,linear,0.02,3141,mean,0.95,3125,32768,0.095367431640625,0.09220790215082754,0.09859889209782152,0.0897667235307733,0.005600708109851693,0.008832168567048215,0.7829510189830152,0.011280614435524241
4,iid,linear,0.02,3141,mean,1.2,1657,32768,0.050567626953125,0.048219873286984793,0.0529954466378979,0.044999631262410245,0.005567995690714755,0.007995815375487658,0.6198362233615538,0.012899883992135866
4,iid,linear,0.02,3141,alternating,0.45,8694,32768,0.26531982421875,0.2605452101800185,0.27013606905643767,0.26246134653937636,0.002858477679373639,0.007674722517061305,1.6528965956308097,0.004643195791768409
4,iid,linear,0.02,3141,alternating,0.7,5307,32768,0.161956787109375,0.1579826935369511,0.16599089743301804,0.16133541967928666,0.0006213674300883376,0.004655477753731374,1.0625763829055206,0.004381311149605438
4,iid,linear,0.02,3141,alternating,0.95,2990,32768,0.09124755859375,0.08815076861032499,0.09441702107731934,0.0897667235307733,0.001480835062976693,0.004650297546546028,0.7829510189830152,0.005939448872020574
4,iid,linear,0.02,3141,alternating,1.2,1516,32768,0.0462646484375,0.044015322744176584,0.048594835996219846,0.044999631262410245,0.0012650171750897554,0.003595204733809601,0.6198362233615538,0.005800249482535484
4,iid,contractive,0.02,3141,axis_0,0.45,9309,32768,0.284088134765625,0.27920926630485854,0.2890053012610636,0.2846068247368555,0.0005186899712305015,0.005397558431996963,1.6528965956308097,0.003265514882337237
4,iid,contractive,0.02,3141,axis_0,0.7,6240,32768,0.1904296875,0.18619074632852264,0.19472357323558356,0.18796029127403735,0.00246939622596265,0.006763281961546214,1.0625763829055206,0.006364984268756869
4,iid,contractive,0.02,3141,axis_0,0.95,3874,32768,0.11822509765625,0.11474790451424267,0.12177011981374251,0.11474657436629188,0.003478523289958124,0.007023545447450638,0.7829510189830152,0.008970606432792703
4,iid,contractive,0.02,3141,axis_0,1.2,2204,32768,0.0672607421875,0.06457196510989269,0.0700265302777058,0.06452065254973405,0.0027400896377659523,0.0055058777279717586,0.6198362233615538,0.008882794390608163
4,iid,contractive,0.02,3141,axis_3,0.45,10001,32768,0.305206298828125,0.3002225337756553,0.31022461307670035,0.3099910034093183,0.004784704581193289,0.009768469633663013,1.6528965956308097,0.005909909706078731
4,iid,contractive,0.02,3141,axis_3,0.7,7163,32768,0.218597412109375,0.21413234844862117,0.22311240915415181,0.2202460684564681,0.0016486563470931026,0.0061137200078469345,1.0625763829055206,0.005753675788586145
4,iid,contractive,0.02,3141,axis_3,0.95,4751,32768,0.144989013671875,0.141193134855663,0.14884793642039945,0.14758461028838432,0.0025955966165093214,0.006391475432721311,0.7829510189830152,0.008163314534060225
4,iid,contractive,0.02,3141,axis_3,1.2,3077,32768,0.093902587890625,0.09076515244720172,0.09711221786448274,0.09302821225967983,0.0008743756309451678,0.004084005604802904,0.6198362233615538,0.006588846296613875
4,iid,contractive,0.02,3141,mean,0.45,10529,32768,0.321319580078125,0.31626413792810765,0.32640671174898067,0.3207645286368521,0.0005550514412728802,0.0056421831121285515,1.6528965956308097,0.0034135124526499944
4,iid,contractive,0.02,3141,mean,0.7,7694,32768,0.23480224609375,0.23022119418573816,0.2394303506525185,0.23446916634829895,0.0003330797454510481,0.004961184304219546,1.0625763829055206,0.004669014278911064
4,iid,contractive,0.02,3141,mean,0.95,5267,32768,0.160736083984375,0.15677426609553813,0.16475813627707991,0.16283987544579825,0.0021037914614232545,0.006065609350260126,0.7829510189830152,0.007747112147754557
4,iid,contractive,0.02,3141,mean,1.2,3532,32768,0.1077880859375,0.10444999122116125,0.1111958804221148,0.10721080139375283,0.0005772845437471696,0.003985079028361968,0.6198362233615538,0.0064292451427729
4,iid,contractive,0.02,3141,alternating,0.45,10507,32768,0.320648193359375,0.31559559800501474,0.3257325973768286,0.3207645286368521,0.0001163352774771198,0.005168930631837376,1.6528965956308097,0.0031271954007895523
4,iid,contractive,0.02,3141,alternating,0.7,7637,32768,0.233062744140625,0.22849368338188905,0.2376791667169319,0.23446916634829895,0.0014064222076739519,0.005975482966409901,1.0625763829055206,0.005623579690403503
4,iid,contractive,0.02,3141,alternating,0.95,5352,32768,0.163330078125,0.1593422707920293,0.1673776573718166,0.16283987544579825,0.0004902026792017455,0.004537781926018336,0.7829510189830152,0.005795741771832058
4,iid,contractive,0.02,3141,alternating,1.2,3575,32768,0.109100341796875,0.1057442392541229,0.11252590871134291,0.10721080139375283,0.0018895404031221696,0.005315107317590079,0.6198362233615538,0.008575018879607732
4,iid,sgd,0.02,5772,axis_0,0.45,8975,32768,0.273895263671875,0.26907168298908657,0.27875895224071534,0.2730088051737921,0.0008864584980828871,0.005750147066923228,1.6528965956308097,0.0034788304859014775
4,iid,sgd,0.02,5772,axis_0,0.7,5737,32768,0.175079345703125,0.1709782392435174,0.17923813023785048,0.1738272400666594,0.0012521056364656058,0.005410890171191091,1.0625763829055206,0.0050922364342368435
4,iid,sgd,0.02,5772,axis_0,0.95,3525,32768,0.107574462890625,0.1042393144078974,0.1109793494674419,0.1012327333519929,0.0063417295386321015,0.009746616115448997,0.7829510189830152,0.012448564315184107
4,iid,sgd,0.02,5772,axis_0,1.2,1935,32768,0.059051513671875,0.05652318736016086,0.06165834808718378,0.05370231816512683,0.005349195506748172,0.007956029922056955,0.6198362233615538,0.012835696950573605
4,iid,sgd,0.02,5772,axis_3,0.45,7968,32768,0.2431640625,0.23852685561755996,0.2478468360600913,0.24053995263804717,0.002624109861952828,0.007306883422044136,1.6528965956308097,0.004420653682365136
4,iid,sgd,0.02,5772,axis_3,0.7,4575,32768,0.139617919921875,0.13588206085003865,0.14341778208322487,0.1365409844100126,0.0030769355118623887,0.006876797673212254,1.0625763829055206,0.00647181490558661
4,iid,sgd,0.02,5772,axis_3,0.95,2422,32768,0.07391357421875,0.0711034063810552,0.0767995452999137,0.0684521350827646,0.005461439135985402,0.008347410217149104,0.7829510189830152,0.010661471809554138
4,iid,sgd,0.02,5772,axis_3,1.2,1131,32768,0.034515380859375,0.03256495028995445,0.0365488765986224,0.03013285555817935,0.00438252530119565,0.006416021040443053,0.6198362233615538,0.010351155351404098
4,iid,sgd,0.02,5772,mean,0.45,7914,32768,0.24151611328125,0.23688978106107444,0.24618830501005204,0.24014102836435636,0.001375084916893643,0.006047276645695682,1.6528965956308097,0.0036585934423730877
4,iid,sgd,0.02,5772,mean,0.7,4550,32768,0.13885498046875,0.13512779700691363,0.14264630330448236,0.13610501592554702,0.0027499645432029762,0.006541287378935334,1.0625763829055206,0.006156063210297189
4,iid,sgd,0.02,5772,mean,0.95,2272,32768,0.0693359375,0.06660852342033843,0.07213998539455611,0.06809560300181894,0.0012403344981810616,0.004044382392737175,0.7829510189830152,0.005165562461353551
4,iid,sgd,0.02,5772,mean,1.2,1026,32768,0.03131103515625,0.0294517529438357,0.03325399485513559,0.029900092976545944,0.0014109421797040556,0.003353901878589645,0.6198362233615538,0.005410948492813877
4,iid,sgd,0.02,5772,alternating,0.45,7845,32768,0.239410400390625,0.23479810009989724,0.24406893438047894,0.24014102836435636,0.000730627973731357,0.005342928264459118,1.6528965956308097,0.0032324637116334844
4,iid,sgd,0.02,5772,alternating,0.7,4533,32768,0.138336181640625,0.1346149193433991,0.14212167599110512,0.13610501592554702,0.0022311657150779762,0.006016660065558094,1.0625763829055206,0.005662331821366171
4,iid,sgd,0.02,5772,alternating,0.95,2312,32768,0.070556640625,0.0678068330685591,0.07338286031884307,0.06809560300181894,0.0024610376231810616,0.005287257317024133,0.7829510189830152,0.0067529860602158955
4,iid,sgd,0.02,5772,alternating,1.2,1010,32768,0.03082275390625,0.02897780481605551,0.03275147439148721,0.029900092976545944,0.0009226609297040556,0.002851381414941269,0.6198362233615538,0.0046002174566006976
4,iid,linear,0.02,5772,axis_0,0.45,9685,32768,0.295562744140625,0.2906253002287878,0.3005364490037692,0.29720815768556674,0.0016454135449417429,0.0065828574567789455,1.6528965956308097,0.003982619042340438
4,iid,linear,0.02,5772,axis_0,0.7,6678,32768,0.20379638671875,0.19944605112579555,0.2081992881928114,0.2037641352509022,3.22514678477992e-05,0.004435152941909187,1.0625763829055206,0.004173961527153141
4,iid,linear,0.02,5772,axis_0,0.95,4399,32768,0.134246826171875,0.13057286315676517,0.13798575194660745,0.13049481332680246,0.0037520128450725387,0.007490938619804988,0.7829510189830152,0.009567569922234804
4,iid,linear,0.02,5772,axis_0,1.2,2727,32768,0.083221435546875,0.08025251287811694,0.08626447790625524,0.07782434558402673,0.005397089962848267,0.00844013232222851,0.6198362233615538,0.013616713583557922
4,iid,linear,0.02,5772,axis_3,0.45,8626,32768,0.26324462890625,0.2584822093651612,0.2680490478177179,0.26225914010653817,0.0009854887997118311,0.005789907711179709,1.6528965956308097,0.00350288561697355
4,iid,linear,0.02,5772,axis_3,0.7,5327,32768,0.162567138671875,0.15858693755292907,0.16660724772259855,0.16109940308129078,0.0014677355905842182,0.005507844641307769,1.0625763829055206,0.005183481140665914
4,iid,linear,0.02,5772,axis_3,0.95,3060,32768,0.0933837890625,0.09025423446461825,0.09658563156021649,0.08955459636336105,0.0038291926991389502,0.00703103519685544,0.7829510189830152,0.008980172483826815
4,iid,linear,0.02,5772,axis_3,1.2,1617,32768,0.049346923828125,0.0470265823426131,0.05174755665326546,0.04484301088518228,0.004503912942942723,0.006904545768083185,0.6198362233615538,0.011139306655293243
4,iid,linear,0.02,5772,mean,0.45,8611,32768,0.262786865234375,0.2580271539921594,0.26758865715152336,0.26246134653937636,0.00032551869499863884,0.005127310612146996,1.6528965956308097,0.003102015350325175
4,iid,linear,0.02,5772,mean,0.7,5373,32768,0.163970947265625,0.15997677482339828,0.1680247773720493,0.16133541967928666,0.0026355275863383376,0.006689357692762632,1.0625763829055206,0.006295413487801393
4,iid,linear,0.02,5772,mean,0.95,3028,32768,0.0924072265625,0.08929258690772833,0.0955943299064551,0.0897667235307733,0.002640503031726693,0.00582760637568179,0.7829510189830152,0.007443130201492477
4,iid,linear,0.02,5772,mean,1.2,1531,32768,0.046722412109375,0.04446237019569585,0.04906323100312335,0.044999631262410245,0.0017227808469647554,0.004063599740713103,0.6198362233615538,0.006555924916222239
4,iid,linear,0.02,5772,alternating,0.45,8580,32768,0.2618408203125,0.25708672731251037,0.266637162019191,0.26246134653937636,0.0006205262268763612,0.005374619226865995,1.6528965956308097,0.003251636697100723
4,iid,linear,0.02,5772,alternating,0.7,5313,32768,0.162139892578125,0.1581639646284911,0.1661758046326672,0.16133541967928666,0.0008044728988383376,0.004840384953380544,1.0625763829055206,0.004555328945054229
4,iid,linear,0.02,5772,alternating,0.95,3028,32768,0.0924072265625,0.08929258690772833,0.0955943299064551,0.0897667235307733,0.002640503031726693,0.00582760637568179,0.7829510189830152,0.007443130201492477
4,iid,linear,0.02,5772,alternating,1.2,1512,32768,0.046142578125,0.04389612039164409,0.04846992036941656,0.044999631262410245,0.0011429468625897554,0.003470289107006315,0.6198362233615538,0.005598719429764719
4,iid,contractive,0.02,5772,axis_0,0.45,9330,32768,0.28472900390625,0.2798467627794994,0.2896494292848637,0.2846068247368555,0.00012217916939449847,0.0050426045480082005,1.6528965956308097,0.0030507683065822675
4,iid,contractive,0.02,5772,axis_0,0.7,6173,32768,0.188385009765625,0.18416379759910437,0.19266153048157442,0.18796029127403735,0.00042471849158765007,0.004701239207537067,1.0625763829055206,0.004424377657144935
4,iid,contractive,0.02,5772,axis_0,0.95,3914,32768,0.11944580078125,0.11595293148717839,0.12300628049330266,0.11474657436629188,0.004699226414958124,0.008259706127010782,0.7829510189830152,0.010549454470011951
4,iid,contractive,0.02,5772,axis_0,1.2,2282,32768,0.06964111328125,0.06690807799447877,0.07245072694980828,0.06452065254973405,0.005120460731515952,0.007930074400074233,0.6198362233615538,0.012793822143964274
4,iid,contractive,0.02,5772,axis_3,0.45,10120,32768,0.308837890625,0.30383735380299015,0.3138723320835536,0.3099910034093183,0.0011531127843182887,0.006153649606328138,1.6528965956308097,0.0037229489265053904
4,iid,contractive,0.02,5772,axis_3,0.7,7161,32768,0.218536376953125,0.21407176870900824,0.22305092943417265,0.2202460684564681,0.0017096915033431026,0.006174299747459866,1.0625763829055206,0.00581068791551417
4,iid,contractive,0.02,5772,axis_3,0.95,4848,32768,0.14794921875,0.14412103108189256,0.15183992192633627,0.14758461028838432,0.0003646084616156786,0.004255311637951953,0.7829510189830152,0.005434965323219363
4,iid,contractive,0.02,5772,axis_3,1.2,3080,32768,0.093994140625,0.09085531749767597,0.09720514180713312,0.09302821225967983,0.0009659283653201678,0.004176929547453287,0.6198362233615538,0.006738763224905722
4,iid,contractive,0.02,5772,mean,0.45,10517,32768,0.320953369140625,0.3158994783017558,0.32603901448690514,0.3207645286368521,0.0001888405037728802,0.005274485850053023,1.6528965956308097,0.0031910561519670104
4,iid,contractive,0.02,5772,mean,0.7,7631,32768,0.232879638671875,0.22831184642946217,0.2374948252765887,0.23446916634829895,0.0015895276764239519,0.006157319918836779,1.0625763829055206,0.005794708049128793
4,iid,contractive,0.02,5772,mean,0.95,5278,32768,0.16107177734375,0.15710657555830937,0.16509715367673533,0.16283987544579825,0.0017680981020482545,0.005733299887488885,0.7829510189830152,0.007322680153013837
4,iid,contractive,0.02,5772,mean,1.2,3446,32768,0.10516357421875,0.10186196661048254,0.10853535256419289,0.10721080139375283,0.0020472271750028304,0.005348834783270293,0.6198362233615538,0.008629432391450103
4,iid,contractive,0.02,5772,alternating,0.45,10538,32768,0.32159423828125,0.316537634987264,0.326682482356318,0.3207645286368521,0.0008297096443978802,0.005917953719465907,1.6528965956308097,0.0035803532629380156
4,iid,contractive,0.02,5772,alternating,0.7,7593,32768,0.231719970703125,0.22716024034852003,0.23632730154046336,0.23446916634829895,0.002749195645173952,0.00730892599977892,1.0625763829055206,0.006878494682700656
4,iid,contractive,0.02,5772,alternating,0.95,5287,32768,0.161346435546875,0.15737846968701835,0.16537452698196511,0.16283987544579825,0.0014934398989232545,0.0054614057587799025,0.7829510189830152,0.006975411777193662
4,iid,contractive,0.02,5772,alternating,1.2,3466,32768,0.10577392578125,0.10246377593206198,0.1091541368185074,0.10721080139375283,0.0014368756125028304,0.004747025461690854,0.6198362233615538,0.007658515722018216
4,iid,sgd,0.01,1729,axis_0,0.45,9002,32768,0.27471923828125,0.26989107186618716,0.2795873662652392,0.2730088051737921,0.0017104331074578871,0.00657856109144711,1.5080312054255802,0.0043623507708453425
4,iid,sgd,0.01,1729,axis_0,0.7,5735,32768,0.175018310546875,0.17091777457539992,0.17917653546673168,0.1738272400666594,0.0011910704802156058,0.005349295400072285,0.9694486320593017,0.0055178739988619285
4,iid,sgd,0.01,1729,axis_0,0.95,3472,32768,0.10595703125,0.10264432550029452,0.10933976532561476,0.1012327333519929,0.0047242978980071015,0.008107031973621864,0.7143305709910643,0.01134913204452967
4,iid,sgd,0.01,1729,axis_0,1.2,1887,32768,0.057586669921875,0.055088366681161634,0.060163749371604396,0.05370231816512683,0.0038843517567481722,0.006461431206477568,0.5655117020345927,0.011425813441579885
4,iid,sgd,0.01,1729,axis_3,0.45,7811,32768,0.238372802734375,0.23376747344770177,0.24302455011128243,0.24053995263804717,0.002167149903672172,0.006772479190345404,1.5080312054255802,0.004490941013673619
4,iid,sgd,0.01,1729,axis_3,0.7,4473,32768,0.136505126953125,0.1328049049547575,0.14026990814776527,0.1365409844100126,3.585745688761133e-05,0.0037360794552551146,0.9694486320593017,0.003853818894270797
4,iid,sgd,0.01,1729,axis_3,0.95,2358,32768,0.07196044921875,0.06918518577965854,0.0748118700424123,0.0684521350827646,0.003508314135985402,0.0063597349596477,0.7143305709910643,0.008903069836174287
4,iid,sgd,0.01,1729,axis_3,1.2,1100,32768,0.0335693359375,0.031645311048046305,0.035576606109852214,0.03013285555817935,0.00343648037932065,0.005443750551672864,0.5655117020345927,0.009626238558967729
4,iid,sgd,0.01,1729,mean,0.45,7866,32768,0.24005126953125,0.23543468236636775,0.24471397650908125,0.24014102836435636,8.975883310635702e-05,0.004706345997988609,1.5080312054255802,0.0031208545161772266
4,iid,sgd,0.01,1729,mean,0.7,4526,32768,0.13812255859375,0.13440373956391272,0.1419056478403488,0.13610501592554702,0.0020175426682029762,0.005800631914801763,0.9694486320593017,0.005983434008752034
4,iid,sgd,0.01,1729,mean,0.95,2267,32768,0.069183349609375,0.0664587518949734,0.07198460885871469,0.06809560300181894,0.0010877466075560616,0.0038890058568957497,0.7143305709910643,0.0054442663030648845
4,iid,sgd,0.01,1729,mean,1.2,1045,32768,0.031890869140625,0.030014724849299172,0.033850579623254634,0.029900092976545944,0.0019907761640790556,0.00395048664670869,0.5655117020345927,0.006985685057436771
4,iid,sgd,0.01,1729,alternating,0.45,7929,32768,0.241973876953125,0.2373445146167431,0.24664901745499512,0.24014102836435636,0.001832848588768643,0.006507989090638766,1.5080312054255802,0.004315553330212522
4,iid,sgd,0.01,1729,alternating,0.7,4560,32768,0.13916015625,0.1354294979862278,0.14295489937266553,0.13610501592554702,0.0030551403244529762,0.00684988344711851,0.9694486320593017,0.0070657518310877345
4,iid,sgd,0.01,1729,alternating,0.95,2282,32768,0.06964111328125,0.06690807799447877,0.07245072694980828,0.06809560300181894,0.0015455102794310616,0.004355123947989342,0.7143305709910643,0.006096790652466449
4,iid,sgd,0.01,1729,alternating,1.2,1027,32768,0.031341552734375,0.02948137878816408,0.03328539830350964,0.029900092976545944,0.0014414597578290556,0.0033853053269636973,0.5655117020345927,0.005986269275744565
4,iid,linear,0.01,1729,axis_0,0.45,9793,32768,0.298858642578125,0.2939050730496085,0.3038478880020928,0.29720815768556674,0.0016504848925582571,0.006639730316526038,1.5080312054255802,0.004402913078083318
4,iid,linear,0.01,1729,axis_0,0.7,6748,32768,0.2059326171875,0.20156517925504047,0.21035224096601027,0.2037641352509022,0.002168481936597799,0.006588105715108067,0.9694486320593017,0.006795724391413726
4,iid,linear,0.01,1729,axis_0,0.95,4365,32768,0.133209228515625,0.12954744680860927,0.13693615843648513,0.13049481332680246,0.0027144151888225387,0.006441345109682667,0.7143305709910643,0.009017316871579395
4,iid,linear,0.01,1729,axis_0,1.2,2659,32768,0.081146240234375,0.07821168350237867,0.08415529146793974,0.07782434558402673,0.003321894650348267,0.006330945883913003,0.5655117020345927,0.011195074940333834
4,iid,linear,0.01,1729,axis_3,0.45,8461,32768,0.258209228515625,0.25347696797491365,0.26298438281824577,0.26225914010653817,0.004049911590913169,0.008782172131624522,1.5080312054255802,0.005823601063444912
4,iid,linear,0.01,1729,axis_3,0.7,5254,32768,0.16033935546875,0.15638154466882057,0.1643574714136576,0.16109940308129078,0.0007600476125407818,0.004717858412470216,0.9694486320593017,0.004866537799376277
4,iid,linear,0.01,1729,axis_3,0.95,3015,32768,0.092010498046875,0.08890194786313894,0.09519158334756532,0.08955459636336105,0.0024559016835139502,0.00563698698420427,0.7143305709910643,0.007891286209945485
4,iid,linear,0.01,1729,axis_3,1.2,1576,32768,0.048095703125,0.04580387134615987,0.05046805755670844,0.04484301088518228,0.0032526922398177227,0.005625046671526163,0.5655117020345927,0.009946826301362859
4,iid,linear,0.01,1729,mean,0.45,8586,32768,0.26202392578125,0.25726874315764237,0.2668213245890315,0.26246134653937636,0.00043742075812636116,0.005192603381733996,1.5080312054255802,0.0034432996897226643
4,iid,linear,0.01,1729,mean,0.7,5327,32768,0.162567138671875,0.15858693755292907,0.16660724772259855,0.16133541967928666,0.0012317189925883376,0.005271828043311888,0.9694486320593017,0.00543796532273554
4,iid,linear,0.01,1729,mean,0.95,3021,32768,0.092193603515625,0.08908224062059901,0.09537746855997327,0.0897667235307733,0.002426879984851693,0.005610745029199962,0.7143305709910643,0.007854549779964755
4,iid,linear,0.01,1729,mean,1.2,1538,32768,0.04693603515625,0.04467101304459553,0.04928179465395589,0.044999631262410245,0.0019364038938397554,0.004282163391545649,0.5655117020345927,0.00757219236337519
4,iid,linear,0.01,1729,alternating,0.45,8653,32768,0.264068603515625,0.2593013257633338,0.2688777342919589,0.26246134653937636,0.0016072569762486388,0.00641638775258252,1.5080312054255802,0.004254810994293554
4,iid,linear,0.01,1729,alternating,0.7,5378,32768,0.16412353515625,0.16012785044410094,0.16817885033102234,0.16133541967928666,0.0027881154769633376,0.006843430651735677,0.9694486320593017,0.007059095681221262
4,iid,linear,0.01,1729,alternating,0.95,2992,32768,0.09130859375,0.08821086053205977,0.09447898847634945,0.0897667235307733,0.001541870219226693,0.004712264945576139,0.7143305709910643,0.006596756651529458
4,iid,linear,0.01,1729,alternating,1.2,1521,32768,0.046417236328125,0.04416433180332474,0.04875097441694271,0.044999631262410245,0.0014176050657147554,0.0037513431545324674,0.5655117020345927,0.006633537628020641
4,iid,contractive,0.01,1729,axis_0,0.45,9373,32768,0.286041259765625,0.2811521504178164,0.29096832038508486,0.2846068247368555,0.0014344350287694985,0.006361495648229354,1.5080312054255802,0.0042184111478210965
4,iid,contractive,0.01,1729,axis_0,0.7,6189,32768,0.188873291015625,0.18464782794145307,0.19315397571419843,0.18796029127403735,0.0009129997415876501,0.005193684440161078,0.9694486320593017,0.005357359088875766
4,iid,contractive,0.01,1729,axis_0,0.95,3882,32768,0.11846923828125,0.11498890037309148,0.12201736148223005,0.11474657436629188,0.003722663914958124,0.0072707871159381765,0.7143305709910643,0.01017846276108646
4,iid,contractive,0.01,1729,axis_0,1.2,2214,32768,0.06756591796875,0.06487141320161569,0.07033737824991634,0.06452065254973405,0.0030452654190159523,0.005816725700182296,0.5655117020345927,0.01028577424526307
4,iid,contractive,0.01,1729,axis_3,0.45,9995,32768,0.305023193359375,0.30004028359251295,0.3100406848219444,0.3099910034093183,0.004967810049943289,0.009950719816805342,1.5080312054255802,0.006598484024073732
4,iid,contractive,0.01,1729,axis_3,0.7,7118,32768,0.21722412109375,0.2127693389372302,0.22172908082992646,0.2202460684564681,0.0030219473627181026,0.00747672951923789,0.9694486320593017,0.007712352436204722
4,iid,contractive,0.01,1729,axis_3,0.95,4794,32768,0.14630126953125,0.1424910019879317,0.15017434673995947,0.14758461028838432,0.0012833407571343214,0.0050936083004526345,0.7143305709910643,0.007130603823081164
4,iid,contractive,0.01,1729,axis_3,1.2,3039,32768,0.092742919921875,0.08962314134292554,0.09593510175718284,0.09302821225967983,0.0002852923378048322,0.0034050709167542936,0.5655117020345927,0.006021220965903202
4,iid,contractive,0.01,1729,mean,0.45,10341,32768,0.315582275390625,0.31055154871619867,0.3206457097401036,0.3207645286368521,0.00518225324622712,0.010212979920653453,1.5080312054255802,0.00677239296104039
4,iid,contractive,0.01,1729,mean,0.7,7579,32768,0.231292724609375,0.226735976626456,0.23589714901580924,0.23446916634829895,0.003176441738923952,0.007733189721842948,0.9694486320593017,0.007976894768953477
4,iid,contractive,0.01,1729,mean,0.95,5237,32768,0.159820556640625,0.15586799889721153,0.16383351203961427,0.16283987544579825,0.0030193188051732545,0.00697187654858672,0.7143305709910643,0.00976001424510492
4,iid,contractive,0.01,1729,mean,1.2,3448,32768,0.105224609375,0.10192214597513735,0.10859723255653064,0.10721080139375283,0.0019861920187528304,0.005288655418615479,0.5655117020345927,0.009351982283634458
4,iid,contractive,0.01,1729,alternating,0.45,10574,32768,0.32269287109375,0.317631643247338,0.32778554476371174,0.3207645286368521,0.0019283424568978802,0.007021016126859625,1.5080312054255802,0.00465574989535991
4,iid,contractive,0.01,1729,alternating,0.7,7651,32768,0.233489990234375,0.22891797427264218,0.23810929207661405,0.23446916634829895,0.0009791761139239519,0.005551192075656769,0.9694486320593017,0.005726133280383235
4,iid,contractive,0.01,1729,alternating,0.95,5346,32768,0.16314697265625,0.15916098796352343,0.167192761906486,0.16283987544579825,0.00030709721045174554,0.004352886460687738,0.7143305709910643,0.006093658366949815
4,iid,contractive,0.01,1729,alternating,1.2,3525,32768,0.107574462890625,0.1042393144078974,0.1109793494674419,0.10721080139375283,0.00036366149687216964,0.0037685480736890653,0.5655117020345927,0.006663961258680622
4,iid,sgd,0.01,2718,axis_0,0.45,8936,32768,0.272705078125,0.2678881578734956,0.27756231761331507,0.2730088051737921,0.0003037270487921129,0.005120647300296488,1.5080312054255802,0.003395584442731339
4,iid,sgd,0.01,2718,axis_0,0.7,5693,32768,0.173736572265625,0.1696480591178229,0.1778830027090873,0.1738272400666594,9.06678010343942e-05,0.004179180948836486,0.9694486320593017,0.004310884363165354
4,iid,sgd,0.01,2718,axis_0,0.95,3349,32768,0.102203369140625,0.09894369192457136,0.10553374859973658,0.1012327333519929,0.0009706357886321015,0.004301015247743678,0.7143305709910643,0.0060210432290143156
4,iid,sgd,0.01,2718,axis_0,1.2,1770,32768,0.05401611328125,0.051592950849025355,0.056518706899345045,0.05370231816512683,0.00031379511612317224,0.002816388734218217,0.5655117020345927,0.0049802483734384985
4,iid,sgd,0.01,2718,axis_3,0.45,7763,32768,0.236907958984375,0.23231253528717313,0.241550061097109,0.24053995263804717,0.003631993653672172,0.008227417350874039,1.5080312054255802,0.005455734152763892
4,iid,sgd,0.01,2718,axis_3,0.7,4466,32768,0.13629150390625,0.1325937511451949,0.14005385403432533,0.1365409844100126,0.00024948050376261133,0.003947233264817718,0.9694486320593017,0.004071627040654036
4,iid,sgd,0.01,2718,axis_3,0.95,2298,32768,0.07012939453125,0.0673873970710486,0.07294788169940743,0.0684521350827646,0.001677259448485402,0.004495746616642829,0.7143305709910643,0.006293650025933255
4,iid,sgd,0.01,2718,axis_3,1.2,1007,32768,0.030731201171875,0.028888953374381854,0.032657237991823254,0.03013285555817935,0.00059834561369565,0.002524382433643904,0.5655117020345927,0.004463890710946749
4,iid,sgd,0.01,2718,mean,0.45,7893,32768,0.240875244140625,0.23625316623980172,0.2455432954320332,0.24014102836435636,0.000734215776268643,0.0054022670676768525,1.5080312054255802,0.0035823310872086915
4,iid,sgd,0.01,2718,mean,0.7,4459,32768,0.136077880859375,0.13238260039410446,0.13983779686327383,0.13610501592554702,2.713506617202377e-05,0.003732780937726804,0.9694486320593017,0.0038504164267039453
4,iid,sgd,0.01,2718,mean,0.95,2265,32768,0.069122314453125,0.06639884436407575,0.07192245716578523,0.06809560300181894,0.0010267114513060616,0.0038268541639662895,0.7143305709910643,0.005357259396944052
4,iid,sgd,0.01,2718,mean,1.2,1029,32768,0.031402587890625,0.029540631906132025,0.033348203772941114,0.029900092976545944,0.0015024949140790556,0.0034481107963951693,0.5655117020345927,0.006097328815636509
4,iid,sgd,0.01,2718,alternating,0.45,7968,32768,0.2431640625,0.23852685561755996,0.2478468360600913,0.24014102836435636,0.003023034135643643,0.007705807695734951,1.5080312054255802,0.005109846313531888
4,iid,sgd,0.01,2718,alternating,0.7,4496,32768,0.13720703125,0.13349871750264072,0.14097977878147827,0.13610501592554702,0.0011020153244529762,0.004874762855931247,0.9694486320593017,0.005028386955971336
4,iid,sgd,0.01,2718,alternating,0.95,2272,32768,0.0693359375,0.06660852342033843,0.07213998539455611,0.06809560300181894,0.0012403344981810616,0.004044382392737175,0.7143305709910643,0.005661779793528908
4,iid,sgd,0.01,2718,alternating,1.2,984,32768,0.030029296875,0.028207907070077826,0.03193461105823823,0.029900092976545944,0.00012920389845405555,0.002034518081692284,0.5655117020345927,0.003597658676862944
4,iid,linear,0.01,2718,axis_0,0.45,9771,32768,0.298187255859375,0.293236946221679,0.3031733605683617,0.29720815768556674,0.0009790981738082571,0.005965202882794951,1.5080312054255802,0.003955622974732486
4,iid,linear,0.01,2718,axis_0,0.7,6654,32768,0.20306396484375,0.19871953630355532,0.20746108956998274,0.2037641352509022,0.0007001704071522008,0.005044598947346879,0.9694486320593017,0.005203575290658926
4,iid,linear,0.01,2718,axis_0,0.95,4240,32768,0.12939453125,0.12577817801835436,0.13307671470041102,0.13049481332680246,0.0011002820768024613,0.004716635308448097,0.7143305709910643,0.006602874775335771
4,iid,linear,0.01,2718,axis_0,1.2,2599,32768,0.079315185546875,0.07641142661395298,0.08229376993915957,0.07782434558402673,0.0014908399628482671,0.004469424355132839,0.5655117020345927,0.007903327798616345
4,iid,linear,0.01,2718,axis_3,0.45,8496,32768,0.25927734375,0.2545386179510327,0.2640587735837505,0.26225914010653817,0.002981796356538169,0.007720522155505449,1.5080312054255802,0.005119603710936902
4,iid,linear,0.01,2718,axis_3,0.7,5217,32768,0.159210205078125,0.1552638463619169,0.16321707029028412,0.16109940308129078,0.0018891980031657818,0.0058355567193738855,0.9694486320593017,0.006019459439514606
4,iid,linear,0.01,2718,axis_3,0.95,2958,32768,0.09027099609375,0.08718935555818004,0.09342548502319085,0.08955459636336105,0.0007163997303889502,0.003870888659829805,0.7143305709910643,0.005418903819920968
4,iid,linear,0.01,2718,axis_3,1.2,1491,32768,0.045501708984375,0.043270380102141404,0.04781404133502329,0.04484301088518228,0.0006586980991927227,0.002971030449841011,0.5655117020345927,0.005253702866186262
4,iid,linear,0.01,2718,mean,0.45,8577,32768,0.261749267578125,0.25699571979039654,0.26654508033386326,0.26246134653937636,0.0007120789612513612,0.005465626748979824,1.5080312054255802,0.003624345921566904
4,iid,linear,0.01,2718,mean,0.7,5271,32768,0.160858154296875,0.15689510518869332,0.16488141604282686,0.16133541967928666,0.0004772653824116624,0.0044403144905933445,0.9694486320593017,0.004580247311465315
4,iid,linear,0.01,2718,mean,0.95,2969,32768,0.090606689453125,0.08751982900250055,0.09376633782860554,0.0897667235307733,0.0008399659223516931,0.00399961429783223,0.7143305709910643,0.005599108396387338
4,iid,linear,0.01,2718,mean,1.2,1554,32768,0.04742431640625,0.04514795988243747,0.049781319860302174,0.044999631262410245,0.0024246851438397554,0.00478168859789193,0.5655117020345927,0.008455507782930778
4,iid,linear,0.01,2718,alternating,0.45,8689,32768,0.265167236328125,0.2603935143177489,0.2699826162377866,0.26246134653937636,0.002705889788748639,0.007521269698410216,1.5080312054255802,0.004987476168497219
4,iid,linear,0.01,2718,alternating,0.7,5341,32768,0.162994384765625,0.15900992031385797,0.1670386809782621,0.16133541967928666,0.0016589650863383376,0.005703261298975443,0.9694486320593017,0.005882994838891651
4,iid,linear,0.01,2718,alternating,0.95,2991,32768,0.091278076171875,0.08818081451842696,0.09444800482957653,0.0897667235307733,0.001511352641101693,0.004681281298803228,0.7143305709910643,0.006553382269931979
4,iid,linear,0.01,2718,alternating,1.2,1497,32768,0.045684814453125,0.04344915061418392,0.0480014477609526,0.044999631262410245,0.0006851831907147554,0.0030018164985423576,0.5655117020345927,0.005308142144083757
4,iid,contractive,0.01,2718,axis_0,0.45,9343,32768,0.285125732421875,0.28024140951740045,0.2900481691418227,0.2846068247368555,0.0005189076850194985,0.0054413444049671855,1.5080312054255802,0.003608243904629008
4,iid,contractive,0.01,2718,axis_0,0.7,6121,32768,0.186798095703125,0.18259077370338414,0.19106100877254995,0.18796029127403735,0.00116219557091235,0.0053695175706532094,0.9694486320593017,0.005538733454342275
4,iid,contractive,0.01,2718,axis_0,0.95,3788,32768,0.1156005859375,0.11215750444218474,0.11911196656954141,0.11474657436629188,0.0008540115712081242,0.004365392203249538,0.7143305709910643,0.006111165307111216
4,iid,contractive,0.01,2718,axis_0,1.2,2117,32768,0.064605712890625,0.06196745493173666,0.0673214651363139,0.06452065254973405,8.506034089095227e-05,0.002800812586579854,0.5655117020345927,0.004952704915748192
4,iid,contractive,0.01,2718,axis_3,0.45,9988,32768,0.3048095703125,0.29982765955404916,0.3098261006829614,0.3099910034093183,0.005181433096818289,0.010163343855269125,1.5080312054255802,0.006739478479426383
4,iid,contractive,0.01,2718,axis_3,0.7,7118,32768,0.21722412109375,0.2127693389372302,0.22172908082992646,0.2202460684564681,0.0030219473627181026,0.00747672951923789,0.9694486320593017,0.007712352436204722
4,iid,contractive,0.01,2718,axis_3,0.95,4774,32768,0.14569091796875,0.14188732964878742,0.14955742491203777,0.14758461028838432,0.0018936923196343214,0.005697280639596902,0.7143305709910643,0.007975692026861566
4,iid,contractive,0.01,2718,axis_3,1.2,3023,32768,0.092254638671875,0.0891423390398749,0.09543942946435598,0.09302821225967983,0.0007735735878048322,0.003885873219804936,0.5655117020345927,0.006871428488260063
4,iid,contractive,0.01,2718,mean,0.45,10396,32768,0.3172607421875,0.3122226936454719,0.3223312005333296,0.3207645286368521,0.00350378644935212,0.008541834991380226,1.5080312054255802,0.005664229599923724
4,iid,contractive,0.01,2718,mean,0.7,7609,32768,0.232208251953125,0.22764512122745795,0.2368188963731677,0.23446916634829895,0.002260914395173952,0.006824045120841005,0.9694486320593017,0.007039099231431557
4,iid,contractive,0.01,2718,mean,0.95,5393,32768,0.164581298828125,0.16058108474247546,0.1686410617733317,0.16283987544579825,0.0017414233823267455,0.0058011863275334585,0.7143305709910643,0.008121150855247419
4,iid,contractive,0.01,2718,mean,1.2,3527,32768,0.107635498046875,0.1042995073598332,0.1110412158776166,0.10721080139375283,0.00042469665312216964,0.0038304144838637727,0.5655117020345927,0.006773360250694625
4,iid,contractive,0.01,2718,alternating,0.45,10540,32768,0.3216552734375,0.31659841238367487,0.32674376444137054,0.3207645286368521,0.0008907448006478802,0.0059792358045184235,1.5080312054255802,0.0039649284331825406
4,iid,contractive,0.01,2718,alternating,0.7,7712,32768,0.2353515625,0.23076674629561456,0.23998333372653807,0.23446916634829895,0.0008823961517010481,0.005514167378239121,0.9694486320593017,0.00568794178039731
4,iid,contractive,0.01,2718,alternating,0.95,5366,32768,0.16375732421875,0.15976527104077615,0.16780907314359267,0.16283987544579825,0.0009174487729517455,0.004969197697794414,0.7143305709910643,0.006956439916746297
4,iid,contractive,0.01,2718,alternating,1.2,3540,32768,0.1080322265625,0.10469076979321208,0.11144333930101548,0.10721080139375283,0.0008214251687471696,0.0042325379072626484,0.5655117020345927,0.007484439123071836
4,iid,sgd,0.01,3141,axis_0,0.45,8841,32768,0.269805908203125,0.26500539408965923,0.2746472564012678,0.2730088051737921,0.003202896970667113,0.008003411084132883,1.5080312054255802,0.005307191956862887
4,iid,sgd,0.01,3141,axis_0,0.7,5655,32768,0.172576904296875,0.16849933937385092,0.1767125931300578,0.1738272400666594,0.0012503357697843942,0.005327900692808474,0.9694486320593017,0.005495805055179616
4,iid,sgd,0.01,3141,axis_0,0.95,3356,32768,0.1024169921875,0.09915426088261765,0.10575038736836,0.1012327333519929,0.0011842588355071015,0.004517654016367098,0.7143305709910643,0.006324318459588383
4,iid,sgd,0.01,3141,axis_0,1.2,1885,32768,0.057525634765625,0.05502859234448861,0.06010146457406734,0.05370231816512683,0.0038233166004981722,0.006399146408940515,0.5655117020345927,0.011315674611007564
4,iid,sgd,0.01,3141,axis_3,0.45,7749,32768,0.236480712890625,0.2318881925355303,0.24111998759134604,0.24053995263804717,0.004059239747422172,0.008651760102516864,1.5080312054255802,0.005737122727560043
4,iid,sgd,0.01,3141,axis_3,0.7,4458,32768,0.13604736328125,0.13235243625111615,0.13980693130316968,0.1365409844100126,0.0004936211287626113,0.004188548158896466,0.9694486320593017,0.004320546773065383
4,iid,sgd,0.01,3141,axis_3,0.95,2255,32768,0.068817138671875,0.06609931599249703,0.07161168942388045,0.0684521350827646,0.000365003589110402,0.0031595543411158528,0.7143305709910643,0.004423098309697536
4,iid,sgd,0.01,3141,axis_3,1.2,1016,32768,0.031005859375,0.029155520866152716,0.03293993404274207,0.03013285555817935,0.00087300381682065,0.002807078484562721,0.5655117020345927,0.004963784965834377
4,iid,sgd,0.01,3141,mean,0.45,7829,32768,0.238922119140625,0.23431309464049913,0.2435774641115498,0.24014102836435636,0.001218909223731357,0.0058279337238572315,1.5080312054255802,0.0038645975646190525
4,iid,sgd,0.01,3141,mean,0.7,4462,32768,0.13616943359375,0.13247309319824768,0.1399303931685144,0.13610501592554702,6.441766820297623e-05,0.003825377242967387,0.9694486320593017,0.003945930827548362
4,iid,sgd,0.01,3141,mean,0.95,2242,32768,0.06842041015625,0.06570995235835332,0.07120766812470987,0.06809560300181894,0.00032480715443106156,0.0031120651228909307,0.7143305709910643,0.004356617579131805
4,iid,sgd,0.01,3141,mean,1.2,1012,32768,0.0308837890625,0.02903704155345953,0.03281429621844493,0.029900092976545944,0.0009836960859540556,0.002914203241898984,0.5655117020345927,0.0051532147458917136
4,iid,sgd,0.01,3141,alternating,0.45,7978,32768,0.24346923828125,0.23883002780924986,0.2481539612042485,0.24014102836435636,0.003328209916893643,0.008012932839892156,1.5080312054255802,0.005313505987849126
4,iid,sgd,0.01,3141,alternating,0.7,4578,32768,0.13970947265625,0.13597257505944507,0.1435103569891397,0.13610501592554702,0.0036044567307029762,0.007405341063592669,0.9694486320593017,0.007638714232710043
4,iid,sgd,0.01,3141,alternating,0.95,2352,32768,0.07177734375,0.06900538293312149,0.07462549516968507,0.06809560300181894,0.0036817407481810616,0.006529892167866133,0.7143305709910643,0.009141274968543684
4,iid,sgd,0.01,3141,alternating,1.2,994,32768,0.03033447265625,0.02850398171681996,0.03224882907684144,0.029900092976545944,0.00043437967970405555,0.002348736100295498,0.5655117020345927,0.0041532935425478154
4,iid,linear,0.01,3141,axis_0,0.45,9628,32768,0.2938232421875,0.2888944336066912,0.2987886205102155,0.29720815768556674,0.003384915498066743,0.00831372407887554,1.5080312054255802,0.0055129655467105075
4,iid,linear,0.01,3141,axis_0,0.7,6586,32768,0.20098876953125,0.196661199066524,0.2053694053996906,0.2037641352509022,0.002775365719652201,0.007102936184378211,0.9694486320593017,0.007326779315052684
4,iid,linear,0.01,3141,axis_0,0.95,4257,32768,0.129913330078125,0.1262907382237106,0.13360165938079804,0.13049481332680246,0.0005814832486774613,0.00420407510309187,0.7143305709910643,0.005885335548860976
4,iid,linear,0.01,3141,axis_0,1.2,2611,32768,0.079681396484375,0.07677144165701905,0.08266611056070292,0.07782434558402673,0.0018570509003482671,0.004841764976676183,0.5655117020345927,0.008561741444529841
4,iid,linear,0.01,3141,axis_3,0.45,8400,32768,0.25634765625,0.25162675187162425,0.26111178506772975,0.26225914010653817,0.005911483856538169,0.010632388234913914,1.5080312054255802,0.00705050943021657
4,iid,linear,0.01,3141,axis_3,0.7,5230,32768,0.15960693359375,0.15565654317387256,0.1636177597627942,0.16109940308129078,0.0014924694875407818,0.005442859907418218,0.9694486320593017,0.005614387113896382
4,iid,linear,0.01,3141,axis_3,0.95,2946,32768,0.08990478515625,0.08682885385884469,0.09305363082043207,0.08955459636336105,0.0003501887928889502,0.003499034457071018,0.7143305709910643,0.004898340627108325
4,iid,linear,0.01,3141,axis_3,1.2,1472,32768,0.044921875,0.04270433991439154,0.04722052128239638,0.04484301088518228,7.886411481772271e-05,0.0023775103972141012,0.5655117020345927,0.00420417541964263
4,iid,linear,0.01,3141,mean,0.45,8566,32768,0.26141357421875,0.2566620278284236,0.26620744520213974,0.26246134653937636,0.0010477723206263612,0.005799318710952739,1.5080312054255802,0.003845622484526849
4,iid,linear,0.01,3141,mean,0.7,5283,32768,0.161224365234375,0.1572576273450739,0.1652512504642661,0.16133541967928666,0.00011105444491166239,0.004077792334212765,0.9694486320593017,0.004206300570614787
4,iid,linear,0.01,3141,mean,0.95,2957,32768,0.090240478515625,0.08715931315955301,0.093394497763042,0.0897667235307733,0.0004737549848516931,0.0036277742322686907,0.7143305709910643,0.00507856499440519
4,iid,linear,0.01,3141,mean,1.2,1475,32768,0.045013427734375,0.04279370792002692,0.04731424172930287,0.044999631262410245,1.3796471964755419e-05,0.0023146104668926235,0.5655117020345927,0.004092948843613916
4,iid,linear,0.01,3141,alternating,0.45,8712,32768,0.265869140625,0.26109132134468066,0.2706884931437548,0.26246134653937636,0.003407794085623639,0.008227146604378455,1.5080312054255802,0.005455554616362649
4,iid,linear,0.01,3141,alternating,0.7,5405,32768,0.164947509765625,0.16094368019321068,0.16901082291692313,0.16133541967928666,0.0036120900863383376,0.007675403237636463,0.9694486320593017,0.00791728719172297
4,iid,linear,0.01,3141,alternating,0.95,3034,32768,0.09259033203125,0.08947288777390659,0.09578020701373277,0.0897667235307733,0.002823608500476693,0.006013483482959464,0.7143305709910643,0.008418348209032044
4,iid,linear,0.01,3141,alternating,1.2,1523,32768,0.046478271484375,0.04422393732395952,0.048813427890019585,0.044999631262410245,0.0014786402219647554,0.0038137966276093407,0.5655117020345927,0.006743974729237431
4,iid,contractive,0.01,3141,axis_0,0.45,9184,32768,0.2802734375,0.2754148960746988,0.28517095426313155,0.2846068247368555,0.0043333872368555015,0.009191928662156679,1.5080312054255802,0.006095317277975446
4,iid,contractive,0.01,3141,axis_0,0.7,6112,32768,0.1865234375,0.18231853122413733,0.19078398374546648,0.18796029127403735,0.00143685377403735,0.005641760049900024,0.9694486320593017,0.005819555429064667
4,iid,contractive,0.01,3141,axis_0,0.95,3764,32768,0.1148681640625,0.11143470317879509,0.11837005531392587,0.11474657436629188,0.00012158969620812421,0.0036234809476339974,0.7143305709910643,0.00507255477335482
4,iid,contractive,0.01,3141,axis_0,1.2,2215,32768,0.067596435546875,0.0649013588893107,0.07036846216916266,0.06452065254973405,0.0030757829971409523,0.005847809619428615,0.5655117020345927,0.01034074025062509
4,iid,contractive,0.01,3141,axis_3,0.45,9930,32768,0.30303955078125,0.29806596630551124,0.3080480690367661,0.3099910034093183,0.006951452628068289,0.011925037103807046,1.5080312054255802,0.007907685902588264
4,iid,contractive,0.01,3141,axis_3,0.7,7050,32768,0.21514892578125,0.21070981841416087,0.21963857975573264,0.2202460684564681,0.005097142675218103,0.009536250042307237,0.9694486320593017,0.009836777036912565
4,iid,contractive,0.01,3141,axis_3,0.95,4744,32768,0.144775390625,0.140981864235467,0.14863199908594021,0.14758461028838432,0.0028092196633843214,0.00660274605291733,0.7143305709910643,0.009243264002766479
4,iid,contractive,0.01,3141,axis_3,1.2,2977,32768,0.090850830078125,0.08776018143002777,0.094014222677276,0.09302821225967983,0.002177382181554832,0.005268030829652062,0.5655117020345927,0.009315511616645226
4,iid,contractive,0.01,3141,mean,0.45,10367,32768,0.316375732421875,0.31134153505337625,0.32144249665282987,0.3207645286368521,0.00438879621497712,0.00942299358347587,1.5080312054255802,0.006248540182440465
4,iid,contractive,0.01,3141,mean,0.7,7598,32768,0.23187255859375,0.22731176470117234,0.23648092584757388,0.23446916634829895,0.002596607754548952,0.00715740164712661,0.9694486320593017,0.00738296121159392
4,iid,contractive,0.01,3141,mean,0.95,5258,32768,0.16046142578125,0.1565023811135128,0.1644807538272593,0.16283987544579825,0.0023784496645482545,0.006337494332285448,0.7143305709910643,0.008871934913121231
4,iid,contractive,0.01,3141,mean,1.2,3372,32768,0.1029052734375,0.09963557798097386,0.10624554508035275,0.10721080139375283,0.00430552795625283,0.00757522341277897,0.5655117020345927,0.013395343342188858
4,iid,contractive,0.01,3141,alternating,0.45,10563,32768,0.322357177734375,0.31729735954948163,0.3274485013129238,0.3207645286368521,0.0015926490975228802,0.006683972676071681,1.5080312054255802,0.004432250905700192
4,iid,contractive,0.01,3141,alternating,0.7,7639,32768,0.233123779296875,0.22855429596627788,0.2377406135968376,0.23446916634829895,0.0013453870514239519,0.00591487038202107,0.9694486320593017,0.006101272606323358
4,iid,contractive,0.01,3141,alternating,0.95,5252,32768,0.1602783203125,0.15632112675261828,0.16429582990078256,0.16283987544579825,0.0025615551332982545,0.0065187486931799765,0.7143305709910643,0.00912567508364628
4,iid,contractive,0.01,3141,alternating,1.2,3548,32768,0.1082763671875,0.10493155375907848,0.11169079278809689,0.10721080139375283,0.0010655657937471696,0.00447999139434406,0.5655117020345927,0.007922013599764584
4,iid,sgd,0.01,5772,axis_0,0.45,8936,32768,0.272705078125,0.2678881578734956,0.27756231761331507,0.2730088051737921,0.0003037270487921129,0.005120647300296488,1.5080312054255802,0.003395584442731339
4,iid,sgd,0.01,5772,axis_0,0.7,5684,32768,0.1734619140625,0.1693759878469412,0.1776058065074701,0.1738272400666594,0.0003653260041593942,0.004451252219718205,0.9694486320593017,0.004591529734033314
4,iid,sgd,0.01,5772,axis_0,0.95,3454,32768,0.10540771484375,0.10210268616230951,0.10878287044113415,0.1012327333519929,0.0041749814917571015,0.007550137089141248,0.7143305709910643,0.010569528164902933
4,iid,sgd,0.01,5772,axis_0,1.2,1827,32768,0.055755615234375,0.05329548901920207,0.05829485327107428,0.05370231816512683,0.0020532970692481722,0.004592535105947454,0.5655117020345927,0.008121025770862874
4,iid,sgd,0.01,5772,axis_3,0.45,7855,32768,0.239715576171875,0.2351012327305989,0.24437609908053184,0.24053995263804717,0.000824376466172172,0.005438719907448264,1.5080312054255802,0.003606503557672341
4,iid,sgd,0.01,5772,axis_3,0.7,4407,32768,0.134490966796875,0.13081414830714785,0.13823270441301536,0.1365409844100126,0.0020500176131376113,0.005726836102864757,0.9694486320593017,0.005907312583132764
4,iid,sgd,0.01,5772,axis_3,0.95,2239,32768,0.068328857421875,0.06562010296429892,0.07111442869030332,0.0684521350827646,0.00012327766088959802,0.00283203211846568,0.7143305709910643,0.003964595991652031
4,iid,sgd,0.01,5772,axis_3,1.2,1037,32768,0.031646728515625,0.029777663337316993,0.03359940671771109,0.03013285555817935,0.00151387295744565,0.0034665511595317403,0.5655117020345927,0.006129937094245468
4,iid,sgd,0.01,5772,mean,0.45,7841,32768,0.239288330078125,0.2346768479557561,0.2439460675924363,0.24014102836435636,0.000852698286231357,0.00546418040860025,1.5080312054255802,0.0036233868297560912
4,iid,sgd,0.01,5772,mean,0.7,4459,32768,0.136077880859375,0.13238260039410446,0.13983779686327383,0.13610501592554702,2.713506617202377e-05,0.003732780937726804,0.9694486320593017,0.0038504164267039453
4,iid,sgd,0.01,5772,mean,0.95,2241,32768,0.068389892578125,0.0656800024035378,0.07117658846994182,0.06809560300181894,0.00029428957630606156,0.003080985468122882,0.7143305709910643,0.004313108794781545
4,iid,sgd,0.01,5772,mean,1.2,1038,32768,0.03167724609375,0.029807294388173526,0.03363080496678824,0.029900092976545944,0.0017771531172040556,0.0037307119902422956,0.5655117020345927,0.0065970553338153305
4,iid,sgd,0.01,5772,alternating,0.45,7816,32768,0.238525390625,0.23391903383212317,0.2431781383914616,0.24014102836435636,0.001615637739356357,0.006221994532233183,1.5080312054255802,0.004125905690709682
4,iid,sgd,0.01,5772,alternating,0.7,4431,32768,0.135223388671875,0.1315380280961811,0.13897353748130012,0.13610501592554702,0.0008816272536720238,0.004566987829365932,0.9694486320593017,0.00471091265523243
4,iid,sgd,0.01,5772,alternating,0.95,2209,32768,0.067413330078125,0.06472168715659604,0.07018195626171961,0.06809560300181894,0.0006822729236939384,0.0033739158452228968,0.7143305709910643,0.004723185570151248
4,iid,sgd,0.01,5772,alternating,1.2,957,32768,0.029205322265625,0.02740876104582245,0.031085967260994878,0.029900092976545944,0.0006947707109209444,0.002491331930723494,0.5655117020345927,0.004405447176000432
4,iid,linear,0.01,5772,axis_0,0.45,9766,32768,0.29803466796875,0.29308510099183266,0.3030200571025324,0.29720815768556674,0.0008265102831832571,0.005811899416965638,1.5080312054255802,0.003853964955138622
4,iid,linear,0.01,5772,axis_0,0.7,6732,32768,0.2054443359375,0.20108079056414105,0.20986015401933547,0.2037641352509022,0.0016802006865977992,0.00609601876843327,0.9694486320593017,0.006288129733582804
4,iid,linear,0.01,5772,axis_0,0.95,4371,32768,0.133392333984375,0.129728397258373,0.13712138619545616,0.13049481332680246,0.0028975206575725387,0.006626572868653702,0.7143305709910643,0.009276619450095738
4,iid,linear,0.01,5772,axis_0,1.2,2654,32768,0.08099365234375,0.07806164487664208,0.08400018188337165,0.07782434558402673,0.003169306759723267,0.006175836299344914,0.5655117020345927,0.010920793110249617
4,iid,linear,0.01,5772,axis_3,0.45,8513,32768,0.259796142578125,0.25505428975852124,0.26458060728085153,0.26225914010653817,0.002462997528413169,0.0072048503480169335,1.5080312054255802,0.004777653354980581
4,iid,linear,0.01,5772,axis_3,0.7,5252,32768,0.1602783203125,0.15632112675261828,0.16429582990078256,0.16109940308129078,0.0008210827687907818,0.004778276328672504,0.9694486320593017,0.00492885973599498
4,iid,linear,0.01,5772,axis_3,0.95,2936,32768,0.089599609375,0.08652844762100913,0.09274374047858502,0.08955459636336105,4.501301163895022e-05,0.003189144115223974,0.7143305709910643,0.004464521392104704
4,iid,linear,0.01,5772,axis_3,1.2,1484,32768,0.0452880859375,0.04306182718307488,0.04759538783848339,0.04484301088518228,0.0004450750523177227,0.0027523769533011125,0.5655117020345927,0.0048670557008787555
4,iid,linear,0.01,5772,mean,0.45,8588,32768,0.2620849609375,0.25732941534322595,0.26688271187513196,0.26246134653937636,0.00037638560187636116,0.005131931196150408,1.5080312054255802,0.0034030669774516567
4,iid,linear,0.01,5772,mean,0.7,5287,32768,0.161346435546875,0.15737846968701835,0.16537452698196511,0.16133541967928666,1.1015867588337613e-05,0.004039107302678452,0.9694486320593017,0.004166396412462396
4,iid,linear,0.01,5772,mean,0.95,2959,32768,0.090301513671875,0.08721939806393142,0.09345647217626453,0.0897667235307733,0.0005347901411016931,0.0036897486454912226,0.7143305709910643,0.0051653237245216236
4,iid,linear,0.01,5772,mean,1.2,1527,32768,0.046600341796875,0.04434315160602327,0.04893833159838374,0.044999631262410245,0.0016007105344647554,0.003938700335973495,0.5655117020345927,0.006964843206255285
4,iid,linear,0.01,5772,alternating,0.45,8558,32768,0.26116943359375,0.25641934502313785,0.2659618901213572,0.26246134653937636,0.0012919129456263612,0.0060420015162385154,1.5080312054255802,0.004006549396657483
4,iid,linear,0.01,5772,alternating,0.7,5274,32768,0.16094970703125,0.15698573504233984,0.1649738753334787,0.16133541967928666,0.0003857126480366624,0.004349684636946821,0.9694486320593017,0.004486761333302649
4,iid,linear,0.01,5772,alternating,0.95,2921,32768,0.089141845703125,0.08607785856936273,0.09227888467000184,0.0897667235307733,0.0006248778276483069,0.003688864961410576,0.7143305709910643,0.005164086644496586
4,iid,linear,0.01,5772,alternating,1.2,1453,32768,0.044342041015625,0.04213840214969024,0.04662689890517894,0.044999631262410245,0.0006575902467852446,0.002861229112720007,0.5655117020345927,0.005059540063319474
4,iid,contractive,0.01,5772,axis_0,0.45,9345,32768,0.285186767578125,0.2803021248112003,0.2901095133241937,0.2846068247368555,0.0005799428412694985,0.005502688587338211,1.5080312054255802,0.003648922228890683
4,iid,contractive,0.01,5772,axis_0,0.7,6151,32768,0.187713623046875,0.1834982735102614,0.19198440065810624,0.18796029127403735,0.00024666822716234993,0.004462017763775944,0.9694486320593017,0.0046026345452649005
4,iid,contractive,0.01,5772,axis_0,0.95,3826,32768,0.11676025390625,0.1133020304765209,0.12028656872128528,0.11474657436629188,0.002013679539958124,0.005539994354993402,0.7143305709910643,0.007755505056023569
4,iid,contractive,0.01,5772,axis_0,1.2,2157,32768,0.065826416015625,0.06316477568262496,0.06856532834099609,0.06452065254973405,0.0013057634658909523,0.00404467579126204,0.5655117020345927,0.007152240664004199
4,iid,contractive,0.01,5772,axis_3,0.45,10017,32768,0.305694580078125,0.30070853880617376,0.31071508388095115,0.3099910034093183,0.004296423331193289,0.009282464603144525,1.5080312054255802,0.006155353131784119
4,iid,contractive,0.01,5772,axis_3,0.7,7094,32768,0.21649169921875,0.21204243026854244,0.22099127599078702,0.2202460684564681,0.0037543692377181026,0.00820363818792566,0.9694486320593017,0.008462169027459972
4,iid,contractive,0.01,5772,axis_3,0.95,4775,32768,0.145721435546875,0.14191751272134,0.1495882715476971,0.14758461028838432,0.0018631747415093214,0.00566709756704431,0.7143305709910643,0.007933438378791156
4,iid,contractive,0.01,5772,axis_3,1.2,3051,32768,0.093109130859375,0.08998376043328614,0.09630683862137612,0.09302821225967983,8.091859969516779e-05,0.0032786263616962907,0.5655117020345927,0.0057976277942622225
4,iid,contractive,0.01,5772,mean,0.45,10368,32768,0.31640625,0.31137191948182147,0.32147314196479204,0.3207645286368521,0.00435827863685212,0.009392609155030651,1.5080312054255802,0.006228391774147651
4,iid,contractive,0.01,5772,mean,0.7,7570,32768,0.23101806640625,0.22646323914168054,0.23562061891388822,0.23446916634829895,0.003451099942048952,0.008005927206618413,0.9694486320593017,0.008258227348892361
4,iid,contractive,0.01,5772,mean,0.95,5254,32768,0.16033935546875,0.15638154466882057,0.1643574714136576,0.16283987544579825,0.0025005199770482545,0.006458330776977689,0.7143305709910643,0.009041095312520899
4,iid,contractive,0.01,5772,mean,1.2,3465,32768,0.105743408203125,0.10243368464048275,0.10912319843097827,0.10721080139375283,0.0014673931906278304,0.004777116753270083,0.5655117020345927,0.008447423344349936
4,iid,contractive,0.01,5772,alternating,0.45,10475,32768,0.319671630859375,0.31462319772665215,0.3247520459546292,0.3207645286368521,0.0010928977774771198,0.006141330910199971,1.5080312054255802,0.004072416332039251
4,iid,contractive,0.01,5772,alternating,0.7,7656,32768,0.233642578125,0.22906950831575412,0.23826290669458733,0.23446916634829895,0.0008265882232989519,0.00539965803254483,0.9694486320593017,0.005569823767840987
4,iid,contractive,0.01,5772,alternating,0.95,5220,32768,0.1593017578125,0.1553544679320164,0.1633095378625746,0.16283987544579825,0.0035381176332982545,0.00748540751378185,0.7143305709910643,0.010478912450011167
4,iid,contractive,0.01,5772,alternating,1.2,3431,32768,0.104705810546875,0.10141063252855835,0.10807124147293622,0.10721080139375283,0.0025049908468778304,0.00580016886519448,0.5655117020345927,0.010256496628322079
4,iid,sgd,0.005,1729,axis_0,0.45,8909,32768,0.271881103515625,0.2670688197496825,0.2767338528407892,0.2730088051737921,0.0011277016581671129,0.005939985424109617,1.3601881022358575,0.004367032334973049
4,iid,sgd,0.005,1729,axis_0,0.7,5692,32768,0.1737060546875,0.16961782879108833,0.17785220331661644,0.1738272400666594,0.0001211853791593942,0.004209411275571062,0.8744066371516227,0.004814020270115067
4,iid,sgd,0.005,1729,axis_0,0.95,3318,32768,0.10125732421875,0.09801122584609318,0.10457429476701377,0.1012327333519929,2.4590866757101537e-05,0.0033415614150208717,0.6442996273748799,0.005186346961949451
4,iid,sgd,0.005,1729,axis_0,1.2,1806,32768,0.05511474609375,0.05266815760338072,0.0576405640036054,0.05370231816512683,0.0014124279286231722,0.003938245838478571,0.5100705383384466,0.007720982770946537
4,iid,sgd,0.005,1729,axis_3,0.45,7806,32768,0.23822021484375,0.23361591387796507,0.24287096101652417,0.24053995263804717,0.002319737794297172,0.006924038760082102,1.3601881022358575,0.00509050090108895
4,iid,sgd,0.005,1729,axis_3,0.7,4526,32768,0.13812255859375,0.13440373956391272,0.1419056478403488,0.1365409844100126,0.0015815741837373887,0.005364663430336175,0.8744066371516227,0.006135204380208677
4,iid,sgd,0.005,1729,axis_3,0.95,2290,32768,0.06988525390625,0.06714773266470844,0.07269930918973717,0.0684521350827646,0.001433118823485402,0.004247174106972576,0.6442996273748799,0.006591923891493105
4,iid,sgd,0.005,1729,axis_3,1.2,1015,32768,0.030975341796875,0.029125900309985596,0.03290852531363235,0.03013285555817935,0.00084248623869565,0.002775669755453,0.5100705383384466,0.005441737067376479
4,iid,sgd,0.005,1729,mean,0.45,7731,32768,0.235931396484375,0.23134261846216234,0.24056702647788014,0.24014102836435636,0.004209631879981357,0.008798409902194021,1.3601881022358575,0.006468524381099439
4,iid,sgd,0.005,1729,mean,0.7,4383,32768,0.133758544921875,0.1300903050810675,0.13749183479223018,0.13610501592554702,0.0023464710036720238,0.0060147108444795205,0.8744066371516227,0.006878619842219434
4,iid,sgd,0.005,1729,mean,0.95,2202,32768,0.06719970703125,0.06451207741356633,0.06996435876244748,0.06809560300181894,0.0008958959705689384,0.0035835255882526035,0.6442996273748799,0.005561893001324928
4,iid,sgd,0.005,1729,mean,1.2,980,32768,0.0299072265625,0.028089491371881974,0.031808909710905435,0.029900092976545944,7.133585954055555e-06,0.0019088167343594906,0.5100705383384466,0.003742260316734732
4,iid,sgd,0.005,1729,alternating,0.45,7821,32768,0.238677978515625,0.23407059503069375,0.24333172585760016,0.24014102836435636,0.001463049848731357,0.0060704333336626115,1.3601881022358575,0.004462936650955938
4,iid,sgd,0.005,1729,alternating,0.7,4422,32768,0.13494873046875,0.1312665689065526,0.13869572934821836,0.13610501592554702,0.0011562854567970238,0.004838447018994413,0.8744066371516227,0.005533406098969744
4,iid,sgd,0.005,1729,alternating,0.95,2207,32768,0.067352294921875,0.06466179785741112,0.07011978634831711,0.06809560300181894,0.0007433080799439384,0.003433805144407817,0.6442996273748799,0.005329515955795965
4,iid,sgd,0.005,1729,alternating,1.2,1003,32768,0.030609130859375,0.028770491655401426,0.032531582598807854,0.029900092976545944,0.0007090378828290556,0.0026314896222619094,0.5100705383384466,0.005159070019676062
4,iid,linear,0.005,1729,axis_0,0.45,9692,32768,0.2957763671875,0.29083786874902307,0.30075108865616723,0.29720815768556674,0.0014317904980667429,0.006370288936543678,1.3601881022358575,0.0046833882211381565
4,iid,linear,0.005,1729,axis_0,0.7,6741,32768,0.205718994140625,0.2013532580004037,0.2101369541290109,0.2037641352509022,0.001954858889722799,0.006372818878108699,0.8744066371516227,0.007288163890050217
4,iid,linear,0.005,1729,axis_0,0.95,4274,32768,0.13043212890625,0.12680331759980396,0.1341265848961622,0.13049481332680246,6.268442055246126e-05,0.003691495726998506,0.6442996273748799,0.005729470529168322
4,iid,linear,0.005,1729,axis_0,1.2,2559,32768,0.078094482421875,0.07521150999749615,0.08105250107710074,0.07782434558402673,0.00027013683784826714,0.0032281554930740086,0.5100705383384466,0.006328841308085968
4,iid,linear,0.005,1729,axis_3,0.45,8500,32768,0.2593994140625,0.25465995171586037,0.2641815587610908,0.26225914010653817,0.002859726044038169,0.007599188390677802,1.3601881022358575,0.00558686580053624
4,iid,linear,0.005,1729,axis_3,0.7,5341,32768,0.162994384765625,0.15900992031385797,0.1670386809782621,0.16109940308129078,0.0018949816843342182,0.005939277896971323,0.8744066371516227,0.006792352258805474
4,iid,linear,0.005,1729,axis_3,0.95,2943,32768,0.089813232421875,0.08673873085424448,0.09296066485060997,0.08955459636336105,0.0002586360585139502,0.00340606848724892,0.6442996273748799,0.005286466641501144
4,iid,linear,0.005,1729,axis_3,1.2,1525,32768,0.046539306640625,0.04428354392553326,0.04887588028316021,0.04484301088518228,0.0016962957554427227,0.00403286939797793,0.5100705383384466,0.007906493504045521
4,iid,linear,0.005,1729,mean,0.45,8512,32768,0.259765625,0.2550239558834778,0.2645499114203035,0.26246134653937636,0.002695721539376361,0.007437390655898546,1.3601881022358575,0.0054679133302762105
4,iid,linear,0.005,1729,mean,0.7,5193,32768,0.158477783203125,0.154538890505315,0.1624773130116409,0.16133541967928666,0.0028576364761616624,0.006796529173971666,0.8744066371516227,0.007772732828414182
4,iid,linear,0.005,1729,mean,0.95,2888,32768,0.088134765625,0.08508664919639039,0.09125611539037487,0.0897667235307733,0.001631957905773307,0.0046800743343829165,0.6442996273748799,0.007263816608821128
4,iid,linear,0.005,1729,mean,1.2,1478,32768,0.04510498046875,0.04288307847160192,0.04740795963271155,0.044999631262410245,0.00010534920633975542,0.0024083283703013048,0.5100705383384466,0.004721559449691856
4,iid,linear,0.005,1729,alternating,0.45,8590,32768,0.26214599609375,0.25739008764736937,0.26694409904268673,0.26246134653937636,0.00031535044562636116,0.005071258892006991,1.3601881022358575,0.003728351162365653
4,iid,linear,0.005,1729,alternating,0.7,5199,32768,0.158660888671875,0.15472012668087542,0.16266225511924234,0.16133541967928666,0.0026745310074116624,0.006615292998411237,0.8744066371516227,0.007565465216458714
4,iid,linear,0.005,1729,alternating,0.95,2922,32768,0.08917236328125,0.08610789707861255,0.09230987581775152,0.0897667235307733,0.0005943602495233069,0.003658826452160757,0.6442996273748799,0.005678765432580178
4,iid,linear,0.005,1729,alternating,1.2,1464,32768,0.044677734375,0.042466037736068094,0.046970587599308014,0.044999631262410245,0.0003218968874102446,0.002533593526342151,0.5100705383384466,0.004967143435877173
4,iid,contractive,0.005,1729,axis_0,0.45,9254,32768,0.28240966796875,0.2775396901854586,0.28731824179488585,0.2846068247368555,0.0021971567681055015,0.007067134551396903,1.3601881022358575,0.005195703844034549
4,iid,contractive,0.005,1729,axis_0,0.7,6202,32768,0.18927001953125,0.18504111052067715,0.19355407954110626,0.18796029127403735,0.00130972825721265,0.005593788267068911,0.8744066371516227,0.006397239029761555
4,iid,contractive,0.005,1729,axis_0,0.95,3789,32768,0.115631103515625,0.11218762212801825,0.11914287857233055,0.11474657436629188,0.0008845291493331242,0.004396304206038676,0.6442996273748799,0.006823384678881285
4,iid,contractive,0.005,1729,axis_0,1.2,2155,32768,0.065765380859375,0.06310490330506421,0.06850314151668473,0.06452065254973405,0.0012447283096409523,0.0039824889669506786,0.5100705383384466,0.00780772200630059
4,iid,contractive,0.005,1729,axis_3,0.45,10152,32768,0.309814453125,0.3048094681509352,0.3148531694137585,0.3099910034093183,0.00017655028431828867,0.005181535258383108,1.3601881022358575,0.003809425512446238
4,iid,contractive,0.005,1729,axis_3,0.7,7220,32768,0.2203369140625,0.21585893090612263,0.22486452130399875,0.2202460684564681,9.08456060318974e-05,0.004618452847530652,0.8744066371516227,0.005281813576547463
4,iid,contractive,0.005,1729,axis_3,0.95,4830,32768,0.14739990234375,0.14357766968879804,0.15128474855461932,0.14758461028838432,0.00018470794463432139,0.004006940599586284,0.6442996273748799,0.006219063971699121
4,iid,contractive,0.005,1729,axis_3,1.2,3026,32768,0.09234619140625,0.0892324874488761,0.0955323700411887,0.09302821225967983,0.0006820208534298322,0.00379572481080373,0.5100705383384466,0.00744156842143499
4,iid,contractive,0.005,1729,mean,0.45,10434,32768,0.31842041015625,0.3133773470736317,0.3234956772441209,0.3207645286368521,0.00234411848060212,0.007387181563220435,1.3601881022358575,0.005430999985279604
4,iid,contractive,0.005,1729,mean,0.7,7592,32768,0.231689453125,0.2271299355786517,0.23629657657839323,0.23446916634829895,0.002779713223298952,0.007339230769647265,0.8744066371516227,0.008393384105082722
4,iid,contractive,0.005,1729,mean,0.95,5257,32768,0.160430908203125,0.15647217192583301,0.16444993330034716,0.16283987544579825,0.0024089672426732545,0.00636770351996524,0.6442996273748799,0.009883140156249462
4,iid,contractive,0.005,1729,mean,1.2,3464,32768,0.105712890625,0.10240359343559832,0.10909225995678679,0.10721080139375283,0.0014979107687528304,0.004807207958154508,0.5100705383384466,0.00942459443710271
4,iid,contractive,0.005,1729,alternating,0.45,10398,32768,0.31732177734375,0.31228346397925794,0.3223924896804705,0.3207645286368521,0.00344275129310212,0.008481064657594184,1.3601881022358575,0.006235214558672534
4,iid,contractive,0.005,1729,alternating,0.7,7554,32768,0.23052978515625,0.22597837923769182,0.23512900310912196,0.23446916634829895,0.003939381192048952,0.008490787110607134,0.8744066371516227,0.00971034156175421
4,iid,contractive,0.005,1729,alternating,0.95,5215,32768,0.159149169921875,0.15520343223918948,0.1631554249848097,0.16283987544579825,0.0036907055239232545,0.007636443206608778,0.6442996273748799,0.011852316658512645
4,iid,contractive,0.005,1729,alternating,1.2,3391,32768,0.103485107421875,0.10020717190841068,0.10683351500189034,0.10721080139375283,0.0037256939718778304,0.007003629485342153,0.5100705383384466,0.013730707733397927
4,iid,sgd,0.005,2718,axis_0,0.45,9077,32768,0.277008056640625,0.2721672603157916,0.28188840810904714,0.2730088051737921,0.003999251466832887,0.008879602935255027,1.3601881022358575,0.006528216884605051
4,iid,sgd,0.005,2718,axis_0,0.7,5772,32768,0.1761474609375,0.17203640060734088,0.18031600906674383,0.1738272400666594,0.002320220870840606,0.006488769000084438,0.8744066371516227,0.007420768238015194
4,iid,sgd,0.005,2718,axis_0,0.95,3413,32768,0.104156494140625,0.10086905772735824,0.10751428207633407,0.1012327333519929,0.0029237607886321015,0.006281548724341168,0.6442996273748799,0.009749421631570037
4,iid,sgd,0.005,2718,axis_0,1.2,1850,32768,0.05645751953125,0.053982671840716596,0.059011350326328815,0.05370231816512683,0.0027552013661231722,0.0053090321612019875,0.5100705383384466,0.01040842738829054
4,iid,sgd,0.005,2718,axis_3,0.45,7945,32768,0.242462158203125,0.23782957170077168,0.24714043610597247,0.24053995263804717,0.001922205565077828,0.0066004834679253,1.3601881022358575,0.004852625498690601
4,iid,sgd,0.005,2718,axis_3,0.7,4511,32768,0.137664794921875,0.1339512215995443,0.1414427202427193,0.1365409844100126,0.0011238105118623887,0.0049017358327066995,0.8744066371516227,0.005605785254185731
4,iid,sgd,0.005,2718,axis_3,0.95,2384,32768,0.07275390625,0.06996439198184667,0.07561943399217291,0.0684521350827646,0.004301771167235402,0.007167298909408315,0.6442996273748799,0.011124170502178619
4,iid,sgd,0.005,2718,axis_3,1.2,1086,32768,0.03314208984375,0.031230125028993288,0.03513738145737816,0.03013285555817935,0.00300923428557065,0.005004525899198808,0.5100705383384466,0.009811438856086529
4,iid,sgd,0.005,2718,mean,0.45,7983,32768,0.243621826171875,0.23898161510119095,0.24830752258038363,0.24014102836435636,0.003480797807518643,0.008166494216027276,1.3601881022358575,0.006003944750438054
4,iid,sgd,0.005,2718,mean,0.7,4554,32768,0.13897705078125,0.13524847666796125,0.14276974246223323,0.13610501592554702,0.0028720348557029762,0.006664726536686205,0.8744066371516227,0.007621999025986964
4,iid,sgd,0.005,2718,mean,0.95,2309,32768,0.070465087890625,0.0677169514407674,0.07328965309866387,0.06809560300181894,0.0023694848888060616,0.005194050096844927,0.6442996273748799,0.008061544468072175
4,iid,sgd,0.005,2718,mean,1.2,1037,32768,0.031646728515625,0.029777663337316993,0.03359940671771109,0.029900092976545944,0.0017466355390790556,0.003699313741165146,0.5100705383384466,0.0072525532511947275
4,iid,sgd,0.005,2718,alternating,0.45,7944,32768,0.242431640625,0.2377992553926647,0.24710972268061107,0.24014102836435636,0.002290612260643643,0.006968694316254714,1.3601881022358575,0.005123331328071225
4,iid,sgd,0.005,2718,alternating,0.7,4473,32768,0.136505126953125,0.1328049049547575,0.14026990814776527,0.13610501592554702,0.00040011102757797623,0.004164892222218247,0.8744066371516227,0.004763106826116248
4,iid,sgd,0.005,2718,alternating,0.95,2204,32768,0.0672607421875,0.06457196510989269,0.0700265302777058,0.06809560300181894,0.0008348608143189384,0.003523637891926251,0.6442996273748799,0.005468942929988774
4,iid,sgd,0.005,2718,alternating,1.2,967,32768,0.029510498046875,0.02770469698669173,0.03140032378133376,0.029900092976545944,0.00038959492967094445,0.0021953959898542152,0.5100705383384466,0.004304102716862871
4,iid,linear,0.005,2718,axis_0,0.45,9897,32768,0.302032470703125,0.2970636625625072,0.30703639137745425,0.29720815768556674,0.004824313017558257,0.009828233691887511,1.3601881022358575,0.0072256430384385825
4,iid,linear,0.005,2718,axis_0,0.7,6775,32768,0.206756591796875,0.20238260728758697,0.21118261557549015,0.2037641352509022,0.002992456545972799,0.007418480324587945,0.8744066371516227,0.008484016485457642
4,iid,linear,0.005,2718,axis_0,0.95,4382,32768,0.13372802734375,0.13006014574385313,0.13746096442772063,0.13049481332680246,0.0032332140169475387,0.0069661511009181665,0.6442996273748799,0.01081197443695707
4,iid,linear,0.005,2718,axis_0,1.2,2655,32768,0.081024169921875,0.07809165235375676,0.08403120404819099,0.07782434558402673,0.003199824337848267,0.006206858464164258,0.5100705383384466,0.012168627665465805
4,iid,linear,0.005,2718,axis_3,0.45,8664,32768,0.264404296875,0.259635046004945,0.26921534114719925,0.26225914010653817,0.002145156768461831,0.006956201040661081,1.3601881022358575,0.005114146366393426
4,iid,linear,0.005,2718,axis_3,0.7,5306,32768,0.16192626953125,0.15795248186474584,0.1659600793900646,0.16109940308129078,0.0008268664499592182,0.00486067630877382,0.8744066371516227,0.0055588282410658045
4,iid,linear,0.005,2718,axis_3,0.95,3021,32768,0.092193603515625,0.08908224062059901,0.09537746855997327,0.08955459636336105,0.0026390071522639502,0.005822872196612219,0.6442996273748799,0.009037522216700327
4,iid,linear,0.005,2718,axis_3,1.2,1591,32768,0.048553466796875,0.046251155282138585,0.05093621629405944,0.04484301088518228,0.0037104559116927227,0.006093205408877166,0.5100705383384466,0.011945809355556518
4,iid,linear,0.005,2718,mean,0.45,8743,32768,0.266815185546875,0.26203186832077074,0.2716398679929427,0.26246134653937636,0.004353839007498639,0.009178521453566346,1.3601881022358575,0.006747979517302663
4,iid,linear,0.005,2718,mean,0.7,5397,32768,0.164703369140625,0.16070194910252683,0.1687643162778794,0.16133541967928666,0.0033679494613383376,0.007428896598592749,0.8744066371516227,0.008495928876743617
4,iid,linear,0.005,2718,mean,0.95,3057,32768,0.093292236328125,0.09016407553151948,0.09649270150285438,0.0897667235307733,0.003525512797351693,0.006725977972081076,0.6442996273748799,0.010439208229073873
4,iid,linear,0.005,2718,mean,1.2,1539,32768,0.046966552734375,0.04470082023377887,0.04931301696571614,0.044999631262410245,0.0019669214719647554,0.004313385703305896,0.5100705383384466,0.00845644941061826
4,iid,linear,0.005,2718,alternating,0.45,8689,32768,0.265167236328125,0.2603935143177489,0.2699826162377866,0.26246134653937636,0.002705889788748639,0.007521269698410216,1.3601881022358575,0.005529580567604482
4,iid,linear,0.005,2718,alternating,0.7,5258,32768,0.16046142578125,0.1565023811135128,0.1644807538272593,0.16133541967928666,0.0008739938980366624,0.004833038565773856,0.8744066371516227,0.005527220815154682
4,iid,linear,0.005,2718,alternating,0.95,2940,32768,0.0897216796875,0.08664860882040541,0.09286769791046973,0.0897667235307733,4.5043843273306905e-05,0.0031181147103678947,0.6442996273748799,0.004839541383986627
4,iid,linear,0.005,2718,alternating,1.2,1441,32768,0.043975830078125,0.041781021409527976,0.046251925923675205,0.044999631262410245,0.0010238011842852446,0.003218609852882269,0.5100705383384466,0.006310126954924473
4,iid,contractive,0.005,2718,axis_0,0.45,9468,32768,0.2889404296875,0.28403632511430915,0.29388197082563466,0.2846068247368555,0.0043336049506444985,0.009275146088779163,1.3601881022358575,0.006819017217936851
4,iid,contractive,0.005,2718,axis_0,0.7,6256,32768,0.19091796875,0.18667482152608153,0.19521597362125198,0.18796029127403735,0.00295767747596265,0.0072556823472146315,0.8744066371516227,0.008297835399385802
4,iid,contractive,0.005,2718,axis_0,0.95,3881,32768,0.118438720703125,0.11495877562903378,0.12198645653528323,0.11474657436629188,0.003692146336833124,0.007239882168991352,0.6442996273748799,0.011236825013370514
4,iid,contractive,0.005,2718,axis_0,1.2,2207,32768,0.067352294921875,0.06466179785741112,0.07011978634831711,0.06452065254973405,0.0028316423721409523,0.005599133798583067,0.5100705383384466,0.010977175464441115
4,iid,contractive,0.005,2718,axis_3,0.45,10254,32768,0.31292724609375,0.3079082565343904,0.31797941451844275,0.3099910034093183,0.0029362426844317113,0.00798841110912446,1.3601881022358575,0.005873019397826834
4,iid,contractive,0.005,2718,axis_3,0.7,7298,32768,0.22271728515625,0.2182218089046022,0.22726196226948914,0.2202460684564681,0.0024712166997818974,0.007015893813021035,0.8744066371516227,0.008023605396998462
4,iid,contractive,0.005,2718,axis_3,0.95,4875,32768,0.148773193359375,0.14493610736226245,0.15267264780187353,0.14758461028838432,0.0011885830709906786,0.005088037513489213,0.6442996273748799,0.007897005208927095
4,iid,contractive,0.005,2718,axis_3,1.2,3086,32768,0.09417724609375,0.09103565033642039,0.09739098695582396,0.09302821225967983,0.0011490338340701678,0.004362774696144128,0.5100705383384466,0.008553277180752009
4,iid,contractive,0.005,2718,mean,0.45,10710,32768,0.32684326171875,0.3217648511817878,0.3319523815941812,0.3207645286368521,0.00607873308189788,0.011187852957329103,1.3601881022358575,0.008225224833931918
4,iid,contractive,0.005,2718,mean,0.7,7808,32768,0.23828125,0.23367653760806317,0.24293239675221115,0.23446916634829895,0.003812083651701048,0.008463230403912197,0.8744066371516227,0.00967882681160924
4,iid,contractive,0.005,2718,mean,0.95,5448,32768,0.166259765625,0.16224303873835838,0.17033574218097786,0.16283987544579825,0.0034198901792017455,0.0074958667351796016,0.6442996273748799,0.0116341317248942
4,iid,contractive,0.005,2718,mean,1.2,3595,32768,0.109710693359375,0.10634626764448546,0.11314447397848862,0.10721080139375283,0.0024998919656221696,0.0059336725847357885,0.5100705383384466,0.011633043155295168
4,iid,contractive,0.005,2718,alternating,0.45,10588,32768,0.3231201171875,0.318057099543466,0.3282145048389074,0.3207645286368521,0.00235558855064788,0.007449976202055286,1.3601881022358575,0.005477166128573779
4,iid,contractive,0.005,2718,alternating,0.7,7734,32768,0.23602294921875,0.23143354673402303,0.24065918740372633,0.23446916634829895,0.0015537828704510481,0.006190021055427375,0.8744066371516227,0.007079110327423122
4,iid,contractive,0.005,2718,alternating,0.95,5312,32768,0.162109375,0.15813375265396867,0.1661449868919617,0.16283987544579825,0.0007305004457982545,0.004706122791829581,0.6442996273748799,0.0073042457140695604
4,iid,contractive,0.005,2718,alternating,1.2,3434,32768,0.10479736328125,0.1015008977675732,0.10816406526795352,0.10721080139375283,0.0024134381125028304,0.005709903626179624,0.5100705383384466,0.011194341168536454
4,iid,sgd,0.005,3141,axis_0,0.45,8875,32768,0.270843505859375,0.2660370903174344,0.2756905712215087,0.2730088051737921,0.002165299314417113,0.006971714856357725,1.3601881022358575,0.005125552006298041
4,iid,sgd,0.005,3141,axis_0,0.7,5693,32768,0.173736572265625,0.1696480591178229,0.1778830027090873,0.1738272400666594,9.06678010343942e-05,0.004179180948836486,0.8744066371516227,0.0047794478807367665
4,iid,sgd,0.005,3141,axis_0,0.95,3319,32768,0.101287841796875,0.09804130402544062,0.10460524626167643,0.1012327333519929,5.510844488210154e-05,0.003372512909683531,0.6442996273748799,0.00523438593845603
4,iid,sgd,0.005,3141,axis_0,1.2,1776,32768,0.05419921875,0.051772132547576434,0.05670570249530939,0.05370231816512683,0.0004969005848731722,0.0030033843301825597,0.5100705383384466,0.005888174486544696
4,iid,sgd,0.005,3141,axis_3,0.45,7842,32768,0.23931884765625,0.2347071609431136,0.24397678433811737,0.24053995263804717,0.001221104981797172,0.005832791694933559,1.3601881022358575,0.004288224316435132
4,iid,sgd,0.005,3141,axis_3,0.7,4519,32768,0.137908935546875,0.13419256279183858,0.1416896166830129,0.1365409844100126,0.0013679511368623887,0.005148632273000275,0.8744066371516227,0.0058881440902277815
4,iid,sgd,0.005,3141,axis_3,0.95,2266,32768,0.06915283203125,0.066428798052341,0.0719535330893865,0.0684521350827646,0.000700696948485402,0.0035013980066219003,0.6442996273748799,0.005434425006402562
4,iid,sgd,0.005,3141,axis_3,1.2,1048,32768,0.031982421875,0.030103630603211966,0.033944761786470753,0.03013285555817935,0.00184956631682065,0.0038119062282914035,0.5100705383384466,0.0074732923032737346
4,iid,sgd,0.005,3141,mean,0.45,7836,32768,0.2391357421875,0.23452528350594248,0.24379248337711507,0.24014102836435636,0.001005286176856357,0.005615744858413874,1.3601881022358575,0.004128653124654446
4,iid,sgd,0.005,3141,mean,0.7,4464,32768,0.13623046875,0.13253342204681537,0.13999212372629075,0.13610501592554702,0.00012545282445297623,0.003887107800743722,0.8744066371516227,0.0044454234855832815
4,iid,sgd,0.005,3141,mean,0.95,2281,32768,0.069610595703125,0.06687812184762636,0.07241965348330504,0.06809560300181894,0.0015149927013060616,0.004324050481486097,0.6442996273748799,0.006711241630084301
4,iid,sgd,0.005,3141,mean,1.2,948,32768,0.0289306640625,0.02714246383567782,0.030803001323763905,0.029900092976545944,0.0009694289140459444,0.0027576291408681237,0.5100705383384466,0.005406368205172353
4,iid,sgd,0.005,3141,alternating,0.45,7892,32768,0.2408447265625,0.23622285160264228,0.24551258033593917,0.24014102836435636,0.000703698198143643,0.005371551971582816,1.3601881022358575,0.003949124362103401
4,iid,sgd,0.005,3141,alternating,0.7,4493,32768,0.137115478515625,0.13340821835248381,0.1408871888204717,0.13610501592554702,0.0010104625900779762,0.004782172894924663,0.8744066371516227,0.005469049172022045
4,iid,sgd,0.005,3141,alternating,0.95,2263,32768,0.069061279296875,0.0663389374510259,0.07186030485538365,0.06809560300181894,0.0009656762950560616,0.003764701853564714,0.6442996273748799,0.005843091775333678
4,iid,sgd,0.005,3141,alternating,1.2,1001,32768,0.030548095703125,0.028711263752952975,0.03246875194948446,0.029900092976545944,0.0006480027265790556,0.002568658972938516,0.5100705383384466,0.005035889705188454
4,iid,linear,0.005,3141,axis_0,0.45,9669,32768,0.295074462890625,0.2901394342090085,0.30004583920082706,0.29720815768556674,0.002133694794941743,0.007068723476558236,1.3601881022358575,0.005196872009789507
4,iid,linear,0.005,3141,axis_0,0.7,6582,32768,0.20086669921875,0.19654012602577842,0.20524635953507278,0.2037641352509022,0.002897436032152201,0.007224009225123784,0.8744066371516227,0.00826161298209718
4,iid,linear,0.005,3141,axis_0,0.95,4276,32768,0.1304931640625,0.12686362231165363,0.13418833958368112,0.13049481332680246,1.6492643024612619e-06,0.0036935262568786598,0.6442996273748799,0.005732622059595908
4,iid,linear,0.005,3141,axis_0,1.2,2566,32768,0.07830810546875,0.075421480457699,0.08126973806773163,0.07782434558402673,0.00048375988472326714,0.003445392483704901,0.5100705383384466,0.0067547372858041506
4,iid,linear,0.005,3141,axis_3,0.45,8512,32768,0.259765625,0.2550239558834778,0.2645499114203035,0.26225914010653817,0.002493515106538169,0.007235184223060354,1.3601881022358575,0.005319252690982418
4,iid,linear,0.005,3141,axis_3,0.7,5302,32768,0.16180419921875,0.15783163568030636,0.16583680671398615,0.16109940308129078,0.0007047961374592182,0.0047374036326953695,0.8744066371516227,0.005417849580976935
4,iid,linear,0.005,3141,axis_3,0.95,2945,32768,0.089874267578125,0.08679881274953131,0.09302264227155531,0.08955459636336105,0.0003196712147639502,0.003468045908194259,0.6442996273748799,0.0053826601178156635
4,iid,linear,0.005,3141,axis_3,1.2,1491,32768,0.045501708984375,0.043270380102141404,0.04781404133502329,0.04484301088518228,0.0006586980991927227,0.002971030449841011,0.5100705383384466,0.005824744278544561
4,iid,linear,0.005,3141,mean,0.45,8552,32768,0.260986328125,0.2562373341681736,0.26577772256190996,0.26246134653937636,0.0014750184143763612,0.006224012371202736,1.3601881022358575,0.004575846797197972
4,iid,linear,0.005,3141,mean,0.7,5275,32768,0.160980224609375,0.15701594509516584,0.16500469499544151,0.16133541967928666,0.0003551950699116624,0.004319474584120825,0.8744066371516227,0.004939892265904456
4,iid,linear,0.005,3141,mean,0.95,3009,32768,0.091827392578125,0.08872165886405904,0.09500569437844619,0.0897667235307733,0.002060669047351693,0.005238970847672886,0.6442996273748799,0.008131264748698417
4,iid,linear,0.005,3141,mean,1.2,1471,32768,0.044891357421875,0.042674551146225745,0.04718928056692646,0.044999631262410245,0.00010827384053524458,0.0023250801161844997,0.5100705383384466,0.004558350152428803
4,iid,linear,0.005,3141,alternating,0.45,8660,32768,0.2642822265625,0.2595136927781387,0.26909257542964954,0.26246134653937636,0.0018208800231236388,0.0066312288902731775,1.3601881022358575,0.004875229300545167
4,iid,linear,0.005,3141,alternating,0.7,5313,32768,0.162139892578125,0.1581639646284911,0.1661758046326672,0.16133541967928666,0.0008044728988383376,0.004840384953380544,0.8744066371516227,0.005535622384052442
4,iid,linear,0.005,3141,alternating,0.95,2962,32768,0.09039306640625,0.08730952622343711,0.09354943299352367,0.0897667235307733,0.0006263428754766931,0.003782709462750361,0.6442996273748799,0.005871040897792458
4,iid,linear,0.005,3141,alternating,1.2,1486,32768,0.04534912109375,0.04312141233325238,0.04765786166286363,0.044999631262410245,0.0003494898313397554,0.0026582304004533833,0.5100705383384466,0.0052114956670749136
4,iid,contractive,0.005,3141,axis_0,0.45,9276,32768,0.2830810546875,0.27820751062802274,0.2879930755855773,0.2846068247368555,0.0015257700493555015,0.006399314108832765,1.3601881022358575,0.004704727308166911
4,iid,contractive,0.005,3141,axis_0,0.7,6087,32768,0.185760498046875,0.18156232026044078,0.19001445163944333,0.18796029127403735,0.00219979322716235,0.006397971013596571,0.8744066371516227,0.007316928693997502
4,iid,contractive,0.005,3141,axis_0,0.95,3769,32768,0.115020751953125,0.11158528309407133,0.11852462383884405,0.11474657436629188,0.0002741775868331242,0.0037780494725521696,0.6442996273748799,0.005863808253227416
4,iid,contractive,0.005,3141,axis_0,1.2,2152,32768,0.065673828125,0.06301509598056274,0.06840986003917587,0.06452065254973405,0.0011531755752659523,0.003889207489441826,0.5100705383384466,0.007624842442598054
4,iid,contractive,0.005,3141,axis_3,0.45,10069,32768,0.307281494140625,0.3022881006890928,0.31230906846483225,0.3099910034093183,0.0027095092686932887,0.007702902720225502,1.3601881022358575,0.005663115790796569
4,iid,contractive,0.005,3141,axis_3,0.7,7219,32768,0.220306396484375,0.21582863899161686,0.22483378348840302,0.2202460684564681,6.03280279068974e-05,0.004587715031934919,0.8744066371516227,0.0052466608063262065
4,iid,contractive,0.005,3141,axis_3,0.95,4809,32768,0.146759033203125,0.14294377124085175,0.15063702311620894,0.14758461028838432,0.0008255770852593214,0.004640839047532569,0.6442996273748799,0.007202920582836747
4,iid,contractive,0.005,3141,axis_3,1.2,3057,32768,0.093292236328125,0.09016407553151948,0.09649270150285438,0.09302821225967983,0.0002640240684451678,0.003464489243174551,0.5100705383384466,0.006792176733947652
4,iid,contractive,0.005,3141,mean,0.45,10443,32768,0.318695068359375,0.31365082289955537,0.3237714690830898,0.3207645286368521,0.00206946027747712,0.007113705737296749,1.3601881022358575,0.005229942627496405
4,iid,contractive,0.005,3141,mean,0.7,7596,32768,0.2318115234375,0.22725115485946865,0.23641947622535914,0.23446916634829895,0.002657642910798952,0.007218011488830306,0.8744066371516227,0.0082547537749061
4,iid,contractive,0.005,3141,mean,0.95,5252,32768,0.1602783203125,0.15632112675261828,0.16429582990078256,0.16283987544579825,0.0025615551332982545,0.0065187486931799765,0.6442996273748799,0.010117573278351598
4,iid,contractive,0.005,3141,mean,1.2,3466,32768,0.10577392578125,0.10246377593206198,0.1091541368185074,0.10721080139375283,0.0014368756125028304,0.004747025461690854,0.5100705383384466,0.009306605861131044
4,iid,contractive,0.005,3141,alternating,0.45,10532,32768,0.3214111328125,0.3163553033917771,0.32649863550745806,0.3207645286368521,0.0006466041756478802,0.005734106870605937,1.3601881022358575,0.004215671980353523
4,iid,contractive,0.005,3141,alternating,0.7,7680,32768,0.234375,0.22979688329125236,0.23900024529386113,0.23446916634829895,9.416634829895187e-05,0.004672283057046589,0.8744066371516227,0.005343375562960659
4,iid,contractive,0.005,3141,alternating,0.95,5341,32768,0.162994384765625,0.15900992031385797,0.1670386809782621,0.16283987544579825,0.00015450931982674554,0.004198805532463851,0.6442996273748799,0.006516852337120496
4,iid,contractive,0.005,3141,alternating,1.2,3468,32768,0.1058349609375,0.1025239587751752,0.10921601333370919,0.10721080139375283,0.0013758404562528304,0.00468684261857763,0.5100705383384466,0.009188616605548337
4,iid,sgd,0.005,5772,axis_0,0.45,8797,32768,0.268463134765625,0.26367030728126306,0.273297034799865,0.2730088051737921,0.004545670408167113,0.009338497892529052,1.3601881022358575,0.006865592984660404
4,iid,sgd,0.005,5772,axis_0,0.7,5632,32768,0.171875,0.16780409437310764,0.1760041546000277,0.1738272400666594,0.0019522400666593942,0.006023145693551751,0.8744066371516227,0.00688826621121282
4,iid,sgd,0.005,5772,axis_0,0.95,3259,32768,0.099456787109375,0.09623677707618049,0.10274799283604842,0.1012327333519929,0.0017759462426178985,0.00499595627581241,0.6442996273748799,0.007754088414062606
4,iid,sgd,0.005,5772,axis_0,1.2,1749,32768,0.053375244140625,0.05096587703249436,0.05586416023441064,0.05370231816512683,0.00032707402450182776,0.0027364411326324667,0.5100705383384466,0.0053648288363143184
4,iid,sgd,0.005,5772,axis_3,0.45,7821,32768,0.238677978515625,0.23407059503069375,0.24333172585760016,0.24053995263804717,0.001861974122422172,0.0064693576073534265,1.3601881022358575,0.004756222758248796
4,iid,sgd,0.005,5772,axis_3,0.7,4491,32768,0.137054443359375,0.13334788589540683,0.14082546187019304,0.1365409844100126,0.0005134589493623887,0.00428447746018043,0.8744066371516227,0.00489986841149457
4,iid,sgd,0.005,5772,axis_3,0.95,2214,32768,0.06756591796875,0.06487141320161569,0.07033737824991634,0.0684521350827646,0.000886217114014598,0.0035807218811489128,0.6442996273748799,0.005557541443471148
4,iid,sgd,0.005,5772,axis_3,1.2,983,32768,0.029998779296875,0.028178302382821815,0.03190318648299782,0.03013285555817935,0.00013407626130435002,0.0019545531753575353,0.5100705383384466,0.0038319272109392693
4,iid,sgd,0.005,5772,mean,0.45,7838,32768,0.23919677734375,0.2345859091884566,0.24385391716064214,0.24014102836435636,0.000944251020606357,0.005555119175899764,1.3601881022358575,0.004084081581634437
4,iid,sgd,0.005,5772,mean,0.7,4519,32768,0.137908935546875,0.13419256279183858,0.1416896166830129,0.13610501592554702,0.0018039196213279762,0.005584600757465863,0.8744066371516227,0.00638673189359322
4,iid,sgd,0.005,5772,mean,0.95,2251,32768,0.068695068359375,0.06597950899011772,0.07148737798351971,0.06809560300181894,0.0005994653575560616,0.0033917749817007764,0.6442996273748799,0.005264282078697064
4,iid,sgd,0.005,5772,mean,1.2,1002,32768,0.03057861328125,0.02874087745716192,0.032500167520807845,0.029900092976545944,0.0006785203047040556,0.0026000745442619003,0.5100705383384466,0.005097480346015741
4,iid,sgd,0.005,5772,alternating,0.45,7773,32768,0.237213134765625,0.23261564118879147,0.24185725252273163,0.24014102836435636,0.002927893598731357,0.0075253871755648905,1.3601881022358575,0.005532607705650981
4,iid,sgd,0.005,5772,alternating,0.7,4378,32768,0.13360595703125,0.12993950903454507,0.1373374823303176,0.13610501592554702,0.0024990588942970238,0.006165506891001954,0.8744066371516227,0.007051075128027477
4,iid,sgd,0.005,5772,alternating,0.95,2172,32768,0.0662841796875,0.06361383953495651,0.06903170851615001,0.06809560300181894,0.0018114233143189384,0.0044817634668624234,0.6442996273748799,0.006956023682836541
4,iid,sgd,0.005,5772,alternating,1.2,957,32768,0.029205322265625,0.02740876104582245,0.031085967260994878,0.029900092976545944,0.0006947707109209444,0.002491331930723494,0.5100705383384466,0.004884289021747857
4,iid,linear,0.005,5772,axis_0,0.45,9584,32768,0.29248046875,0.2875583852795002,0.2974393603324445,0.29720815768556674,0.004727688935566743,0.00964977240606657,1.3601881022358575,0.0070944396515484984
4,iid,linear,0.005,5772,axis_0,0.7,6598,32768,0.20135498046875,0.19702442194747932,0.2057385392354636,0.2037641352509022,0.002409154782152201,0.0067397133034228784,0.8744066371516227,0.007707756342492409
4,iid,linear,0.005,5772,axis_0,0.95,4210,32768,0.12847900390625,0.12487370707601585,0.1321502946820218,0.13049481332680246,0.0020158094205524613,0.005621106250786614,0.6442996273748799,0.008724366757263426
4,iid,linear,0.005,5772,axis_0,1.2,2530,32768,0.07720947265625,0.0743417007694985,0.08015245090246584,0.07782434558402673,0.0006148729277767329,0.0034826448145282296,0.5100705383384466,0.006827770970409182
4,iid,linear,0.005,5772,axis_3,0.45,8461,32768,0.258209228515625,0.25347696797491365,0.26298438281824577,0.26225914010653817,0.004049911590913169,0.008782172131624522,1.3601881022358575,0.006456586495050585
4,iid,linear,0.005,5772,axis_3,0.7,5291,32768,0.161468505859375,0.1574993128392978,0.165497802689515,0.16109940308129078,0.0003691027780842182,0.004398399608224218,0.8744066371516227,0.00503015350221036
4,iid,linear,0.005,5772,axis_3,0.95,2885,32768,0.088043212890625,0.08499654520077035,0.0911631304203372,0.08955459636336105,0.0015113834727360498,0.004558051162590698,0.6442996273748799,0.007074427749030247
4,iid,linear,0.005,5772,axis_3,1.2,1423,32768,0.043426513671875,0.04124502942774864,0.04568938740084311,0.04484301088518228,0.0014164972133072773,0.0035979814574336397,0.5100705383384466,0.007053889975990486
4,iid,linear,0.005,5772,mean,0.45,8510,32768,0.25970458984375,0.25496328822308284,0.26448851960952596,0.26246134653937636,0.002756756695626361,0.007498058316293521,1.3601881022358575,0.005512515735116578
4,iid,linear,0.005,5772,mean,0.7,5273,32768,0.160919189453125,0.1569555250403111,0.1649430556207286,0.16133541967928666,0.0004162302261616624,0.004379894638975562,0.8744066371516227,0.005008990614759121
4,iid,linear,0.005,5772,mean,0.95,2943,32768,0.089813232421875,0.08673873085424448,0.09296066485060997,0.0897667235307733,4.6508891101693095e-05,0.003193941319836663,0.6442996273748799,0.004957229810686041
4,iid,linear,0.005,5772,mean,1.2,1494,32768,0.04559326171875,0.04335976410826355,0.04790774579670416,0.044999631262410245,0.0005936304563397554,0.002908114534293918,0.5100705383384466,0.005701396798503778
4,iid,linear,0.005,5772,alternating,0.45,8529,32768,0.260284423828125,0.25553963582236155,0.2650717369869368,0.26246134653937636,0.002176922711251361,0.006921710717014806,1.3601881022358575,0.005088789341442554
4,iid,linear,0.005,5772,alternating,0.7,5149,32768,0.157135009765625,0.15320988232556873,0.16112101379489382,0.16133541967928666,0.004200409913661662,0.008125537353717932,0.8744066371516227,0.009292630005859571
4,iid,linear,0.005,5772,alternating,0.95,2903,32768,0.088592529296875,0.08553718408458828,0.09172102533740235,0.0897667235307733,0.001174194233898307,0.004229539446185024,0.6442996273748799,0.006564553612141242
4,iid,linear,0.005,5772,alternating,1.2,1422,32768,0.04339599609375,0.04121525490840438,0.045658132450498684,0.044999631262410245,0.0016036351686602446,0.0037843763540058653,0.5100705383384466,0.007419319622602514
4,iid,contractive,0.005,5772,axis_0,0.45,9168,32768,0.27978515625,0.27492924795819773,0.28468012657752195,0.2846068247368555,0.0048216684868555015,0.00967757677865777,1.3601881022358575,0.007114881215877355
4,iid,contractive,0.005,5772,axis_0,0.7,6078,32768,0.18548583984375,0.18129009086361134,0.18973741353241275,0.18796029127403735,0.00247445143028735,0.006670200410426014,0.8744066371516227,0.007628259126845347
4,iid,contractive,0.005,5772,axis_0,0.95,3678,32768,0.11224365234375,0.10884503580087296,0.11571116962729075,0.11474657436629188,0.002502922022541876,0.005901538565418918,0.6442996273748799,0.009159618156949765
4,iid,contractive,0.005,5772,axis_0,1.2,2099,32768,0.064056396484375,0.06142874875768949,0.06676163858781563,0.06452065254973405,0.00046425606535904773,0.003091903792044555,0.5100705383384466,0.006061718055930898
4,iid,contractive,0.005,5772,axis_3,0.45,10039,32768,0.306365966796875,0.3013768064974593,0.31138947046337584,0.3099910034093183,0.0036250366124432887,0.008614196911858996,1.3601881022358575,0.0063330923845746805
4,iid,contractive,0.005,5772,axis_3,0.7,7139,32768,0.217864990234375,0.21340540101265118,0.22237464307643093,0.2202460684564681,0.0023810782220931026,0.006840667443816922,0.8744066371516227,0.007823210795952303
4,iid,contractive,0.005,5772,axis_3,0.95,4756,32768,0.1451416015625,0.14134404417451354,0.1490021756410399,0.14758461028838432,0.0024430087258843214,0.006240566113870777,0.6442996273748799,0.009685813631923397
4,iid,contractive,0.005,5772,axis_3,1.2,2904,32768,0.088623046875,0.08556722062474748,0.09175201845333288,0.09302821225967983,0.004405165384679832,0.007460991634932357,0.5100705383384466,0.014627372243918491
4,iid,contractive,0.005,5772,mean,0.45,10341,32768,0.315582275390625,0.31055154871619867,0.3206457097401036,0.3207645286368521,0.00518225324622712,0.010212979920653453,1.3601881022358575,0.007508505554390238
4,iid,contractive,0.005,5772,mean,0.7,7521,32768,0.229522705078125,0.22497838298774253,0.23411501821355496,0.23446916634829895,0.004946461270173952,0.00949078336055642,0.8744066371516227,0.010853969946377148
4,iid,contractive,0.005,5772,mean,0.95,5227,32768,0.159515380859375,0.1555659200619495,0.16352529373196906,0.16283987544579825,0.0033244945864232545,0.007273955383848757,0.6442996273748799,0.011289709127235724
4,iid,contractive,0.005,5772,mean,1.2,3437,32768,0.104888916015625,0.10159116379618476,0.10825688827367697,0.10721080139375283,0.0023218853781278304,0.005619637597568075,0.5100705383384466,0.011017373432063002
4,iid,contractive,0.005,5772,alternating,0.45,10410,32768,0.31768798828125,0.3126480880815783,0.3227602224638829,0.3207645286368521,0.00307654035560212,0.00811644055527383,1.3601881022358575,0.005967145677816283
4,iid,contractive,0.005,5772,alternating,0.7,7522,32768,0.22955322265625,0.22500868536290075,0.23414574557000253,0.23446916634829895,0.004915943692048952,0.0094604809853982,0.8744066371516227,0.010819315160067509
4,iid,contractive,0.005,5772,alternating,0.95,5205,32768,0.158843994140625,0.154901364717236,0.16284719536647846,0.16283987544579825,0.0039958813051732545,0.007938510728562248,0.6442996273748799,0.012321147477465943
4,iid,contractive,0.005,5772,alternating,1.2,3457,32768,0.105499267578125,0.10219295743167006,0.1088756882081092,0.10721080139375283,0.0017115338156278304,0.005017843962082769,0.5100705383384466,0.009837549093559455
