claim,noise,model,alpha,seed,direction,threshold,exceedances,sample_size,empirical_tail,empirical_tail_cp95_low,empirical_tail_cp95_high,gaussian_tail,gap,gap_upper95,theorem_rate,normalized_upper
5,markov,sgd,0.08,1729,axis_0,0.45,11400,32768,0.347900390625,0.34274167613369394,0.353086078349834,0.37247556690636774,0.02457517628136774,0.0297338907726738,1.8782496983989507,0.015830637852900724
5,markov,sgd,0.08,1729,axis_0,0.7,9542,32768,0.29119873046875,0.2862831147815351,0.29615138180736933,0.30641843457937845,0.015219704110628451,0.020135319797843332,1.2074462346850399,0.016675955599046274
5,markov,sgd,0.08,1729,axis_0,0.95,7816,32768,0.238525390625,0.23391903383212317,0.2431781383914616,0.24611934532395208,0.007593954698952077,0.012200311491828902,0.8896972255573977,0.013712880226399913
5,markov,sgd,0.08,1729,axis_0,1.2,6279,32768,0.191619873046875,0.187370698237977,0.19592378056363832,0.19284038841101792,0.0012205153641429156,0.005469690173040914,0.7043436368996066,0.007765655692039048
5,markov,sgd,0.08,1729,axis_3,0.45,10772,32768,0.3287353515625,0.32364925793927257,0.33385181878449105,0.3521093892282766,0.023374037665776615,0.028460131289004043,1.8782496983989507,0.015152474835089233
5,markov,sgd,0.08,1729,axis_3,0.7,8654,32768,0.26409912109375,0.25933166382005685,0.2689084259712969,0.2774149081187677,0.013315787025017678,0.018083244298710832,1.2074462346850399,0.014976438518960484
5,markov,sgd,0.08,1729,axis_3,0.95,6776,32768,0.206787109375,0.20241288293200937,0.21121336965863646,0.21143708379782966,0.004649974422829661,0.009024200865820287,0.8896972255573977,0.010143002143416374
5,markov,sgd,0.08,1729,axis_3,1.2,5169,32768,0.157745361328125,0.15381396446351794,0.1617375259251482,0.15568504022228957,0.0020603211058354276,0.006052485702858629,0.7043436368996066,0.008593086365485713
5,markov,sgd,0.08,1729,mean,0.45,11131,32768,0.339691162109375,0.3345624060748878,0.34484834782782464,0.35185295863554567,0.012161796526170665,0.017290552560657868,1.8782496983989507,0.009205673013229606
5,markov,sgd,0.08,1729,mean,0.7,8681,32768,0.264923095703125,0.2601508024622935,0.26973709020393777,0.27705487468688905,0.012131778983764052,0.016904072224595557,1.2074462346850399,0.013999855015494708
5,markov,sgd,0.08,1729,mean,0.95,6532,32768,0.1993408203125,0.19502676607260327,0.20370823318024295,0.21101528766159028,0.011674467349090278,0.015988521588987004,0.8896972255573977,0.01797074457433556
5,markov,sgd,0.08,1729,mean,1.2,4712,32768,0.143798828125,0.14001609187165828,0.14764482080937283,0.15524515316610832,0.011446325041108318,0.015229061294450036,0.7043436368996066,0.0216216353731619
5,markov,sgd,0.08,1729,alternating,0.45,11295,32768,0.344696044921875,0.339548821821002,0.34987080974647283,0.35185295863554567,0.007156913713670665,0.012304136814543676,1.8782496983989507,0.006550852543744271
5,markov,sgd,0.08,1729,alternating,0.7,8797,32768,0.268463134765625,0.26367030728126306,0.273297034799865,0.27705487468688905,0.008591739921264052,0.013384567405625991,1.2074462346850399,0.011085021445379165
5,markov,sgd,0.08,1729,alternating,0.95,6584,32768,0.200927734375,0.1966006624677826,0.2053078825457368,0.21101528766159028,0.010087553286590278,0.014414625193807679,0.8896972255573977,0.016201719843261145
5,markov,sgd,0.08,1729,alternating,1.2,4686,32768,0.14300537109375,0.13923144580143196,0.14684269449587314,0.15524515316610832,0.012239782072358318,0.01601370736467636,0.7043436368996066,0.022735645678813553
5,markov,linear,0.08,1729,axis_0,0.45,11906,32768,0.36334228515625,0.3581317708785146,0.36857703329813607,0.38709788713505733,0.023755601978807328,0.028966116256542718,1.8782496983989507,0.015421866582081119
5,markov,linear,0.08,1729,axis_0,0.7,10191,32768,0.311004638671875,0.30599426780264577,0.31604852962265495,0.3276993408271379,0.01669470215526292,0.02170507302449215,1.2074462346850399,0.01797601615789864
5,markov,linear,0.08,1729,axis_0,0.95,8595,32768,0.262298583984375,0.2575417689262472,0.26709756644311117,0.2723706743188794,0.010072090334504402,0.014828905392632208,0.8896972255573977,0.0166673616221989
5,markov,linear,0.08,1729,axis_0,1.2,7083,32768,0.216156005859375,0.21170927073711476,0.22065310849885095,0.22212306122319458,0.0059670553638195845,0.010413790486079821,0.7043436368996066,0.01478509911996855
5,markov,linear,0.08,1729,axis_3,0.45,11187,32768,0.341400146484375,0.3362650132032094,0.3465634062389897,0.365836716895382,0.024436570411006997,0.029571703692172602,1.8782496983989507,0.015744287736279144
5,markov,linear,0.08,1729,axis_3,0.7,9228,32768,0.2816162109375,0.2767504650888481,0.2865206937084279,0.29687817417562234,0.015261963238122345,0.020127709086774248,1.2074462346850399,0.016669652452081664
5,markov,linear,0.08,1729,axis_3,0.95,7444,32768,0.2271728515625,0.2226452022591185,0.23174890962275776,0.2345633427670446,0.0073904912045446025,0.011918140507926112,0.8896972255573977,0.01339572628256693
5,markov,linear,0.08,1729,axis_3,1.2,5869,32768,0.179107666015625,0.17496930995943688,0.18330298259329936,0.18025311076634265,0.0011454447507176502,0.00528380080690577,0.7043436368996066,0.007501737121050892
5,markov,linear,0.08,1729,mean,0.45,11577,32768,0.353302001953125,0.34812449763450853,0.3585055212285835,0.3659624897329099,0.012660487779784901,0.017837992098401367,1.8782496983989507,0.009497135611738285
5,markov,linear,0.08,1729,mean,0.7,9359,32768,0.285614013671875,0.28072713493408913,0.2905389195348013,0.2970581682216714,0.011444154549796415,0.016331033287582286,1.2074462346850399,0.01352526747647874
5,markov,linear,0.08,1729,mean,0.95,7286,32768,0.22235107421875,0.21785827529166873,0.2268931391166892,0.23478007531485945,0.012429001096109449,0.016921800023190714,0.8896972255573977,0.01901972888876793
5,markov,linear,0.08,1729,mean,1.2,5558,32768,0.16961669921875,0.16556738825070455,0.17372466157212213,0.1804873593037899,0.010870660085039896,0.014919971053085346,0.7043436368996066,0.021182800938985356
5,markov,linear,0.08,1729,alternating,0.45,11817,32768,0.360626220703125,0.35542439231780293,0.36585276475431966,0.3659624897329099,0.005336269029784901,0.010538097415106973,1.8782496983989507,0.005610594493421089
5,markov,linear,0.08,1729,alternating,0.7,9491,32768,0.289642333984375,0.2847346358044855,0.2945873441194734,0.2970581682216714,0.007415834237296415,0.012323532417185923,1.2074462346850399,0.01020627839416841
5,markov,linear,0.08,1729,alternating,0.95,7396,32768,0.2257080078125,0.22119085459999271,0.23027383018819095,0.23478007531485945,0.009072067502359449,0.013589220714866734,0.8896972255573977,0.01527398346819959
5,markov,linear,0.08,1729,alternating,1.2,5569,32768,0.169952392578125,0.16589985516803113,0.1740635215520299,0.1804873593037899,0.010534966725664896,0.014587504135758766,0.7043436368996066,0.020710777199564583
5,markov,contractive,0.08,1729,axis_0,0.45,11574,32768,0.35321044921875,0.3480332573259043,0.3584136723100556,0.37953609687796397,0.02632564765921397,0.03150283955205968,1.8782496983989507,0.01677244488787257
5,markov,contractive,0.08,1729,axis_0,0.7,9781,32768,0.298492431640625,0.29354063865595836,0.3034799655256065,0.3166497507581355,0.018157319117510506,0.023109112102177143,1.2074462346850399,0.019138833215381314
5,markov,contractive,0.08,1729,axis_0,0.95,8092,32768,0.2469482421875,0.2422864151997714,0.25165496347069466,0.25866180238214476,0.011713560194644757,0.016375387182373358,0.8896972255573977,0.018405572943215747
5,markov,contractive,0.08,1729,axis_0,1.2,6559,32768,0.200164794921875,0.19584396822558725,0.2045388336314944,0.20671712695869493,0.00655233203681993,0.01087315873310768,0.7043436368996066,0.015437292485482456
5,markov,contractive,0.08,1729,axis_3,0.45,12116,32768,0.3697509765625,0.3645206772873672,0.37500437290412336,0.39466305647493005,0.024912079912430052,0.03014237918756285,1.8782496983989507,0.016048121404335473
5,markov,contractive,0.08,1729,axis_3,0.7,10402,32768,0.31744384765625,0.3124050049468365,0.3225150676747735,0.33884318576627004,0.02139933811002004,0.026438180819433554,1.2074462346850399,0.021895948705600052
5,markov,contractive,0.08,1729,axis_3,0.95,8807,32768,0.268768310546875,0.2639737311869327,0.27360390825953285,0.2863570239956348,0.017588713448759785,0.022383292808702104,0.8896972255573977,0.025158325962721655
5,markov,contractive,0.08,1729,axis_3,1.2,7326,32768,0.22357177734375,0.21907007358539204,0.22812253004493385,0.23807901327402803,0.014507235930278028,0.019008939688635984,0.7043436368996066,0.026988161307611017
5,markov,contractive,0.08,1729,mean,0.45,12146,32768,0.37066650390625,0.365433459124427,0.3759224833590921,0.40096418930337396,0.030297685397123963,0.03553073017894698,1.8782496983989507,0.018916936448457267
5,markov,contractive,0.08,1729,mean,0.7,10392,32768,0.317138671875,0.3121011532779797,0.3222086219389875,0.3481889555140353,0.03105028363903528,0.036087802236055566,1.2074462346850399,0.029887709447757732
5,markov,contractive,0.08,1729,mean,0.95,8735,32768,0.266571044921875,0.26178914383628576,0.27139435458674094,0.29820266550902386,0.031631620587148856,0.03641352167273809,0.8896972255573977,0.04092799283478143
5,markov,contractive,0.08,1729,mean,1.2,7243,32768,0.221038818359375,0.2165556547007567,0.22557148130314855,0.2517671280876175,0.030728309728242476,0.03521147338686079,0.7043436368996066,0.049991895350762774
5,markov,contractive,0.08,1729,alternating,0.45,12935,32768,0.394744873046875,0.3894467632089091,0.400061646892219,0.40096418930337396,0.0062193162564989635,0.011517426094464878,1.8782496983989507,0.006131999437711882
5,markov,contractive,0.08,1729,alternating,0.7,11075,32768,0.337982177734375,0.3328598733636177,0.3431332150044585,0.3481889555140353,0.010206777779660281,0.015329082150417561,1.2074462346850399,0.012695457329755244
5,markov,contractive,0.08,1729,alternating,0.95,9282,32768,0.28326416015625,0.2783896457932833,0.28817711884779396,0.29820266550902386,0.014938505352773856,0.019813019715740565,0.8896972255573977,0.022269395864787208
5,markov,contractive,0.08,1729,alternating,1.2,7679,32768,0.234344482421875,0.22976657561879613,0.2389695232339842,0.2517671280876175,0.017422645665742476,0.02200055246882135,0.7043436368996066,0.03123553804739943
5,markov,sgd,0.08,2718,axis_0,0.45,11370,32768,0.34698486328125,0.3418294057266431,0.35216745649352776,0.37247556690636774,0.02549070362511774,0.03064616117972463,1.8782496983989507,0.016316340263942485
5,markov,sgd,0.08,2718,axis_0,0.7,9492,32768,0.2896728515625,0.2847649974631933,0.2946180121992316,0.30641843457937845,0.01674558301687845,0.02165343711618517,1.2074462346850399,0.017933251596774766
5,markov,sgd,0.08,2718,axis_0,0.95,7788,32768,0.2376708984375,0.23307030618083646,0.24231803352236164,0.24611934532395208,0.008448446886452077,0.013049039143115615,0.8896972255573977,0.014666831331232213
5,markov,sgd,0.08,2718,axis_0,1.2,6243,32768,0.190521240234375,0.18628150961691817,0.19481589911889527,0.19284038841101792,0.0023191481766429156,0.006558878794099748,0.7043436368996066,0.009312043795796535
5,markov,sgd,0.08,2718,axis_3,0.45,10800,32768,0.32958984375,0.32450031101166055,0.3347095984648956,0.3521093892282766,0.022519545478276615,0.027609078216616068,1.8782496983989507,0.014699365180332772
5,markov,sgd,0.08,2718,axis_3,0.7,8691,32768,0.265228271484375,0.260454192574755,0.2700439974531385,0.2774149081187677,0.012186636634392678,0.016960715544012683,1.2074462346850399,0.014046766685588161
5,markov,sgd,0.08,2718,axis_3,0.95,6889,32768,0.210235595703125,0.20583427369327031,0.2146883381519887,0.21143708379782966,0.0012014880947046613,0.005602810104559347,0.8896972255573977,0.006297434614398366
5,markov,sgd,0.08,2718,axis_3,1.2,5263,32768,0.160614013671875,0.15665342781644961,0.164634855697454,0.15568504022228957,0.004928973449585428,0.008949815475164435,0.7043436368996066,0.01270660371769653
5,markov,sgd,0.08,2718,mean,0.45,11096,32768,0.338623046875,0.33349831439223987,0.3437763985507508,0.35185295863554567,0.013229911760545665,0.018354644243305795,1.8782496983989507,0.009772206676754203
5,markov,sgd,0.08,2718,mean,0.7,8586,32768,0.26202392578125,0.25726874315764237,0.2668213245890315,0.27705487468688905,0.015030948905639052,0.019786131529246687,1.2074462346850399,0.01638675989114154
5,markov,sgd,0.08,2718,mean,0.95,6502,32768,0.19842529296875,0.19411879748920194,0.20278530998696684,0.21101528766159028,0.012589994692840278,0.01689649017238834,0.8896972255573977,0.018991281176360467
5,markov,sgd,0.08,2718,mean,1.2,4804,32768,0.1466064453125,0.1427928467318109,0.15048279908182727,0.15524515316610832,0.008638707853608318,0.012452306434297428,0.7043436368996066,0.01767930564278288
5,markov,sgd,0.08,2718,alternating,0.45,11239,32768,0.342987060546875,0.33784607193383365,0.3481558940850204,0.35185295863554567,0.008865898088670665,0.014006886701712018,1.8782496983989507,0.00745741458851382
5,markov,sgd,0.08,2718,alternating,0.7,8760,32768,0.267333984375,0.26254766403940316,0.27216157779269395,0.27705487468688905,0.009720890311889052,0.01450721064748589,1.2074462346850399,0.012014788096357823
5,markov,sgd,0.08,2718,alternating,0.95,6608,32768,0.20166015625,0.197327111982123,0.20604614646548886,0.21101528766159028,0.009355131411590278,0.013688175679467285,0.8896972255573977,0.015385206659368423
5,markov,sgd,0.08,2718,alternating,1.2,4811,32768,0.146820068359375,0.14300414144280996,0.15069871233172272,0.15524515316610832,0.008425084806733318,0.012241011723298362,0.7043436368996066,0.017379317540485044
5,markov,linear,0.08,2718,axis_0,0.45,11822,32768,0.36077880859375,0.35557648746393394,0.36600581832166496,0.38709788713505733,0.026319078541307328,0.031521399671123385,1.8782496983989507,0.016782326491516394
5,markov,linear,0.08,2718,axis_0,0.7,10134,32768,0.30926513671875,0.3042626506135713,0.3143014516319027,0.3276993408271379,0.01843420410838792,0.023436690213566647,1.2074462346850399,0.019410131515860053
5,markov,linear,0.08,2718,axis_0,0.95,8495,32768,0.259246826171875,0.2545082845846958,0.2640280772145544,0.2723706743188794,0.013123848147004402,0.01786238973418358,0.8896972255573977,0.02007693091657417
5,markov,linear,0.08,2718,axis_0,1.2,7040,32768,0.21484375,0.21040696187553054,0.2193311390028106,0.22212306122319458,0.0072793112231945845,0.011716099347664044,0.7043436368996066,0.016634067142618336
5,markov,linear,0.08,2718,axis_3,0.45,11243,32768,0.343109130859375,0.3379676944781507,0.3482783905083083,0.365836716895382,0.022727586036006997,0.02786902241723127,1.8782496983989507,0.01483776222138476
5,markov,linear,0.08,2718,axis_3,0.7,9262,32768,0.28265380859375,0.2777825324368842,0.2875636374463098,0.29687817417562234,0.014224365581872345,0.019095641738738123,1.2074462346850399,0.015814900233399782
5,markov,linear,0.08,2718,axis_3,0.95,7493,32768,0.228668212890625,0.22412993026318362,0.23325463845504057,0.2345633427670446,0.0058951298764196025,0.010433412503860984,0.8896972255573977,0.01172692485055736
5,markov,linear,0.08,2718,axis_3,1.2,6014,32768,0.18353271484375,0.1793543380075547,0.18776726415796477,0.18025311076634265,0.00327960407740735,0.007514153391622119,0.7043436368996066,0.010668305920527749
5,markov,linear,0.08,2718,mean,0.45,11502,32768,0.35101318359375,0.34584355233595754,0.3562092358525199,0.3659624897329099,0.014949306139159901,0.020118937396952363,1.8782496983989507,0.010711535007353952
5,markov,linear,0.08,2718,mean,0.7,9280,32768,0.283203125,0.2783289339612768,0.2881157712039647,0.2970581682216714,0.013855043221671415,0.018729234260394634,1.2074462346850399,0.01551144367540317
5,markov,linear,0.08,2718,mean,0.95,7262,32768,0.22161865234375,0.21713122322080378,0.22615547765830898,0.23478007531485945,0.013161422971109449,0.017648852094055673,0.8896972255573977,0.01983691933286475
5,markov,linear,0.08,2718,mean,1.2,5584,32768,0.17041015625,0.16635322842138092,0.17452559406961377,0.1804873593037899,0.010077203053789896,0.014134130882408974,0.7043436368996066,0.020067095295451046
5,markov,linear,0.08,2718,alternating,0.45,11696,32768,0.35693359375,0.35174386371554206,0.36214869450014353,0.3659624897329099,0.009028895982909901,0.014218626017367841,1.8782496983989507,0.007570146839096005
5,markov,linear,0.08,2718,alternating,0.7,9411,32768,0.287200927734375,0.2823057908396735,0.2921338100152556,0.2970581682216714,0.009857240487296415,0.014752377381997916,1.2074462346850399,0.012217833770334335
5,markov,linear,0.08,2718,alternating,0.95,7383,32768,0.225311279296875,0.22079698243374413,0.22987431585184676,0.23478007531485945,0.009468796017984449,0.013983092881115322,0.8896972255573977,0.015716687069980327
5,markov,linear,0.08,2718,alternating,1.2,5659,32768,0.172698974609375,0.16862025407406467,0.1768357973052897,0.1804873593037899,0.007788384694414896,0.011867105229725228,0.7043436368996066,0.016848459484864634
5,markov,contractive,0.08,2718,axis_0,0.45,11532,32768,0.3519287109375,0.34675591483829676,0.3571277656191028,0.37953609687796397,0.02760738594046397,0.032780182039667205,1.8782496983989507,0.01745251553486714
5,markov,contractive,0.08,2718,axis_0,0.7,9719,32768,0.296600341796875,0.29165778806278236,0.30157897229507646,0.3166497507581355,0.020049408961260506,0.024991962695353143,1.2074462346850399,0.020698199205426527
5,markov,contractive,0.08,2718,axis_0,0.95,8027,32768,0.244964599609375,0.2403156175681473,0.2496588283968359,0.25866180238214476,0.013697202772769757,0.018346184813997468,0.8896972255573977,0.02062070588396354
5,markov,contractive,0.08,2718,axis_0,1.2,6515,32768,0.198822021484375,0.19451224616149485,0.2031852477504797,0.20671712695869493,0.00789510547431993,0.012204880797200085,0.7043436368996066,0.017328020241545398
5,markov,contractive,0.08,2718,axis_3,0.45,12113,32768,0.369659423828125,0.36442940021235776,0.3749125607499861,0.39466305647493005,0.025003632646805052,0.030233656262572295,1.8782496983989507,0.016096718284232356
5,markov,contractive,0.08,2718,axis_3,0.7,10410,32768,0.31768798828125,0.3126480880815783,0.3227602224638829,0.33884318576627004,0.02115519748502004,0.026195097684691748,1.2074462346850399,0.021694628656922923
5,markov,contractive,0.08,2718,axis_3,0.95,8860,32768,0.2703857421875,0.2655819261167236,0.27523028937118926,0.2863570239956348,0.015971281808134785,0.020775097878911186,0.8896972255573977,0.023350750437482293
5,markov,contractive,0.08,2718,axis_3,1.2,7400,32768,0.225830078125,0.22131204720941142,0.23039675650281494,0.23807901327402803,0.012248935149028028,0.016766966064616612,0.7043436368996066,0.02380509340358602
5,markov,contractive,0.08,2718,mean,0.45,12234,32768,0.37335205078125,0.36811106856566794,0.37861549131364064,0.40096418930337396,0.027612138522123963,0.03285312073770602,1.8782496983989507,0.01749134886895525
5,markov,contractive,0.08,2718,mean,0.7,10394,32768,0.31719970703125,0.3121619234117069,0.3222699112861731,0.3481889555140353,0.03098924848278528,0.03602703210232838,1.2074462346850399,0.029837379973880137
5,markov,contractive,0.08,2718,mean,0.95,8736,32768,0.2666015625,0.2618194842948196,0.27142504386453264,0.29820266550902386,0.031601103009023856,0.03638318121420425,0.8896972255573977,0.040893890830568894
5,markov,contractive,0.08,2718,mean,1.2,7212,32768,0.2200927734375,0.2156165965818468,0.224618617787609,0.2517671280876175,0.031674354650117476,0.03615053150577069,0.7043436368996066,0.05132513394299805
5,markov,contractive,0.08,2718,alternating,0.45,12779,32768,0.389984130859375,0.3846978052931175,0.39528996477492456,0.40096418930337396,0.010980058443998963,0.016266384010256485,1.8782496983989507,0.008660394847459422
5,markov,contractive,0.08,2718,alternating,0.7,10952,32768,0.334228515625,0.3291206444608804,0.3393657856967747,0.3481889555140353,0.013960439889035281,0.019068311053154874,1.2074462346850399,0.015792265117401942
5,markov,contractive,0.08,2718,alternating,0.95,9201,32768,0.280792236328125,0.27593090500288925,0.2856924508754604,0.29820266550902386,0.017410429180898856,0.022271760506134608,0.8896972255573977,0.02503296612190882
5,markov,contractive,0.08,2718,alternating,1.2,7628,32768,0.2327880859375,0.22822092840388988,0.23740265410583705,0.2517671280876175,0.018979042150117476,0.023546199683727592,0.7043436368996066,0.0334299885030178
5,markov,sgd,0.08,3141,axis_0,0.45,11568,32768,0.35302734375,0.34785077733205005,0.35822997384968247,0.37247556690636774,0.01944822315636774,0.024624789574317685,1.8782496983989507,0.013110498351368426
5,markov,sgd,0.08,3141,axis_0,0.7,9696,32768,0.2958984375,0.29095933705830923,0.3008737393027221,0.30641843457937845,0.010519997079378451,0.01545909752106922,1.2074462346850399,0.012803135309044793
5,markov,sgd,0.08,3141,axis_0,0.95,7946,32768,0.24249267578125,0.23785988804090294,0.24717114949931449,0.24611934532395208,0.0036266695427020768,0.008259457283049138,0.8896972255573977,0.009283447273733562
5,markov,sgd,0.08,3141,axis_0,1.2,6445,32768,0.196685791015625,0.1923937558744221,0.20103165724314712,0.19284038841101792,0.0038454026046070844,0.0081912688321292,0.7043436368996066,0.011629648374741747
5,markov,sgd,0.08,3141,axis_3,0.45,10762,32768,0.32843017578125,0.3233453150319151,0.3335454642804638,0.3521093892282766,0.023679213447026615,0.02876407419636151,1.8782496983989507,0.015314297252852193
5,markov,sgd,0.08,3141,axis_3,0.7,8736,32768,0.2666015625,0.2618194842948196,0.27142504386453264,0.2774149081187677,0.010813345618767678,0.015595423823948074,1.2074462346850399,0.012916039965966776
5,markov,sgd,0.08,3141,axis_3,0.95,6852,32768,0.2091064453125,0.20471394249115862,0.21355056941268388,0.21143708379782966,0.0023306384853296613,0.006723141306671038,0.8896972255573977,0.00755666210205272
5,markov,sgd,0.08,3141,axis_3,1.2,5278,32768,0.16107177734375,0.15710657555830937,0.16509715367673533,0.15568504022228957,0.005386737121460428,0.009412113454445759,0.7043436368996066,0.013362956604358892
5,markov,sgd,0.08,3141,mean,0.45,11053,32768,0.337310791015625,0.3321910416471863,0.34245939240505857,0.35185295863554567,0.014542167619920665,0.01966191698835934,1.8782496983989507,0.010468212509294937
5,markov,sgd,0.08,3141,mean,0.7,8634,32768,0.26348876953125,0.25872490828005795,0.2682945867906941,0.27705487468688905,0.013566105155639052,0.0183299664068311,1.2074462346850399,0.01518077234437891
5,markov,sgd,0.08,3141,mean,0.95,6581,32768,0.200836181640625,0.19650985786356853,0.20521559797095815,0.21101528766159028,0.010179106020965278,0.014505429798021746,0.8896972255573977,0.016303782209654588
5,markov,sgd,0.08,3141,mean,1.2,4749,32768,0.144927978515625,0.14113277153231182,0.14878624032805882,0.15524515316610832,0.010317174650483318,0.014112381633796495,0.7043436368996066,0.020036216548951373
5,markov,sgd,0.08,3141,alternating,0.45,11294,32768,0.34466552734375,0.33951841492650614,0.3498401868989895,0.35185295863554567,0.007187431291795665,0.012334543709039525,1.8782496983989507,0.006567041495895717
5,markov,sgd,0.08,3141,alternating,0.7,8858,32768,0.27032470703125,0.26552123804548206,0.2751689179690118,0.27705487468688905,0.006730167655639052,0.011533636641406997,1.2074462346850399,0.009552091273377092
5,markov,sgd,0.08,3141,alternating,0.95,6674,32768,0.20367431640625,0.19932496377697773,0.2080762566338615,0.21101528766159028,0.007340971255340278,0.011690323884612552,0.8896972255573977,0.0131396654376308
5,markov,sgd,0.08,3141,alternating,1.2,4843,32768,0.147796630859375,0.14397009552746504,0.1516857089345155,0.15524515316610832,0.007448522306733318,0.011275057638643282,0.7043436368996066,0.01600789309075617
5,markov,linear,0.08,3141,axis_0,0.45,12101,32768,0.369293212890625,0.36406429392967593,0.3745453101161843,0.38709788713505733,0.017804674244432328,0.023033593205381397,1.8782496983989507,0.012263328579270153
5,markov,linear,0.08,3141,axis_0,0.7,10315,32768,0.314788818359375,0.30976157935517706,0.31984890585254283,0.3276993408271379,0.01291052246776292,0.017937761471960856,1.2074462346850399,0.014855950481836475
5,markov,linear,0.08,3141,axis_0,0.95,8716,32768,0.2659912109375,0.2612126806682173,0.27081125276524426,0.2723706743188794,0.006379463381379402,0.011157993650662112,0.8896972255573977,0.01254133803066723
5,markov,linear,0.08,3141,axis_0,1.2,7257,32768,0.221466064453125,0.21697975658787352,0.22600179563968675,0.22212306122319458,0.0006569967700695845,0.005143304635321061,0.7043436368996066,0.0073022660614369414
5,markov,linear,0.08,3141,axis_3,0.45,11182,32768,0.34124755859375,0.3361129916910784,0.3464102790420425,0.365836716895382,0.024589158301631997,0.029723725204303608,1.8782496983989507,0.01582522559680993
5,markov,linear,0.08,3141,axis_3,0.7,9284,32768,0.2833251953125,0.27845035773551585,0.28823846638141,0.29687817417562234,0.013552978863122345,0.018427816440106493,1.2074462346850399,0.015261811176970008
5,markov,linear,0.08,3141,axis_3,0.95,7472,32768,0.22802734375,0.22349360822318537,0.23260933613519022,0.2345633427670446,0.0065359990170446025,0.011069734543859233,0.8896972255573977,0.012442136747053488
5,markov,linear,0.08,3141,axis_3,1.2,5949,32768,0.181549072265625,0.17738852123033755,0.18576614901739852,0.18025311076634265,0.0012959614992823498,0.005513038251055868,0.7043436368996066,0.007827199625630561
5,markov,linear,0.08,3141,mean,0.45,11545,32768,0.352325439453125,0.3471512783933649,0.35752578871428514,0.3659624897329099,0.013637050279784901,0.018811211339544998,1.8782496983989507,0.010015287826522728
5,markov,linear,0.08,3141,mean,0.7,9303,32768,0.283905029296875,0.27902712668006485,0.28882126245794504,0.2970581682216714,0.013153138924796415,0.018031041541606563,1.2074462346850399,0.014933204496935573
5,markov,linear,0.08,3141,mean,0.95,7348,32768,0.2242431640625,0.21973658643938776,0.2287986712664785,0.23478007531485945,0.010536911252359449,0.015043488875471689,0.8896972255573977,0.016908548709980414
5,markov,linear,0.08,3141,mean,1.2,5611,32768,0.171234130859375,0.16716932714519858,0.1753572977391757,0.1804873593037899,0.009253228444414896,0.013318032158591314,0.7043436368996066,0.018908429722194815
5,markov,linear,0.08,3141,alternating,0.45,11780,32768,0.3594970703125,0.3542989059375126,0.36472015065586466,0.3659624897329099,0.006465419420409901,0.011663583795397281,1.8782496983989507,0.006209815343156717
5,markov,linear,0.08,3141,alternating,0.7,9534,32768,0.29095458984375,0.28604021148618,0.2959060471940681,0.2970581682216714,0.006103578377921415,0.011017956735491441,1.2074462346850399,0.009125008152736055
5,markov,linear,0.08,3141,alternating,0.95,7494,32768,0.22869873046875,0.22416023168740443,0.23328536676229503,0.23478007531485945,0.006081344846109449,0.010619843627455022,0.8896972255573977,0.011936469309322238
5,markov,linear,0.08,3141,alternating,1.2,5710,32768,0.17425537109375,0.17016198175585628,0.17840658529900216,0.1804873593037899,0.006231988210039896,0.010325377547933612,0.7043436368996066,0.01465957383158036
5,markov,contractive,0.08,3141,axis_0,0.45,11782,32768,0.35955810546875,0.3543597422412135,0.36478137383745723,0.37953609687796397,0.01997799140921397,0.025176354636750442,1.8782496983989507,0.013404157422844874
5,markov,contractive,0.08,3141,axis_0,0.7,9921,32768,0.302764892578125,0.29779260793104706,0.30777215975581323,0.3166497507581355,0.013884858180010506,0.018857142827088447,1.2074462346850399,0.015617376811819118
5,markov,contractive,0.08,3141,axis_0,0.95,8243,32768,0.251556396484375,0.24686524052510922,0.25629162803188665,0.25866180238214476,0.0071054058977697565,0.011796561857035537,0.8896972255573977,0.013259074568480259
5,markov,contractive,0.08,3141,axis_0,1.2,6721,32768,0.205108642578125,0.20074777901369967,0.20952183856987863,0.20671712695869493,0.00160848438056993,0.0059693479449952624,0.7043436368996066,0.008475050575130136
5,markov,contractive,0.08,3141,axis_3,0.45,12072,32768,0.368408203125,0.3631819670823489,0.37365777441603,0.39466305647493005,0.026254853349930052,0.03148108939258115,1.8782496983989507,0.01676086487298048
5,markov,contractive,0.08,3141,axis_3,0.7,10341,32768,0.315582275390625,0.31055154871619867,0.3206457097401036,0.33884318576627004,0.02326091037564504,0.028291637050071372,1.2074462346850399,0.023430970454308628
5,markov,contractive,0.08,3141,axis_3,0.95,8796,32768,0.2684326171875,0.26363996504994913,0.2732663472946626,0.2863570239956348,0.017924406808134785,0.022717058945685653,0.8896972255573977,0.02553347171725005
5,markov,contractive,0.08,3141,axis_3,1.2,7342,32768,0.22406005859375,0.21955480853649278,0.22861427078489346,0.23807901327402803,0.014018954680278028,0.018524204737535244,0.7043436368996066,0.026299953271496066
5,markov,contractive,0.08,3141,mean,0.45,12239,32768,0.373504638671875,0.36826321065192585,0.3787684979433125,0.40096418930337396,0.027459550631498963,0.03270097865144811,1.8782496983989507,0.01741034681348435
5,markov,contractive,0.08,3141,mean,0.7,10448,32768,0.31884765625,0.31380275478608316,0.32392468589934637,0.3481889555140353,0.02934129926403528,0.03438620072795212,1.2074462346850399,0.02847845290347168
5,markov,contractive,0.08,3141,mean,0.95,8793,32768,0.268341064453125,0.2635489385298239,0.2731742846052567,0.29820266550902386,0.029861601055898856,0.03465372697919994,0.8896972255573977,0.03895002252871957
5,markov,contractive,0.08,3141,mean,1.2,7278,32768,0.22210693359375,0.21761592235399246,0.2266472542109548,0.2517671280876175,0.029660194493867476,0.03415120573362501,0.7043436368996066,0.04848656812454848
5,markov,contractive,0.08,3141,alternating,0.45,12918,32768,0.39422607421875,0.38892922300121996,0.39954168145422936,0.40096418930337396,0.0067381150846239635,0.012034966302154004,1.8782496983989507,0.006407543316744731
5,markov,contractive,0.08,3141,alternating,0.7,11055,32768,0.337371826171875,0.332251844053704,0.3425206494817645,0.3481889555140353,0.010817129342160281,0.015937111460331277,1.2074462346850399,0.013199023693579568
5,markov,contractive,0.08,3141,alternating,0.95,9335,32768,0.284881591796875,0.27999854943814595,0.2898027913164951,0.29820266550902386,0.013321073712148856,0.018204116070877907,0.8896972255573977,0.02046102375948512
5,markov,contractive,0.08,3141,alternating,1.2,7682,32768,0.23443603515625,0.22985749873564965,0.2390616893141462,0.2517671280876175,0.017331092931367476,0.02190962935196783,0.7043436368996066,0.031106448903847644
5,markov,sgd,0.08,5772,axis_0,0.45,11499,32768,0.350921630859375,0.34575231723274985,0.3561173817289047,0.37247556690636774,0.02155393604699274,0.026723249673617888,1.8782496983989507,0.01422774069730835
5,markov,sgd,0.08,5772,axis_0,0.7,9570,32768,0.29205322265625,0.28713328985583525,0.29701003941461435,0.30641843457937845,0.014365211923128451,0.0192851447235432,1.2074462346850399,0.01597184551126096
5,markov,sgd,0.08,5772,axis_0,0.95,7847,32768,0.239471435546875,0.23485872636663654,0.24413036757985665,0.24611934532395208,0.006647909777077077,0.011260618957315532,0.8896972255573977,0.012656686605109647
5,markov,sgd,0.08,5772,axis_0,1.2,6300,32768,0.1922607421875,0.1880060830372532,0.19657001997391307,0.19284038841101792,0.0005796462235179156,0.004834305373764725,0.7043436368996066,0.006863560796892357
5,markov,sgd,0.08,5772,axis_3,0.45,10743,32768,0.327850341796875,0.3227678302138066,0.33296338401741443,0.3521093892282766,0.024259047431401615,0.029341559014469998,1.8782496983989507,0.015621756276325347
5,markov,sgd,0.08,5772,axis_3,0.7,8652,32768,0.2640380859375,0.2592709877360353,0.2688470425832,0.2774149081187677,0.013376822181267678,0.01814392038273238,1.2074462346850399,0.015026690101414901
5,markov,sgd,0.08,5772,axis_3,0.95,6825,32768,0.208282470703125,0.2038964358731264,0.2127202733759479,0.21143708379782966,0.0031546130947046613,0.00754064792470327,0.8896972255573977,0.008475521456166207
5,markov,sgd,0.08,5772,axis_3,1.2,5261,32768,0.160552978515625,0.15659300898241446,0.16457321510220113,0.15568504022228957,0.004867938293335428,0.008888174879911559,0.7043436368996066,0.012619088771832595
5,markov,sgd,0.08,5772,mean,0.45,11056,32768,0.33740234375,0.33228224529273853,0.34255127798434615,0.35185295863554567,0.014450614885545665,0.019570713342807133,1.8782496983989507,0.010419654724017532
5,markov,sgd,0.08,5772,mean,0.7,8592,32768,0.26220703125,0.25745076007004475,0.2670054860917227,0.27705487468688905,0.014847843436889052,0.019604114616844304,1.2074462346850399,0.016236014535221107
5,markov,sgd,0.08,5772,mean,0.95,6486,32768,0.19793701171875,0.19363456219103256,0.20229306967343075,0.21101528766159028,0.013078275942840278,0.017380725470557717,0.8896972255573977,0.019535550939443074
5,markov,sgd,0.08,5772,mean,1.2,4736,32768,0.14453125,0.14074041557016287,0.14838521008968844,0.15524515316610832,0.010713903166108318,0.01450473759594545,0.7043436368996066,0.020593268450315935
5,markov,sgd,0.08,5772,alternating,0.45,11304,32768,0.344970703125,0.3398224849279544,0.3501464143174124,0.35185295863554567,0.006882255510545665,0.01203047370759125,1.8782496983989507,0.006405151411894921
5,markov,sgd,0.08,5772,alternating,0.7,8701,32768,0.265533447265625,0.2607575856173573,0.2703509017725223,0.27705487468688905,0.011521427421264052,0.016297289069531762,1.2074462346850399,0.013497320709922028
5,markov,sgd,0.08,5772,alternating,0.95,6478,32768,0.19769287109375,0.19339244836596287,0.2020469456933107,0.21101528766159028,0.013322416567840278,0.017622839295627413,0.8896972255573977,0.019807681522876118
5,markov,sgd,0.08,5772,alternating,1.2,4673,32768,0.142608642578125,0.1388391376442814,0.14644161646510265,0.15524515316610832,0.012636510587983318,0.01640601552182691,0.7043436368996066,0.023292629708480405
5,markov,linear,0.08,5772,axis_0,0.45,11935,32768,0.364227294921875,0.35901398921832234,0.36946467750010786,0.38709788713505733,0.022870592213182328,0.02808389791673499,1.8782496983989507,0.014952164209409506
5,markov,linear,0.08,5772,axis_0,0.7,10210,32768,0.31158447265625,0.3065714918999118,0.3166308705868119,0.3276993408271379,0.01611486817088792,0.021127848927226134,1.2074462346850399,0.01749796249332567
5,markov,linear,0.08,5772,axis_0,0.95,8609,32768,0.262725830078125,0.2579664804447554,0.26752727122708914,0.2723706743188794,0.009644844240754402,0.014404193874124005,0.8896972255573977,0.016189995270694185
5,markov,linear,0.08,5772,axis_0,1.2,7093,32768,0.216461181640625,0.212012142857879,0.2209605336720264,0.22212306122319458,0.0056618795825695845,0.01011091836531558,0.7043436368996066,0.014355092934213214
5,markov,linear,0.08,5772,axis_3,0.45,11175,32768,0.341033935546875,0.33590016256748884,0.34619589997298816,0.365836716895382,0.024802781348506997,0.02993655432789316,1.8782496983989507,0.01593853807265964
5,markov,linear,0.08,5772,axis_3,0.7,9191,32768,0.280487060546875,0.27562736936618104,0.2853856891352982,0.29687817417562234,0.016391113628747345,0.021250804809441304,1.2074462346850399,0.01759979384505227
5,markov,linear,0.08,5772,axis_3,0.95,7425,32768,0.226593017578125,0.22206951350634477,0.23116503348292927,0.2345633427670446,0.007970325188919603,0.012493829260699835,0.8896972255573977,0.014042787705528043
5,markov,linear,0.08,5772,axis_3,1.2,5917,32768,0.180572509765625,0.17642080267050128,0.18478091649252765,0.18025311076634265,0.0003193989992823498,0.004527805726184997,0.7043436368996066,0.0064284043881131375
5,markov,linear,0.08,5772,mean,0.45,11592,32768,0.353759765625,0.3485807022928344,0.35896476270609795,0.3659624897329099,0.012202724107909901,0.017381787440075513,1.8782496983989507,0.009254247427747237
5,markov,linear,0.08,5772,mean,0.7,9273,32768,0.282989501953125,0.2781164434175824,0.2879010535823154,0.2970581682216714,0.014068666268546415,0.01894172480408901,1.2074462346850399,0.015687427116810652
5,markov,linear,0.08,5772,mean,0.95,7343,32768,0.224090576171875,0.21958510476673487,0.22864500428538484,0.23478007531485945,0.010689499142984449,0.015194970548124576,0.8896972255573977,0.017078810759025224
5,markov,linear,0.08,5772,mean,1.2,5575,32768,0.170135498046875,0.1660812031866732,0.1742483518414873,0.1804873593037899,0.010351861256914896,0.014406156117116709,0.7043436368996066,0.020453306259044242
5,markov,linear,0.08,5772,alternating,0.45,11772,32768,0.3592529296875,0.354055561635403,0.3644752570168524,0.3659624897329099,0.006709560045409901,0.011906928097506875,1.8782496983989507,0.006339374422717345
5,markov,linear,0.08,5772,alternating,0.7,9444,32768,0.2882080078125,0.28330766835723054,0.29314591386169286,0.2970581682216714,0.008850160409171415,0.01375049986444088,1.2074462346850399,0.01138808459494486
5,markov,linear,0.08,5772,alternating,0.95,7260,32768,0.2215576171875,0.21707063646204092,0.2260940049564342,0.23478007531485945,0.013222458127359449,0.017709438852818532,0.8896972255573977,0.019905017509438135
5,markov,linear,0.08,5772,alternating,1.2,5528,32768,0.168701171875,0.16466068966432545,0.17280046862687573,0.1804873593037899,0.011786187428789896,0.01582666963946444,0.7043436368996066,0.022470096711784866
5,markov,contractive,0.08,5772,axis_0,0.45,11654,32768,0.35565185546875,0.35046640321134576,0.36086290581892905,0.37953609687796397,0.02388424140921397,0.029069693666618213,1.8782496983989507,0.015477012290430645
5,markov,contractive,0.08,5772,axis_0,0.7,9794,32768,0.29888916015625,0.29393544275329225,0.30387854803760117,0.3166497507581355,0.017760590601885506,0.022714308004843253,1.2074462346850399,0.018811858741493562
5,markov,contractive,0.08,5772,axis_0,0.95,8100,32768,0.2471923828125,0.24252898410890097,0.2519006324341549,0.25866180238214476,0.011469419569644757,0.016132818273243782,0.8896972255573977,0.018132930855366585
5,markov,contractive,0.08,5772,axis_0,1.2,6568,32768,0.200439453125,0.19611637532490223,0.20481569406801614,0.20671712695869493,0.00627767383369493,0.010600751633792704,0.7043436368996066,0.015050539365209996
5,markov,contractive,0.08,5772,axis_3,0.45,12012,32768,0.3665771484375,0.3613565232581633,0.37182143366232356,0.39466305647493005,0.028085908037430052,0.03330653321676674,1.8782496983989507,0.017732750467181094
5,markov,contractive,0.08,5772,axis_3,0.7,10320,32768,0.31494140625,0.3099134952199571,0.32000213868930966,0.33884318576627004,0.02390177951627004,0.028929690546312947,1.2074462346850399,0.023959402675895712
5,markov,contractive,0.08,5772,axis_3,0.95,8728,32768,0.266357421875,0.26157676144321323,0.27117952882562946,0.2863570239956348,0.019999602120634785,0.02478026255242155,0.8896972255573977,0.027852466929855435
5,markov,contractive,0.08,5772,axis_3,1.2,7277,32768,0.222076416015625,0.2175856283946849,0.22661651843985725,0.23807901327402803,0.01600259725840303,0.02049338487934313,0.7043436368996066,0.029095719483676046
5,markov,contractive,0.08,5772,mean,0.45,12238,32768,0.37347412109375,0.368232782190129,0.37873789666192015,0.40096418930337396,0.027490068209623963,0.03273140711324496,1.8782496983989507,0.0174265472482949
5,markov,contractive,0.08,5772,mean,0.7,10419,32768,0.317962646484375,0.31292155851897263,0.32303601969096896,0.3481889555140353,0.03022630902966028,0.03526739699506265,1.2074462346850399,0.029208254564032067
5,markov,contractive,0.08,5772,mean,0.95,8742,32768,0.26678466796875,0.26200152765820584,0.2716091789191609,0.29820266550902386,0.031417997540273856,0.03620113785081802,0.8896972255573977,0.04068927811721332
5,markov,contractive,0.08,5772,mean,1.2,7217,32768,0.220245361328125,0.2157680552688399,0.22477230775099258,0.2517671280876175,0.031521766759492476,0.03599907281877757,0.7043436368996066,0.05111009872572851
5,markov,contractive,0.08,5772,alternating,0.45,12797,32768,0.390533447265625,0.3852457350588697,0.3958405703964894,0.40096418930337396,0.010430742037748963,0.015718454244504243,1.8782496983989507,0.008368671246375229
5,markov,contractive,0.08,5772,alternating,0.7,10939,32768,0.333831787109375,0.32872546258306473,0.3389675809358914,0.3481889555140353,0.014357168404660281,0.01946349293097055,1.2074462346850399,0.016119552466903476
5,markov,contractive,0.08,5772,alternating,0.95,9204,32768,0.2808837890625,0.2760219662356798,0.2857844788557843,0.29820266550902386,0.017318876446523856,0.02218069927334404,0.8896972255573977,0.02493061531067243
5,markov,contractive,0.08,5772,alternating,1.2,7604,32768,0.2320556640625,0.22749359503102887,0.23666527390958336,0.2517671280876175,0.019711464025117476,0.02427353305658861,0.7043436368996066,0.034462628445734694
5,markov,sgd,0.04,1729,axis_0,0.45,11579,32768,0.353363037109375,0.3481853246223217,0.3585667537255314,0.37247556690636774,0.01911252979699274,0.024290242284046026,1.7830133530497683,0.013623140983492134
5,markov,sgd,0.04,1729,axis_0,0.7,9620,32768,0.2935791015625,0.2886515118822675,0.29854330432429593,0.30641843457937845,0.012839333016878451,0.017766922697110943,1.1462228698177084,0.015500408485076325
5,markov,sgd,0.04,1729,axis_0,0.95,7807,32768,0.238250732421875,0.2336462257267123,0.24290167890066755,0.24611934532395208,0.007868612902077077,0.01247311959723979,0.8445852724972588,0.014768336606627573
5,markov,sgd,0.04,1729,axis_0,1.2,6220,32768,0.1898193359375,0.18558566732772197,0.19410805776009477,0.19284038841101792,0.0030210524735179156,0.007254721083295945,0.6686300073936632,0.010850127878009892
5,markov,sgd,0.04,1729,axis_3,0.45,10954,32768,0.33428955078125,0.32918144203317184,0.33942704760738407,0.3521093892282766,0.017819838447026615,0.02292794719510477,1.7830133530497683,0.012859100104823945
5,markov,sgd,0.04,1729,axis_3,0.7,8747,32768,0.266937255859375,0.2621532312623486,0.27176262399678447,0.2774149081187677,0.010477652259392678,0.015261676856419104,1.1462228698177084,0.013314755147789254
5,markov,sgd,0.04,1729,axis_3,0.95,6861,32768,0.209381103515625,0.20498645077514738,0.21382732868125906,0.21143708379782966,0.0020559802822046613,0.006450633022682284,0.8445852724972588,0.007637633798194391
5,markov,sgd,0.04,1729,axis_3,1.2,5094,32768,0.15545654296875,0.15154876461818795,0.15942549729029568,0.15568504022228957,0.0002284972535395724,0.004136275604101625,0.6686300073936632,0.006186194993289237
5,markov,sgd,0.04,1729,mean,0.45,11209,32768,0.342071533203125,0.3369339148761623,0.3472371588864314,0.35185295863554567,0.009781425432420665,0.014919043759383355,1.7830133530497683,0.008367320263678882
5,markov,sgd,0.04,1729,mean,0.7,8845,32768,0.269927978515625,0.265126768389126,0.2747700010484436,0.27705487468688905,0.007126896171264052,0.01192810629776303,1.1462228698177084,0.010406445911919414
5,markov,sgd,0.04,1729,mean,0.95,6713,32768,0.204864501953125,0.20050559170495186,0.2092757880609989,0.21101528766159028,0.006150785708465278,0.01050969595663842,0.8445852724972588,0.012443617357384753
5,markov,sgd,0.04,1729,mean,1.2,4874,32768,0.14874267578125,0.14490591862295896,0.1526418068315144,0.15524515316610832,0.006502477384858318,0.010339234543149362,0.6686300073936632,0.015463312188832148
5,markov,sgd,0.04,1729,alternating,0.45,11476,32768,0.3502197265625,0.3450528550444001,0.3554131598453535,0.35185295863554567,0.001633232073045665,0.006800103591145579,1.7830133530497683,0.003813826508654179
5,markov,sgd,0.04,1729,alternating,0.7,8984,32768,0.274169921875,0.2693448103153915,0.2790350925480481,0.27705487468688905,0.002884952811889052,0.007710064371497571,1.1462228698177084,0.006726496717626787
5,markov,sgd,0.04,1729,alternating,0.95,6752,32768,0.2060546875,0.20168627795366015,0.21047526117703366,0.21101528766159028,0.004960600161590278,0.00932900970793013,0.8445852724972588,0.011045669409254836
5,markov,sgd,0.04,1729,alternating,1.2,4956,32768,0.1512451171875,0.14738157976997604,0.15517058192312574,0.15524515316610832,0.004000035978608318,0.007863573396132278,0.6686300073936632,0.011760724629731604
5,markov,linear,0.04,1729,axis_0,0.45,12016,32768,0.36669921875,0.3614782169926272,0.3719438588995861,0.38709788713505733,0.020398668385057328,0.025619670142430107,1.7830133530497683,0.014368748331922896
5,markov,linear,0.04,1729,axis_0,0.7,10268,32768,0.3133544921875,0.30833360101044743,0.31840848640514596,0.3276993408271379,0.01434484863963792,0.019365739816690486,1.1462228698177084,0.016895265595049898
5,markov,linear,0.04,1729,axis_0,0.95,8592,32768,0.26220703125,0.25745076007004475,0.2670054860917227,0.2723706743188794,0.010163643068879402,0.014919914248834654,0.8445852724972588,0.017665373449763863
5,markov,linear,0.04,1729,axis_0,1.2,7127,32768,0.217498779296875,0.21304193503105268,0.22200575230235012,0.22212306122319458,0.0046242819263195845,0.009081126192141908,0.6686300073936632,0.013581691057421083
5,markov,linear,0.04,1729,axis_3,0.45,11384,32768,0.347412109375,0.3422551293013389,0.35259614930823807,0.365836716895382,0.018424607520381997,0.023581587594043107,1.7830133530497683,0.013225693208470822
5,markov,linear,0.04,1729,axis_3,0.7,9304,32768,0.283935546875,0.2790574832154627,0.28885193566052514,0.29687817417562234,0.012942627300622345,0.017820690960159646,1.1462228698177084,0.015547317567476028
5,markov,linear,0.04,1729,axis_3,0.95,7446,32768,0.22723388671875,0.22270580179541427,0.23181036954894316,0.2345633427670446,0.0073294560482946025,0.011857540971630331,0.8445852724972588,0.014039483469289144
5,markov,linear,0.04,1729,axis_3,1.2,5827,32768,0.177825927734375,0.1736993383163253,0.18200970596919686,0.18025311076634265,0.00242718303196765,0.006553772450017342,0.6686300073936632,0.009801792288031035
5,markov,linear,0.04,1729,mean,0.45,11638,32768,0.35516357421875,0.3499797622474147,0.36037307090331433,0.3659624897329099,0.010798915514159901,0.015982727485495174,1.7830133530497683,0.00896388546847246
5,markov,linear,0.04,1729,mean,0.7,9455,32768,0.288543701171875,0.28364163409987014,0.2934832752410063,0.2970581682216714,0.008514467049796415,0.013416534121801271,1.1462228698177084,0.011704996013502151
5,markov,linear,0.04,1729,mean,0.95,7495,32768,0.228729248046875,0.2241905331456511,0.2333160950355262,0.23478007531485945,0.006050827267984449,0.010589542169208349,0.8445852724972588,0.012538156316528382
5,markov,linear,0.04,1729,mean,1.2,5704,32768,0.174072265625,0.16998059576881755,0.17822179296997917,0.1804873593037899,0.006415093678789896,0.010506763534972346,0.6686300073936632,0.01571386778754962
5,markov,linear,0.04,1729,alternating,0.45,11929,32768,0.364044189453125,0.3588314597240617,0.36928102853736605,0.3659624897329099,0.0019183002797849014,0.007131030008848183,1.7830133530497683,0.003999426025974993
5,markov,linear,0.04,1729,alternating,0.7,9653,32768,0.294586181640625,0.28965357499178623,0.29955522259593753,0.2970581682216714,0.0024719865810464148,0.007404593229885181,1.1462228698177084,0.006459994321228981
5,markov,linear,0.04,1729,alternating,0.95,7585,32768,0.231475830078125,0.22691780312965049,0.23608150090395447,0.23478007531485945,0.003304245236734449,0.007862272185208963,0.8445852724972588,0.009309033014466258
5,markov,linear,0.04,1729,alternating,1.2,5806,32768,0.17718505859375,0.17306438228248752,0.18136303787540037,0.1804873593037899,0.003302300710039896,0.007422977021302374,0.6686300073936632,0.011101770694135203
5,markov,contractive,0.04,1729,axis_0,0.45,11761,32768,0.358917236328125,0.3537209656053409,0.364138525878005,0.37953609687796397,0.02061886054983897,0.025815131272623082,1.7830133530497683,0.01447837237363781
5,markov,contractive,0.04,1729,axis_0,0.7,9872,32768,0.30126953125,0.29630436042281116,0.30626995003216306,0.3166497507581355,0.015380219508135506,0.020345390335324343,1.1462228698177084,0.017749942765109904
5,markov,contractive,0.04,1729,axis_0,0.95,8140,32768,0.2484130859375,0.24374185876145074,0.25312894714827744,0.25866180238214476,0.010248716444644757,0.014919943620694015,0.8445852724972588,0.017665408226429192
5,markov,contractive,0.04,1729,axis_0,1.2,6584,32768,0.200927734375,0.1966006624677826,0.2053078825457368,0.20671712695869493,0.00578939258369493,0.01011646449091233,0.6686300073936632,0.01513013831124117
5,markov,contractive,0.04,1729,axis_3,0.45,12279,32768,0.374725341796875,0.369480367373347,0.37999253095029945,0.39466305647493005,0.019937714678055052,0.025182689101583056,1.7830133530497683,0.014123668259976371
5,markov,contractive,0.04,1729,axis_3,0.7,10518,32768,0.32098388671875,0.3159298664677287,0.32606965606162464,0.33884318576627004,0.01785929904752004,0.022913319298541346,1.1462228698177084,0.019990282781729356
5,markov,contractive,0.04,1729,axis_3,0.95,8831,32768,0.269500732421875,0.2647019603593723,0.2743403927651669,0.2863570239956348,0.016856291573759785,0.02165506363626246,0.8445852724972588,0.025639878341985587
5,markov,contractive,0.04,1729,axis_3,1.2,7362,32768,0.22467041015625,0.22016073974179232,0.2292289341952301,0.23807901327402803,0.013408603117778028,0.017918273532235712,0.6686300073936632,0.026798488452652012
5,markov,contractive,0.04,1729,mean,0.45,12468,32768,0.3804931640625,0.3752319127151133,0.38577560709836,0.40096418930337396,0.020471025240873963,0.02573227658826066,1.7830133530497683,0.014431903465134852
5,markov,contractive,0.04,1729,mean,0.7,10707,32768,0.326751708984375,0.32167367258786056,0.33186047096499827,0.3481889555140353,0.02143724652966028,0.02651528292617472,1.1462228698177084,0.023132746365801992
5,markov,contractive,0.04,1729,mean,0.95,9061,32768,0.276519775390625,0.271681660129806,0.2813975324977435,0.29820266550902386,0.021682890118398856,0.026521005379217866,0.8445852724972588,0.03140121695563185
5,markov,contractive,0.04,1729,mean,1.2,7586,32768,0.23150634765625,0.22694810766446777,0.2361122261010439,0.2517671280876175,0.020260780431367476,0.024819020423149707,0.6686300073936632,0.03711921413741941
5,markov,contractive,0.04,1729,alternating,0.45,13016,32768,0.397216796875,0.39191277567913624,0.40253904367834537,0.40096418930337396,0.0037473924283739635,0.009051413624237725,1.7830133530497683,0.005076469903467447
5,markov,contractive,0.04,1729,alternating,0.7,11291,32768,0.344573974609375,0.3394271943839182,0.3497483182156451,0.3481889555140353,0.003614980904660281,0.008761761130117063,1.1462228698177084,0.00764402923797054
5,markov,contractive,0.04,1729,alternating,0.95,9469,32768,0.288970947265625,0.28406668615112973,0.2939126395272227,0.29820266550902386,0.009231718243398856,0.014135979357894124,0.8445852724972588,0.016737184294129407
5,markov,contractive,0.04,1729,alternating,1.2,7848,32768,0.239501953125,0.23488903954865947,0.24416108413089846,0.2517671280876175,0.012265174962617476,0.016878088538958003,0.6686300073936632,0.02524279250455603
5,markov,sgd,0.04,2718,axis_0,0.45,11659,32768,0.355804443359375,0.3506184797192003,0.3610159780235007,0.37247556690636774,0.01667112354699274,0.021857087187167445,1.7830133530497683,0.012258510094600151
5,markov,sgd,0.04,2718,axis_0,0.7,9694,32768,0.29583740234375,0.29089860285064134,0.3008124140324646,0.30641843457937845,0.010581032235628451,0.01551983172873711,1.1462228698177084,0.013539977379098476
5,markov,sgd,0.04,2718,axis_0,0.95,7925,32768,0.241851806640625,0.23722325162867558,0.24652616150947534,0.24611934532395208,0.004267538683327077,0.008896093695276497,0.8445852724972588,0.010533091192760967
5,markov,sgd,0.04,2718,axis_0,1.2,6424,32768,0.196044921875,0.19175824703175595,0.2003855418541611,0.19284038841101792,0.0032045334639820844,0.007545153443143188,0.6686300073936632,0.011284497195323895
5,markov,sgd,0.04,2718,axis_3,0.45,10848,32768,0.3310546875,0.32595930338358464,0.3361800336722983,0.3521093892282766,0.021054701728276615,0.026150085844691973,1.7830133530497683,0.014666231074469165
5,markov,sgd,0.04,2718,axis_3,0.7,8677,32768,0.264801025390625,0.26002944723847177,0.269614326483183,0.2774149081187677,0.012613882728142678,0.01738546088029591,1.1462228698177084,0.015167609492088428
5,markov,sgd,0.04,2718,axis_3,0.95,6742,32768,0.20574951171875,0.20138353235090317,0.21016770950586805,0.21143708379782966,0.005687572079079661,0.01005355144692649,0.8445852724972588,0.011903536296814978
5,markov,sgd,0.04,2718,axis_3,1.2,5083,32768,0.155120849609375,0.15121656024557342,0.15908637482508015,0.15568504022228957,0.0005641906129145724,0.00446847997671615,0.6686300073936632,0.006683038343035783
5,markov,sgd,0.04,2718,mean,0.45,11381,32768,0.347320556640625,0.34216390243561234,0.3525042869476398,0.35185295863554567,0.004532401994920665,0.009689056199933321,1.7830133530497683,0.005434090655216129
5,markov,sgd,0.04,2718,mean,0.7,8841,32768,0.269805908203125,0.26500539408965923,0.2746472564012678,0.27705487468688905,0.007248966483764052,0.012049480597229822,1.1462228698177084,0.010512336574776364
5,markov,sgd,0.04,2718,mean,0.95,6702,32768,0.20452880859375,0.20017258816297254,0.20893746460440132,0.21101528766159028,0.006486479067840278,0.010842699498617742,0.8445852724972588,0.01283789790290587
5,markov,sgd,0.04,2718,mean,1.2,4970,32768,0.15167236328125,0.1478042906669116,0.15560228697858916,0.15524515316610832,0.0035727898848583184,0.007440862499196732,0.6686300073936632,0.011128520133580908
5,markov,sgd,0.04,2718,alternating,0.45,11376,32768,0.34716796875,0.34201185812653756,0.3523511825462015,0.35185295863554567,0.004684989885545665,0.009841100509008105,1.7830133530497683,0.005519364446808725
5,markov,sgd,0.04,2718,alternating,0.7,8887,32768,0.271209716796875,0.2664012263317081,0.27605879204855166,0.27705487468688905,0.005845157890014052,0.010653648355180956,1.1462228698177084,0.009294569699935648
5,markov,sgd,0.04,2718,alternating,0.95,6665,32768,0.203399658203125,0.19905251950047426,0.2077994333682594,0.21101528766159028,0.007615629458465278,0.011962768161116022,0.8445852724972588,0.014164073836789344
5,markov,sgd,0.04,2718,alternating,1.2,4864,32768,0.1484375,0.1446040343096245,0.15233339404900187,0.15524515316610832,0.006807653166108318,0.010641118856483806,0.6686300073936632,0.015914808995730178
5,markov,linear,0.04,2718,axis_0,0.45,12171,32768,0.371429443359375,0.3661941260387237,0.37668756002226267,0.38709788713505733,0.015668443775682328,0.02090376109633363,1.7830133530497683,0.011723838781453116
5,markov,linear,0.04,2718,axis_0,0.7,10393,32768,0.317169189453125,0.3121315383323366,0.3222392666250854,0.3276993408271379,0.01053015137401292,0.01556780249480133,1.1462228698177084,0.013581828547250313
5,markov,linear,0.04,2718,axis_0,0.95,8680,32768,0.264892578125,0.2601204636123297,0.2697063993177523,0.2723706743188794,0.007478096193879402,0.012250210706549691,0.8445852724972588,0.014504409566991889
5,markov,linear,0.04,2718,axis_0,1.2,7211,32768,0.220062255859375,0.21558630495076814,0.2245878796886281,0.22212306122319458,0.0020608053638195845,0.006536756272426447,0.6686300073936632,0.009776342970168045
5,markov,linear,0.04,2718,axis_3,0.45,11278,32768,0.34417724609375,0.3390319078092247,0.3493502181447855,0.365836716895382,0.021659470801631997,0.02680480908615729,1.7830133530497683,0.015033431488501645
5,markov,linear,0.04,2718,axis_3,0.7,9192,32768,0.280517578125,0.2756577228047755,0.28541636543437626,0.29687817417562234,0.016360596050622345,0.021220451370846827,1.1462228698177084,0.01851337286109259
5,markov,linear,0.04,2718,axis_3,0.95,7421,32768,0.226470947265625,0.22194831745366975,0.23104211061107138,0.2345633427670446,0.008092395501419603,0.012615025313374856,0.8445852724972588,0.014936354829009643
5,markov,linear,0.04,2718,axis_3,1.2,5798,32768,0.17694091796875,0.17282249951813985,0.181116682877896,0.18025311076634265,0.00331219279759265,0.007430611248202795,0.6686300073936632,0.011113188409188375
5,markov,linear,0.04,2718,mean,0.45,11926,32768,0.36395263671875,0.35874019528240786,0.36918920375053343,0.3659624897329099,0.0020098530141599014,0.0072222944505020426,1.7830133530497683,0.00405061153252084
5,markov,linear,0.04,2718,mean,0.7,9565,32768,0.291900634765625,0.28698147133495044,0.2968567092422232,0.2970581682216714,0.005157533456046415,0.01007669688672097,1.1462228698177084,0.008791219536845864
5,markov,linear,0.04,2718,mean,0.95,7510,32768,0.22918701171875,0.2246450590992945,0.2337770150546381,0.23478007531485945,0.005593063596109449,0.010135016215564951,0.8445852724972588,0.01199999164749566
5,markov,linear,0.04,2718,mean,1.2,5821,32768,0.177642822265625,0.17351792027374174,0.1818249456891902,0.1804873593037899,0.002844537038164896,0.006969439030048152,0.6686300073936632,0.010423461335836846
5,markov,linear,0.04,2718,alternating,0.45,11857,32768,0.361846923828125,0.35664116941114105,0.36707717736966733,0.3659624897329099,0.004115565904784901,0.009321320321768856,1.7830133530497683,0.0052278466147351816
5,markov,linear,0.04,2718,alternating,0.7,9498,32768,0.28985595703125,0.28494716798251846,0.2948020201107534,0.2970581682216714,0.007202211190421415,0.012111000239152958,1.1462228698177084,0.010566008197933664
5,markov,linear,0.04,2718,alternating,0.95,7481,32768,0.228302001953125,0.22376631582835235,0.23288589611255636,0.23478007531485945,0.006478073361734449,0.011013759486507096,0.8445852724972588,0.01304043516404419
5,markov,linear,0.04,2718,alternating,1.2,5692,32768,0.1737060546875,0.16961782879108833,0.17785220331661644,0.1804873593037899,0.006781304616289896,0.010869530512701564,0.6686300073936632,0.016256420430592507
5,markov,contractive,0.04,2718,axis_0,0.45,11884,32768,0.3626708984375,0.3574625145022537,0.36790363533304066,0.37953609687796397,0.01686519844046397,0.022073582375710277,1.7830133530497683,0.01237993105208907
5,markov,contractive,0.04,2718,axis_0,0.7,9989,32768,0.304840087890625,0.29985803433917513,0.309856755637464,0.3166497507581355,0.011809662867510506,0.01679171641896038,1.1462228698177084,0.01464960860677198
5,markov,contractive,0.04,2718,axis_0,0.95,8208,32768,0.25048828125,0.24580386028139564,0.25521696756573287,0.25866180238214476,0.008173521132144757,0.012857942100749115,0.8445852724972588,0.015223971479790214
5,markov,contractive,0.04,2718,axis_0,1.2,6755,32768,0.206146240234375,0.20177710237766674,0.21056752593532502,0.20671712695869493,0.00057088672431993,0.004940024581028185,0.6686300073936632,0.007388278309979726
5,markov,contractive,0.04,2718,axis_3,0.45,12254,32768,0.37396240234375,0.3687196402506282,0.3792275144925581,0.39466305647493005,0.020700654131180052,0.025943416224301852,1.7830133530497683,0.0145503207701315
5,markov,contractive,0.04,2718,axis_3,0.7,10456,32768,0.319091796875,0.3140458470995335,0.3241698315104486,0.33884318576627004,0.01975138889127004,0.024797338666736557,1.1462228698177084,0.021633959083960912
5,markov,contractive,0.04,2718,axis_3,0.95,8811,32768,0.268890380859375,0.2640951015595057,0.2737266568331816,0.2863570239956348,0.017466643136259785,0.022261922436129067,0.8445852724972588,0.02635840709169046
5,markov,contractive,0.04,2718,axis_3,1.2,7343,32768,0.224090576171875,0.21958510476673487,0.22864500428538484,0.23807901327402803,0.013988437102153028,0.018493908507293155,0.6686300073936632,0.0276594055049711
5,markov,contractive,0.04,2718,mean,0.45,12704,32768,0.3876953125,0.38241484042910295,0.39299569886167096,0.40096418930337396,0.013268876803373963,0.01854934887427101,1.7830133530497683,0.010403370699688334
5,markov,contractive,0.04,2718,mean,0.7,10943,32768,0.333953857421875,0.32884705657451524,0.339090105910166,0.3481889555140353,0.014235098092160281,0.01934189893952004,1.1462228698177084,0.01687446608232142
5,markov,contractive,0.04,2718,mean,0.95,9315,32768,0.284271240234375,0.2793914069190661,0.28918933907486205,0.29820266550902386,0.013931425274648856,0.018811258589957747,0.8445852724972588,0.022272776003229206
5,markov,contractive,0.04,2718,mean,1.2,7760,32768,0.23681640625,0.2322216041560003,0.24145790303019432,0.2517671280876175,0.014950721837617476,0.01954552393161718,0.6686300073936632,0.029232196753786344
5,markov,contractive,0.04,2718,alternating,0.45,12972,32768,0.3958740234375,0.39057319580696515,0.4011933148179734,0.40096418930337396,0.0050901658658739635,0.010390993496408818,1.7830133530497683,0.00582777099152705
5,markov,contractive,0.04,2718,alternating,0.7,11139,32768,0.339935302734375,0.3348056311148588,0.3450933607217711,0.3481889555140353,0.008253652779660281,0.0133833243991765,1.1462228698177084,0.011676022832544722
5,markov,contractive,0.04,2718,alternating,0.95,9412,32768,0.2872314453125,0.2823361503294691,0.2921644802637216,0.29820266550902386,0.010971220196523856,0.01586651517955473,0.8445852724972588,0.018786161322279303
5,markov,contractive,0.04,2718,alternating,1.2,7826,32768,0.23883056640625,0.2342221570428771,0.24348531251023103,0.2517671280876175,0.012936561681367476,0.01754497104474037,0.6686300073936632,0.02624017894908892
5,markov,sgd,0.04,3141,axis_0,0.45,11641,32768,0.355255126953125,0.35007100697982046,0.36046491539829595,0.37247556690636774,0.01722043995324274,0.022404559926547274,1.7830133530497683,0.012565559247341155
5,markov,sgd,0.04,3141,axis_0,0.7,9616,32768,0.29345703125,0.28853005166055745,0.29842064559089354,0.30641843457937845,0.012961403329378451,0.017888382918821,1.1462228698177084,0.015606374109134562
5,markov,sgd,0.04,3141,axis_0,0.95,7852,32768,0.2396240234375,0.23501029260099965,0.24428395001086078,0.24611934532395208,0.006495321886452077,0.011109052722952428,0.8445852724972588,0.013153263601323907
5,markov,sgd,0.04,3141,axis_0,1.2,6277,32768,0.191558837890625,0.1873101863498927,0.19586223300336755,0.19284038841101792,0.0012815505203929156,0.005530202061125228,0.6686300073936632,0.008270945066737426
5,markov,sgd,0.04,3141,axis_3,0.45,10946,32768,0.33404541015625,0.32893825232042534,0.3391819993885645,0.3521093892282766,0.018063979072026615,0.023171136907851275,1.7830133530497683,0.012995492640713
5,markov,sgd,0.04,3141,axis_3,0.7,8794,32768,0.26837158203125,0.2635792806742267,0.2732049721973613,0.2774149081187677,0.009043326087517678,0.013835627444540977,1.1462228698177084,0.012070625886867315
5,markov,sgd,0.04,3141,axis_3,0.95,6869,32768,0.209625244140625,0.20522868290614496,0.21407333437517215,0.21143708379782966,0.0018118396572046613,0.006208400891684701,0.8445852724972588,0.007350827789511155
5,markov,sgd,0.04,3141,axis_3,1.2,5195,32768,0.158538818359375,0.15459930235691874,0.1625389605877097,0.15568504022228957,0.0028537781370854276,0.006853920365420124,0.6686300073936632,0.010250692146074748
5,markov,sgd,0.04,3141,mean,0.45,11224,32768,0.342529296875,0.3373899907514172,0.347696529139139,0.35185295863554567,0.009323661760545665,0.014462967884128486,1.7830133530497683,0.008111530886400932
5,markov,sgd,0.04,3141,mean,0.7,8824,32768,0.269287109375,0.26448955846507993,0.274125586503171,0.27705487468688905,0.007767765311889052,0.01256531622180912,1.1462228698177084,0.010962367400510398
5,markov,sgd,0.04,3141,mean,0.95,6802,32768,0.20758056640625,0.20320006298842094,0.2120129625211923,0.21101528766159028,0.0034347212553402784,0.007815224673169335,0.8445852724972588,0.009253328145376464
5,markov,sgd,0.04,3141,mean,1.2,5086,32768,0.15521240234375,0.15130716080122872,0.15917886340686274,0.15524515316610832,3.275082235831839e-05,0.0039379923648796,0.6686300073936632,0.005889643481946009
5,markov,sgd,0.04,3141,alternating,0.45,11371,32768,0.347015380859375,0.34185981440153845,0.35219807756072347,0.35185295863554567,0.004837577776170665,0.009993144234007212,1.7830133530497683,0.005604637910823475
5,markov,sgd,0.04,3141,alternating,0.7,8919,32768,0.272186279296875,0.2673722758844913,0.27704069407474013,0.27705487468688905,0.004868595390014052,0.009682598802397746,1.1462228698177084,0.00844739627637829
5,markov,sgd,0.04,3141,alternating,0.95,6809,32768,0.207794189453125,0.2034120004494072,0.2122282331544834,0.21101528766159028,0.0032210982084652784,0.007603287212183091,0.8445852724972588,0.009002391421888982
5,markov,sgd,0.04,3141,alternating,1.2,4918,32768,0.15008544921875,0.14623427588231844,0.15399875681058112,0.15524515316610832,0.005159703947358318,0.009010877283789881,0.6686300073936632,0.01347662710938522
5,markov,linear,0.04,3141,axis_0,0.45,12177,32768,0.371612548828125,0.3663766881769696,0.3768711763427156,0.38709788713505733,0.015485338306932328,0.020721198958087717,1.7830133530497683,0.01162144911738602
5,markov,linear,0.04,3141,axis_0,0.7,10331,32768,0.315277099609375,0.3102477123356758,0.3203392487171675,0.3276993408271379,0.01242224121776292,0.017451628491462146,1.1462228698177084,0.015225336146222242
5,markov,linear,0.04,3141,axis_0,0.95,8648,32768,0.263916015625,0.25914963592115525,0.268724275453881,0.2723706743188794,0.008454658693879402,0.01322103839772415,0.8445852724972588,0.015653882240489886
5,markov,linear,0.04,3141,axis_0,1.2,7092,32768,0.2164306640625,0.21198185548330534,0.22092979131718182,0.22212306122319458,0.0056923971606945845,0.010141205739889247,0.6686300073936632,0.015167141210757091
5,markov,linear,0.04,3141,axis_3,0.45,11470,32768,0.35003662109375,0.34487038866697267,0.3552294477693632,0.365836716895382,0.015800095801631997,0.020966328228409326,1.7830133530497683,0.011758929450835192
5,markov,linear,0.04,3141,axis_3,0.7,9355,32768,0.285491943359375,0.28060570292306714,0.2904162325933437,0.29687817417562234,0.011386230816247345,0.01627247125255521,1.1462228698177084,0.014196603192137608
5,markov,linear,0.04,3141,axis_3,0.95,7554,32768,0.23052978515625,0.22597837923769182,0.23512900310912196,0.2345633427670446,0.0040335576107946025,0.008584963529352785,0.8445852724972588,0.01016470901033933
5,markov,linear,0.04,3141,axis_3,1.2,5908,32768,0.1802978515625,0.17614863998482871,0.18450381168722801,0.18025311076634265,4.474079615734983e-05,0.004250700920885364,0.6686300073936632,0.006357328976984902
5,markov,linear,0.04,3141,mean,0.45,11717,32768,0.357574462890625,0.35238260913742314,0.3627915736718321,0.3659624897329099,0.008388026842284901,0.01357988059548676,1.7830133530497683,0.007616252885744772
5,markov,linear,0.04,3141,mean,0.7,9492,32768,0.2896728515625,0.2847649974631933,0.2946180121992316,0.2970581682216714,0.007385316659171415,0.012293170758478134,1.1462228698177084,0.010724939348342613
5,markov,linear,0.04,3141,mean,0.95,7501,32768,0.228912353515625,0.22437234260942535,0.23350046396072674,0.23478007531485945,0.005867721799234449,0.010407732705434103,0.8445852724972588,0.01232289153546409
5,markov,linear,0.04,3141,mean,1.2,5837,32768,0.178131103515625,0.17400170532716785,0.18231763616339575,0.1804873593037899,0.002356255788164896,0.006485653976622041,0.6686300073936632,0.009699914608833196
5,markov,linear,0.04,3141,alternating,0.45,11837,32768,0.361236572265625,0.35603277631592856,0.3664649756102877,0.3659624897329099,0.004725917467284901,0.009929713416981345,1.7830133530497683,0.0055690628452092035
5,markov,linear,0.04,3141,alternating,0.7,9600,32768,0.29296875,0.28804421504735966,0.29793000638402584,0.2970581682216714,0.004089418221671415,0.00901395317431175,1.1462228698177084,0.00786404931507369
5,markov,linear,0.04,3141,alternating,0.95,7603,32768,0.232025146484375,0.2274632898922518,0.23663454931637168,0.23478007531485945,0.002754928830484449,0.007316785422607636,0.8445852724972588,0.00866316955891672
5,markov,linear,0.04,3141,alternating,1.2,5815,32768,0.177459716796875,0.17333650385650431,0.18164018378416463,0.1804873593037899,0.003027642506914896,0.007150855447285581,0.6686300073936632,0.010694786904883014
5,markov,contractive,0.04,3141,axis_0,0.45,11845,32768,0.361480712890625,0.35627613246292417,0.3667098574050703,0.37953609687796397,0.01805538398733897,0.023259964415039802,1.7830133530497683,0.013045311396717598
5,markov,contractive,0.04,3141,axis_0,0.7,9914,32768,0.30255126953125,0.29757999731741175,0.3075575621931382,0.3166497507581355,0.014098481226885506,0.019069753440723758,1.1462228698177084,0.016637037999212623
5,markov,contractive,0.04,3141,axis_0,0.95,8187,32768,0.249847412109375,0.2451670503460493,0.2545721530773633,0.25866180238214476,0.008814390272769757,0.013494752036095459,0.8445852724972588,0.01597796276531599
5,markov,contractive,0.04,3141,axis_0,1.2,6596,32768,0.2012939453125,0.19696388440943194,0.2056770173206566,0.20671712695869493,0.00542318164619493,0.009753242549262992,0.6686300073936632,0.014586905226227251
5,markov,contractive,0.04,3141,axis_3,0.45,12400,32768,0.37841796875,0.37316248266596824,0.38369501459658695,0.39466305647493005,0.016245087724930052,0.02150057380896181,1.7830133530497683,0.012058560174092917
5,markov,contractive,0.04,3141,axis_3,0.7,10639,32768,0.324676513671875,0.31960701686273674,0.3297771043038879,0.33884318576627004,0.014166672094395039,0.0192361689035333,1.1462228698177084,0.016782223954921228
5,markov,contractive,0.04,3141,axis_3,0.95,9032,32768,0.275634765625,0.2708015281830617,0.28050780206377657,0.2863570239956348,0.010722258370634785,0.015555495812573095,0.8445852724972588,0.01841791032725305
5,markov,contractive,0.04,3141,axis_3,1.2,7510,32768,0.22918701171875,0.2246450590992945,0.2337770150546381,0.23807901327402803,0.008892001555278028,0.013433954174733531,0.6686300073936632,0.020091760803705814
5,markov,contractive,0.04,3141,mean,0.45,12629,32768,0.385406494140625,0.3801319981611081,0.39070131035768757,0.40096418930337396,0.015557695162748963,0.020832191142265866,1.7830133530497683,0.011683698894701652
5,markov,contractive,0.04,3141,mean,0.7,10895,32768,0.332489013671875,0.3273879540830555,0.33761978081467614,0.3481889555140353,0.01569994184216028,0.020801001430979793,1.1462228698177084,0.01814743186400383
5,markov,contractive,0.04,3141,mean,0.95,9209,32768,0.281036376953125,0.2761737355123372,0.28593785826770857,0.29820266550902386,0.017166288555898856,0.022028929996686653,0.8445852724972588,0.026082540998556367
5,markov,contractive,0.04,3141,mean,1.2,7699,32768,0.234954833984375,0.2303727353638262,0.23958395813647898,0.2517671280876175,0.016812294103242476,0.02139439272379129,0.6686300073936632,0.03199735651588115
5,markov,contractive,0.04,3141,alternating,0.45,13091,32768,0.399505615234375,0.3941962464362779,0.4048328037190579,0.40096418930337396,0.0014585740689989635,0.006767942867096088,1.7830133530497683,0.0037957892213873836
5,markov,contractive,0.04,3141,alternating,0.7,11310,32768,0.34515380859375,0.34000492805538246,0.3503301496419754,0.3481889555140353,0.003035146920285281,0.00818402745865282,1.1462228698177084,0.007139996656980315
5,markov,contractive,0.04,3141,alternating,0.95,9539,32768,0.291107177734375,0.2861920258440885,0.29605938152905253,0.29820266550902386,0.0070954877746488565,0.012010639664935374,0.8445852724972588,0.014220754322914572
5,markov,contractive,0.04,3141,alternating,1.2,7964,32768,0.2430419921875,0.23840558763469072,0.24772398510873417,0.2517671280876175,0.008725135900117476,0.013361540452926757,0.6686300073936632,0.019983459170506545
5,markov,sgd,0.04,5772,axis_0,0.45,11610,32768,0.35430908203125,0.34912815473167863,0.35951584563066336,0.37247556690636774,0.01816648487511774,0.02334741217468911,1.7830133530497683,0.013094356323666536
5,markov,sgd,0.04,5772,axis_0,0.7,9658,32768,0.29473876953125,0.28980540526583026,0.29970854101623734,0.30641843457937845,0.011679665048128451,0.01661302931354819,1.1462228698177084,0.014493716493538707
5,markov,sgd,0.04,5772,axis_0,0.95,7821,32768,0.238677978515625,0.23407059503069375,0.24333172585760016,0.24611934532395208,0.007441366808327077,0.012048750293258331,0.8445852724972588,0.014265877804893214
5,markov,sgd,0.04,5772,axis_0,1.2,6174,32768,0.18841552734375,0.18419404917959256,0.19269230862446388,0.19284038841101792,0.004424861067267916,0.008646339231425354,0.6686300073936632,0.012931425655167654
5,markov,sgd,0.04,5772,axis_3,0.45,11091,32768,0.338470458984375,0.33334630367159773,0.34362326056301745,0.3521093892282766,0.013638930243901615,0.018763085556678882,1.7830133530497683,0.010523244553713198
5,markov,sgd,0.04,5772,axis_3,0.7,8901,32768,0.271636962890625,0.2668260569023524,0.27648837779332786,0.2774149081187677,0.005777945228142678,0.010588851216415285,1.1462228698177084,0.009238038687972874
5,markov,sgd,0.04,5772,axis_3,0.95,6925,32768,0.211334228515625,0.20692437463660776,0.2157953074297131,0.21143708379782966,0.00010285528220466134,0.004512709161221901,0.8445852724972588,0.0053431066206953625
5,markov,sgd,0.04,5772,axis_3,1.2,5253,32768,0.160308837890625,0.15635133568519727,0.16432665068273639,0.15568504022228957,0.004623797668335428,0.008641610460446814,0.6686300073936632,0.012924353326785364
5,markov,sgd,0.04,5772,mean,0.45,11151,32768,0.340301513671875,0.3351704715206556,0.34546087721703483,0.35185295863554567,0.011551444963670665,0.016682487114890066,1.7830133530497683,0.00935634446391295
5,markov,sgd,0.04,5772,mean,0.7,8748,32768,0.2669677734375,0.26218357207055576,0.2717933129249408,0.27705487468688905,0.010087101249389052,0.014871302616333293,1.1462228698177084,0.01297418068328926
5,markov,sgd,0.04,5772,mean,0.95,6654,32768,0.20306396484375,0.19871953630355532,0.20746108956998274,0.21101528766159028,0.007951322817840278,0.012295751358034956,0.8445852724972588,0.014558330293493087
5,markov,sgd,0.04,5772,mean,1.2,4920,32768,0.150146484375,0.14629465831208857,0.15406043380138024,0.15524515316610832,0.005098668791108318,0.008950494854019747,0.6686300073936632,0.013386319421871304
5,markov,sgd,0.04,5772,alternating,0.45,11399,32768,0.347869873046875,0.34271126678164576,0.3530554579597491,0.35185295863554567,0.003983085588670665,0.009141691853899903,1.7830133530497683,0.005127102294698707
5,markov,sgd,0.04,5772,alternating,0.7,8967,32768,0.273651123046875,0.26882890507618196,0.2785134922572552,0.27705487468688905,0.003403751640014052,0.008225969610707096,1.1462228698177084,0.007176588277300145
5,markov,sgd,0.04,5772,alternating,0.95,6732,32768,0.2054443359375,0.20108079056414105,0.20986015401933547,0.21101528766159028,0.005570951724090278,0.00993449709744923,0.8445852724972588,0.011762574391186147
5,markov,sgd,0.04,5772,alternating,1.2,4883,32768,0.149017333984375,0.14517761928925996,0.15291937355268542,0.15524515316610832,0.006227819181733318,0.010067533876848361,0.6686300073936632,0.015056957907246588
5,markov,linear,0.04,5772,axis_0,0.45,12159,32768,0.371063232421875,0.36582900417581166,0.3763203249679027,0.38709788713505733,0.016034654713182328,0.021268882959245672,1.7830133530497683,0.011928616755935201
5,markov,linear,0.04,5772,axis_0,0.7,10337,32768,0.315460205078125,0.3104300138625282,0.3205231256323663,0.3276993408271379,0.01223913574901292,0.0172693269646097,1.1462228698177084,0.015066290700826932
5,markov,linear,0.04,5772,axis_0,0.95,8645,32768,0.263824462890625,0.25905862236911703,0.26863219979780323,0.2723706743188794,0.008546211428254402,0.013312051949762371,0.8445852724972588,0.015761643475503035
5,markov,linear,0.04,5772,axis_0,1.2,7092,32768,0.2164306640625,0.21198185548330534,0.22092979131718182,0.22212306122319458,0.0056923971606945845,0.010141205739889247,0.6686300073936632,0.015167141210757091
5,markov,linear,0.04,5772,axis_3,0.45,11527,32768,0.351776123046875,0.3466038529737817,0.3569746787720446,0.365836716895382,0.014060593848506997,0.019232863921600285,1.7830133530497683,0.010786718948965409
5,markov,linear,0.04,5772,axis_3,0.7,9471,32768,0.289031982421875,0.2841274083059645,0.29397397684921023,0.29687817417562234,0.007846191753747345,0.012750765869657843,1.1462228698177084,0.0111241593632534
5,markov,linear,0.04,5772,axis_3,0.95,7598,32768,0.23187255859375,0.22731176470117234,0.23648092584757388,0.2345633427670446,0.0026907841732946025,0.007251578065872261,0.8445852724972588,0.008585963196387368
5,markov,linear,0.04,5772,axis_3,1.2,5979,32768,0.182464599609375,0.17829579831731976,0.18668976358032563,0.18025311076634265,0.00221148884303235,0.006436652813982979,0.6686300073936632,0.009626628692710361
5,markov,linear,0.04,5772,mean,0.45,11588,32768,0.3536376953125,0.34845904720974025,0.35884229881960467,0.3659624897329099,0.012324794420409901,0.017503442523169654,1.7830133530497683,0.009816775905368719
5,markov,linear,0.04,5772,mean,0.7,9428,32768,0.2877197265625,0.28282190586539263,0.2926552005403368,0.2970581682216714,0.009338441659171415,0.014236262356278784,1.1462228698177084,0.012420152076134089
5,markov,linear,0.04,5772,mean,0.95,7432,32768,0.226806640625,0.2222816079212441,0.23138014718615327,0.23478007531485945,0.007973434689859449,0.012498467393615348,0.8445852724972588,0.014798348728790926
5,markov,linear,0.04,5772,mean,1.2,5719,32768,0.174530029296875,0.17043406385330637,0.1786837706762868,0.1804873593037899,0.005957330006914896,0.01005329545048353,0.6686300073936632,0.015035662981491858
5,markov,linear,0.04,5772,alternating,0.45,11857,32768,0.361846923828125,0.35664116941114105,0.36707717736966733,0.3659624897329099,0.004115565904784901,0.009321320321768856,1.7830133530497683,0.0052278466147351816
5,markov,linear,0.04,5772,alternating,0.7,9591,32768,0.292694091796875,0.28777093495999867,0.29765401882287384,0.2970581682216714,0.004364076424796415,0.009287233261672745,1.1462228698177084,0.00810246724805775
5,markov,linear,0.04,5772,alternating,0.95,7568,32768,0.23095703125,0.22640263118194903,0.23555916740995977,0.23478007531485945,0.003823044064859449,0.008377444132910417,0.8445852724972588,0.009919003333008753
5,markov,linear,0.04,5772,alternating,1.2,5706,32768,0.17413330078125,0.17004105757962648,0.17828339059781936,0.1804873593037899,0.006354058522539896,0.010446301724163415,0.6686300073936632,0.01562344137811488
5,markov,contractive,0.04,5772,axis_0,0.45,11841,32768,0.361358642578125,0.35615445420752384,0.36658741668957034,0.37953609687796397,0.01817745429983897,0.023381642670440128,1.7830133530497683,0.01311355443886431
5,markov,contractive,0.04,5772,axis_0,0.7,9927,32768,0.302947998046875,0.2979748466135405,0.3079560995102435,0.3166497507581355,0.013701752711260506,0.018674904144594995,1.1462228698177084,0.016292559358517242
5,markov,contractive,0.04,5772,axis_0,0.95,8144,32768,0.24853515625,0.24386314898058362,0.2532517758661516,0.25866180238214476,0.010126646132144757,0.01479865340156114,0.8445852724972588,0.01752179902190891
5,markov,contractive,0.04,5772,axis_0,1.2,6531,32768,0.199310302734375,0.1949964998788679,0.20367746964799024,0.20671712695869493,0.00740682422431993,0.011720627079827017,0.6686300073936632,0.01752931658798013
5,markov,contractive,0.04,5772,axis_3,0.45,12457,32768,0.380157470703125,0.37489714505801436,0.3854390475777821,0.39466305647493005,0.014505585771805052,0.019765911416915694,1.7830133530497683,0.011085677728159996
5,markov,contractive,0.04,5772,axis_3,0.7,10719,32768,0.327117919921875,0.32203838828240205,0.3322281121629926,0.33884318576627004,0.011725265844395039,0.016804797483867984,1.1462228698177084,0.014661020929150162
5,markov,contractive,0.04,5772,axis_3,0.95,9020,32768,0.2752685546875,0.2704373426002727,0.2801396308000869,0.2863570239956348,0.011088469308134785,0.015919681395362095,0.8445852724972588,0.01884911081659166
5,markov,contractive,0.04,5772,axis_3,1.2,7602,32768,0.23199462890625,0.2274329847869893,0.23660382468964872,0.23807901327402803,0.0060843843677780285,0.010646028487038717,0.6686300073936632,0.015922151816872843
5,markov,contractive,0.04,5772,mean,0.45,12497,32768,0.381378173828125,0.3761144947648456,0.3866628876085456,0.40096418930337396,0.019586015475248963,0.024849694538528366,1.7830133530497683,0.013936908826859891
5,markov,contractive,0.04,5772,mean,0.7,10731,32768,0.327484130859375,0.3224031074920605,0.33259574984612256,0.3481889555140353,0.02070482465466028,0.025785848021974755,1.1462228698177084,0.022496364974881066
5,markov,contractive,0.04,5772,mean,0.95,9044,32768,0.2760009765625,0.2711657178346952,0.2808759692590401,0.29820266550902386,0.022201688946523856,0.027036947674328682,0.8445852724972588,0.03201209937557422
5,markov,contractive,0.04,5772,mean,1.2,7586,32768,0.23150634765625,0.22694810766446777,0.2361122261010439,0.2517671280876175,0.020260780431367476,0.024819020423149707,0.6686300073936632,0.03711921413741941
5,markov,contractive,0.04,5772,alternating,0.45,12900,32768,0.3936767578125,0.3883812460559978,0.3989911230101874,0.40096418930337396,0.0072874314908739635,0.012582943247376188,1.7830133530497683,0.007057122273287298
5,markov,contractive,0.04,5772,alternating,0.7,11124,32768,0.3394775390625,0.33434958541070064,0.3446339602999142,0.3481889555140353,0.008711416451535281,0.013839370103334636,1.1462228698177084,0.012073891097231034
5,markov,contractive,0.04,5772,alternating,0.95,9415,32768,0.287322998046875,0.28242722896212397,0.29225649084586736,0.29820266550902386,0.010879667462148856,0.01577543654689989,0.8445852724972588,0.01867832303096558
5,markov,contractive,0.04,5772,alternating,1.2,7883,32768,0.240570068359375,0.23595002131968756,0.24523614301979788,0.2517671280876175,0.011197059728242476,0.01581710676792991,0.6686300073936632,0.023655992990182114
5,markov,sgd,0.02,1729,axis_0,0.45,11691,32768,0.356781005859375,0.351591782961792,0.36199562654122336,0.37247556690636774,0.01569456104699274,0.02088378394457574,1.6528965956308097,0.012634658453395673
5,markov,sgd,0.02,1729,axis_0,0.7,9601,32768,0.292999267578125,0.28807457963524147,0.2979606715348801,0.30641843457937845,0.013419167001253451,0.018343854944136984,1.0625763829055206,0.017263563579285796
5,markov,sgd,0.02,1729,axis_0,0.95,7772,32768,0.2371826171875,0.2325853304511743,0.24182653352760608,0.24611934532395208,0.008936728136452077,0.013534014872777778,0.7829510189830152,0.01728590236763122
5,markov,sgd,0.02,1729,axis_0,1.2,6180,32768,0.1885986328125,0.18437555954755827,0.19287697659692435,0.19284038841101792,0.004241755598517916,0.008464828863459645,0.6198362233615538,0.01365655723951142
5,markov,sgd,0.02,1729,axis_3,0.45,11276,32768,0.3441162109375,0.3389710948425561,0.3492889716275447,0.3521093892282766,0.007993178290776615,0.013138294385720506,1.6528965956308097,0.007948648705823258
5,markov,sgd,0.02,1729,axis_3,0.7,8899,32768,0.271575927734375,0.2667653664769034,0.2764270087451084,0.2774149081187677,0.005838980384392678,0.010649541641864269,1.0625763829055206,0.010022377509223426
5,markov,sgd,0.02,1729,axis_3,0.95,6911,32768,0.210906982421875,0.206500440771551,0.21536482509678456,0.21143708379782966,0.0005301013759546613,0.004936643026278664,0.7829510189830152,0.006305174789466308
5,markov,sgd,0.02,1729,axis_3,1.2,5236,32768,0.1597900390625,0.1558377907829399,0.1638026904395418,0.15568504022228957,0.004104998840210428,0.00811765021725222,0.6198362233615538,0.01309644372384018
5,markov,sgd,0.02,1729,mean,0.45,11377,32768,0.347198486328125,0.3420422669416322,0.3523818034732063,0.35185295863554567,0.004654472307420665,0.009810691693913465,1.6528965956308097,0.005935453990193091
5,markov,sgd,0.02,1729,mean,0.7,8950,32768,0.27313232421875,0.26831300805807884,0.27799188374620953,0.27705487468688905,0.003922550468139052,0.008741866628810213,1.0625763829055206,0.008227047739294144
5,markov,sgd,0.02,1729,mean,0.95,6729,32768,0.205352783203125,0.20098996877317318,0.2097678866284373,0.21101528766159028,0.005662504458465278,0.010025318888417095,0.7829510189830152,0.01280452882153357
5,markov,sgd,0.02,1729,mean,1.2,4944,32768,0.15087890625,0.14701926469306686,0.15480054047152186,0.15524515316610832,0.004366246916108318,0.008225888473041454,0.6198362233615538,0.01327106768370207
5,markov,sgd,0.02,1729,alternating,0.45,11401,32768,0.347930908203125,0.3427720855090684,0.35311669871659285,0.35185295863554567,0.003922050432420665,0.009080873126477262,1.6528965956308097,0.005493914834407199
5,markov,sgd,0.02,1729,alternating,0.7,8933,32768,0.272613525390625,0.2677971192756946,0.27747026700030497,0.27705487468688905,0.004441349296264052,0.009257755411194446,1.0625763829055206,0.008712555219682125
5,markov,sgd,0.02,1729,alternating,0.95,6724,32768,0.2052001953125,0.20083859988648303,0.20961410687881019,0.21101528766159028,0.005815092349090278,0.010176687775107246,0.7829510189830152,0.012997860055570108
5,markov,sgd,0.02,1729,alternating,1.2,5003,32768,0.152679443359375,0.1488007229301745,0.15661983518496442,0.15524515316610832,0.0025657098067333184,0.006444430235933829,0.6198362233615538,0.010396988741612732
5,markov,linear,0.02,1729,axis_0,0.45,12191,32768,0.372039794921875,0.3668026696265717,0.3772996112968979,0.38709788713505733,0.015058092213182328,0.02029521750848562,1.6528965956308097,0.012278576628527795
5,markov,linear,0.02,1729,axis_0,0.7,10344,32768,0.315673828125,0.31064270012014145,0.32073764755723616,0.3276993408271379,0.01202551270213792,0.017056640706996473,1.0625763829055206,0.016052154914601626
5,markov,linear,0.02,1729,axis_0,0.95,8596,32768,0.2623291015625,0.2575721052708855,0.2671282598343436,0.2723706743188794,0.010041572756379402,0.014798569047993926,0.7829510189830152,0.018901015119970048
5,markov,linear,0.02,1729,axis_0,1.2,7071,32768,0.215789794921875,0.21134582896390822,0.22028419352005893,0.22212306122319458,0.0063332663013195845,0.010777232259286368,0.6198362233615538,0.01738722561395053
5,markov,linear,0.02,1729,axis_3,0.45,11680,32768,0.3564453125,0.3512572073215916,0.36165887501366445,0.365836716895382,0.009391404395381997,0.014579509573790395,1.6528965956308097,0.008820581766777906
5,markov,linear,0.02,1729,axis_3,0.7,9531,32768,0.290863037109375,0.2859491231942478,0.2958140462702963,0.29687817417562234,0.006015137066247345,0.010929050981374533,1.0625763829055206,0.010285426212363214
5,markov,linear,0.02,1729,axis_3,0.95,7593,32768,0.231719970703125,0.22716024034852003,0.23632730154046336,0.2345633427670446,0.0028433720639196025,0.007403102418524571,0.7829510189830152,0.009455383847817904
5,markov,linear,0.02,1729,axis_3,1.2,5962,32768,0.18194580078125,0.17778166978495827,0.18616638684346112,0.18025311076634265,0.0016926900149073498,0.005913276077118473,0.6198362233615538,0.009540062123263854
5,markov,linear,0.02,1729,mean,0.45,11923,32768,0.363861083984375,0.3586489310444487,0.3690973787600176,0.3659624897329099,0.0021014057485349014,0.007313558688461175,1.6528965956308097,0.0044246922086919995
5,markov,linear,0.02,1729,mean,0.7,9585,32768,0.292510986328125,0.2875887494392537,0.29747002591138755,0.2970581682216714,0.004547181893546415,0.009469418782417693,1.0625763829055206,0.008911753484040752
5,markov,linear,0.02,1729,mean,0.95,7552,32768,0.23046875,0.22591777235665741,0.23506755052664743,0.23478007531485945,0.004311325314859449,0.008862302958202034,0.7829510189830152,0.011319102655634052
5,markov,linear,0.02,1729,mean,1.2,5813,32768,0.177398681640625,0.17327603207895367,0.1815785961210331,0.1804873593037899,0.003088677663164896,0.007211327224836223,0.6198362233615538,0.011634246197692478
5,markov,linear,0.02,1729,alternating,0.45,11847,32768,0.361541748046875,0.3563369717270242,0.366771077626426,0.3659624897329099,0.004420741686034901,0.00962551800588568,1.6528965956308097,0.005823424182328967
5,markov,linear,0.02,1729,alternating,0.7,9627,32768,0.293792724609375,0.2888640682977625,0.29875795608034245,0.2970581682216714,0.0032654436122964148,0.008194099923908904,1.0625763829055206,0.007711539665038354
5,markov,linear,0.02,1729,alternating,0.95,7534,32768,0.22991943359375,0.22537231650710857,0.23451447120544744,0.23478007531485945,0.004860641721109449,0.009407758807750882,0.7829510189830152,0.0120157692878039
5,markov,linear,0.02,1729,alternating,1.2,5778,32768,0.17633056640625,0.17221780531822883,0.18050078267575295,0.1804873593037899,0.004156792897539896,0.008269553985561062,0.6198362233615538,0.013341514538651587
5,markov,contractive,0.02,1729,axis_0,0.45,11879,32768,0.362518310546875,0.35731041231109495,0.36775058881033834,0.37953609687796397,0.01701778633108897,0.02222568456686902,1.6528965956308097,0.013446506348684707
5,markov,contractive,0.02,1729,axis_0,0.7,9957,32768,0.303863525390625,0.2988860540441801,0.30887578426541806,0.3166497507581355,0.012786225367510506,0.01776369671395539,1.0625763829055206,0.0167175715550746
5,markov,contractive,0.02,1729,axis_0,0.95,8142,32768,0.24847412109375,0.24380250380853685,0.25319036156968655,0.25866180238214476,0.010187681288394757,0.014859298573607904,0.7829510189830152,0.018978580030343188
5,markov,contractive,0.02,1729,axis_0,1.2,6592,32768,0.201171875,0.1968428098026433,0.20555397302181763,0.20671712695869493,0.00554525195869493,0.009874317156051637,0.6198362233615538,0.015930526135598075
5,markov,contractive,0.02,1729,axis_3,0.45,12543,32768,0.382781982421875,0.37751449043420227,0.38807026013941814,0.39466305647493005,0.011881074053055052,0.017148566040727786,1.6528965956308097,0.01037485713628881
5,markov,contractive,0.02,1729,axis_3,0.7,10805,32768,0.329742431640625,0.3246522867779514,0.3348627714046024,0.33884318576627004,0.009100754125645039,0.014190898988318656,1.0625763829055206,0.013355180123159623
5,markov,contractive,0.02,1729,axis_3,0.95,9169,32768,0.279815673828125,0.27495960075658227,0.28471080351674766,0.2863570239956348,0.006541350167509785,0.011397423239052518,0.7829510189830152,0.014557006712701865
5,markov,contractive,0.02,1729,axis_3,1.2,7664,32768,0.23388671875,0.22931196451462219,0.23850868835368974,0.23807901327402803,0.0041922945240280285,0.008767048759405843,0.6198362233615538,0.014144137481768272
5,markov,contractive,0.02,1729,mean,0.45,12973,32768,0.395904541015625,0.3906036403409432,0.4012239000278989,0.40096418930337396,0.0050596482877489635,0.010360548962430771,1.6528965956308097,0.006268116825830101
5,markov,contractive,0.02,1729,mean,0.7,11219,32768,0.342376708984375,0.3372379648697284,0.34754340631146863,0.3481889555140353,0.005812246529660281,0.01095099064430688,1.0625763829055206,0.010306073822535346
5,markov,contractive,0.02,1729,mean,0.95,9505,32768,0.290069580078125,0.2851597014832088,0.2950166947794983,0.29820266550902386,0.008133085430898856,0.013042964025815063,0.7829510189830152,0.01665872284419111
5,markov,contractive,0.02,1729,mean,1.2,7965,32768,0.243072509765625,0.238435904582499,0.24775469789447546,0.2517671280876175,0.008694618321992476,0.013331223505118478,0.6198362233615538,0.021507654768576353
5,markov,contractive,0.02,1729,alternating,0.45,12918,32768,0.39422607421875,0.38892922300121996,0.39954168145422936,0.40096418930337396,0.0067381150846239635,0.012034966302154004,1.6528965956308097,0.007281136844232529
5,markov,contractive,0.02,1729,alternating,0.7,11212,32768,0.3421630859375,0.33702512962639536,0.34732903336176396,0.3481889555140353,0.006025869576535281,0.011163825887639922,1.0625763829055206,0.010506374946065933
5,markov,contractive,0.02,1729,alternating,0.95,9533,32768,0.290924072265625,0.28600984869529666,0.2958753802463818,0.29820266550902386,0.0072785932433988565,0.012192816813727192,0.7829510189830152,0.015572898582550659
5,markov,contractive,0.02,1729,alternating,1.2,8005,32768,0.244293212890625,0.23964860864394388,0.24898318317836451,0.2517671280876175,0.0074739151969924755,0.012118519443673592,0.6198362233615538,0.019551163657314678
5,markov,sgd,0.02,2718,axis_0,0.45,11757,32768,0.358795166015625,0.35359929500676174,0.3640160775061093,0.37247556690636774,0.013680400890742739,0.018876271899606,1.6528965956308097,0.011420116630104183
5,markov,sgd,0.02,2718,axis_0,0.7,9681,32768,0.295440673828125,0.29050383308663996,0.300413797190179,0.30641843457937845,0.010977760751253451,0.01591460149273849,1.0625763829055206,0.014977371743593084
5,markov,sgd,0.02,2718,axis_0,0.95,7797,32768,0.237945556640625,0.23334310870716582,0.24259449859150303,0.24611934532395208,0.008173788683327077,0.012776236616786257,0.7829510189830152,0.016318053501458457
5,markov,sgd,0.02,2718,axis_0,1.2,6143,32768,0.187469482421875,0.1832562698269986,0.19173816655602094,0.19284038841101792,0.005370905989142916,0.009584118584019308,0.6198362233615538,0.01546234024859312
5,markov,sgd,0.02,2718,axis_3,0.45,11019,32768,0.336273193359375,0.33115741534440435,0.3414180074939706,0.3521093892282766,0.015836195868901615,0.020951973883872266,1.6528965956308097,0.012675913265993616
5,markov,sgd,0.02,2718,axis_3,0.7,8769,32768,0.267608642578125,0.2628207357644715,0.2724377736953728,0.2774149081187677,0.009806265540642678,0.014594172354296164,1.0625763829055206,0.013734704242522027
5,markov,sgd,0.02,2718,axis_3,0.95,6737,32768,0.205596923828125,0.20123216098012872,0.21001393223991602,0.21143708379782966,0.005840159969704661,0.01020492281770094,0.7829510189830152,0.013033922391411204
5,markov,sgd,0.02,2718,axis_3,1.2,5066,32768,0.15460205078125,0.1507031661395886,0.15856226382108937,0.15568504022228957,0.0010829894410395724,0.004981874082700982,0.6198362233615538,0.008037403905958928
5,markov,sgd,0.02,2718,mean,0.45,11330,32768,0.34576416015625,0.34061307791108225,0.3509425946266322,0.35185295863554567,0.006088798479295665,0.011239880724463414,1.6528965956308097,0.00680011124360374
5,markov,sgd,0.02,2718,mean,0.7,8972,32768,0.2738037109375,0.26898064105849323,0.2786669049601503,0.27705487468688905,0.003251163749389052,0.008074233628395822,1.0625763829055206,0.007598732437773131
5,markov,sgd,0.02,2718,mean,0.95,6791,32768,0.207244873046875,0.20286702214856747,0.21167467635635995,0.21101528766159028,0.0037704146147152784,0.008148265513022807,0.7829510189830152,0.01040712038871434
5,markov,sgd,0.02,2718,mean,1.2,5040,32768,0.15380859375,0.14991800499907953,0.1577606524476467,0.15524515316610832,0.0014365594161083184,0.0053271481670287835,0.6198362233615538,0.008594444735962825
5,markov,sgd,0.02,2718,alternating,0.45,11356,32768,0.3465576171875,0.3414036867327999,0.3517387590982482,0.35185295863554567,0.005295341448045665,0.01044927190274575,1.6528965956308097,0.0063217940737290345
5,markov,sgd,0.02,2718,alternating,0.7,8861,32768,0.270416259765625,0.26561227019549877,0.27526097502912805,0.27705487468688905,0.006638614921264052,0.011442604491390285,1.0625763829055206,0.010768735947341028
5,markov,sgd,0.02,2718,alternating,0.95,6693,32768,0.204254150390625,0.1999001341763659,0.20866065104728873,0.21101528766159028,0.006761137270965278,0.011115153485224377,0.7829510189830152,0.01419648639024953
5,markov,sgd,0.02,2718,alternating,1.2,4832,32768,0.1474609375,0.1436380422731172,0.15134643538838216,0.15524515316610832,0.007784215666108318,0.01160711089299113,0.6198362233615538,0.01872609320901312
5,markov,linear,0.02,2718,axis_0,0.45,12195,32768,0.372161865234375,0.3669243794159422,0.3774220204800774,0.38709788713505733,0.014936021900682328,0.020173507719115136,1.6528965956308097,0.012204942385652466
5,markov,linear,0.02,2718,axis_0,0.7,10365,32768,0.316314697265625,0.31128076627167356,0.32138120595372427,0.3276993408271379,0.01138464356151292,0.01641857455546436,1.0625763829055206,0.015451665235179827
5,markov,linear,0.02,2718,axis_0,0.95,8665,32768,0.264434814453125,0.2596653843851279,0.26924603250311263,0.2723706743188794,0.007935859865754402,0.012705289933751529,0.7829510189830152,0.01622743904242514
5,markov,linear,0.02,2718,axis_0,1.2,7070,32768,0.21575927734375,0.21131554238472203,0.22025345036994798,0.22212306122319458,0.0063637838794445845,0.010807518838472557,0.6198362233615538,0.017436087842462984
5,markov,linear,0.02,2718,axis_3,0.45,11517,32768,0.351470947265625,0.3462997309811854,0.3566685033415994,0.365836716895382,0.014365769629756997,0.019536985914196614,1.6528965956308097,0.011819847633445298
5,markov,linear,0.02,2718,axis_3,0.7,9357,32768,0.285552978515625,0.2806664188738646,0.2904775761187795,0.29687817417562234,0.011325195659997345,0.016211755301757724,1.0625763829055206,0.01525702581251441
5,markov,linear,0.02,2718,axis_3,0.95,7458,32768,0.22760009765625,0.22306940188953558,0.23217912623011705,0.2345633427670446,0.0069632451107946025,0.011493940877509018,0.7829510189830152,0.014680280884541973
5,markov,linear,0.02,2718,axis_3,1.2,5821,32768,0.177642822265625,0.17351792027374174,0.1818249456891902,0.18025311076634265,0.00261028850071765,0.0067351904926009065,0.6198362233615538,0.010866080810950338
5,markov,linear,0.02,2718,mean,0.45,11755,32768,0.358734130859375,0.3535384598445327,0.3639548531831084,0.3659624897329099,0.007228358873534901,0.012424029888377208,1.6528965956308097,0.007516519739479356
5,markov,linear,0.02,2718,mean,0.7,9556,32768,0.2916259765625,0.2867081996875833,0.29658071324185165,0.2970581682216714,0.005432191659171415,0.010349968534088094,1.0625763829055206,0.009740446616917108
5,markov,linear,0.02,2718,mean,0.95,7542,32768,0.23016357421875,0.22561473997731682,0.23476028558871792,0.23478007531485945,0.004616501096109449,0.00916533533754263,0.7829510189830152,0.011706141400068164
5,markov,linear,0.02,2718,mean,1.2,5797,32768,0.176910400390625,0.1727922643766173,0.18108588829922947,0.1804873593037899,0.003576958913164896,0.007695094927172602,0.6198362233615538,0.01241472285282045
5,markov,linear,0.02,2718,alternating,0.45,11859,32768,0.361907958984375,0.3567020092206183,0.3671383970456783,0.3659624897329099,0.004054530748534901,0.009260480512291613,1.6528965956308097,0.005602577037650352
5,markov,linear,0.02,2718,alternating,0.7,9483,32768,0.289398193359375,0.2844917435074292,0.29434199850889525,0.2970581682216714,0.007659974862296415,0.012566424714242241,1.0625763829055206,0.011826373064946607
5,markov,linear,0.02,2718,alternating,0.95,7445,32768,0.227203369140625,0.22267550201013542,0.23177963960297918,0.23478007531485945,0.007576706174234449,0.012104573304724031,0.7829510189830152,0.015460192286928512
5,markov,linear,0.02,2718,alternating,1.2,5671,32768,0.173065185546875,0.16898300265343463,0.17720540535319132,0.1804873593037899,0.007422173756914896,0.011504356650355263,0.6198362233615538,0.01856031676878089
5,markov,contractive,0.02,2718,axis_0,0.45,11945,32768,0.364532470703125,0.35931820685170984,0.36977075729515774,0.37953609687796397,0.015003626174838969,0.020217890026254126,1.6528965956308097,0.012231793615944979
5,markov,contractive,0.02,2718,axis_0,0.7,9996,32768,0.3050537109375,0.30007065855848036,0.3100713395956219,0.3166497507581355,0.011596039820635506,0.016579092199655143,1.0625763829055206,0.015602729805005726
5,markov,contractive,0.02,2718,axis_0,0.95,8231,32768,0.251190185546875,0.24650133446089098,0.2559231772807787,0.25866180238214476,0.0074716168352697565,0.012160467921253776,0.7829510189830152,0.015531581959046631
5,markov,contractive,0.02,2718,axis_0,1.2,6532,32768,0.1993408203125,0.19502676607260327,0.20370823318024295,0.20671712695869493,0.00737630664619493,0.011690360886091655,0.6198362233615538,0.018860402870118493
5,markov,contractive,0.02,2718,axis_3,0.45,12516,32768,0.3819580078125,0.3766927482089956,0.3872441992903208,0.39466305647493005,0.012705048662430052,0.01797030826593443,1.6528965956308097,0.010872009969308614
5,markov,contractive,0.02,2718,axis_3,0.7,10674,32768,0.32574462890625,0.32067072257753904,0.3308494395221529,0.33884318576627004,0.013098556860020039,0.018172463188731003,1.0625763829055206,0.017102265287545746
5,markov,contractive,0.02,2718,axis_3,0.95,9033,32768,0.275665283203125,0.27083187716535967,0.28053848281870386,0.2863570239956348,0.010691740792509785,0.015525146830275116,0.7829510189830152,0.01982901414502394
5,markov,contractive,0.02,2718,axis_3,1.2,7536,32768,0.22998046875,0.22543292217173802,0.2345759250041599,0.23807901327402803,0.008098544524028028,0.012646091102290008,0.6198362233615538,0.02040231052278059
5,markov,contractive,0.02,2718,mean,0.45,12831,32768,0.391571044921875,0.38628073269113333,0.3968805840521842,0.40096418930337396,0.009393144381498963,0.01468345661224063,1.6528965956308097,0.008883469571571628
5,markov,contractive,0.02,2718,mean,0.7,11048,32768,0.337158203125,0.33203903604833224,0.34230624929587455,0.3481889555140353,0.011030752389035281,0.016149919465703044,1.0625763829055206,0.015198831562153231
5,markov,contractive,0.02,2718,mean,0.95,9372,32768,0.2860107421875,0.2811217919913491,0.2909376490733902,0.29820266550902386,0.012191923321523856,0.017080873517674733,0.7829510189830152,0.02181601799287686
5,markov,contractive,0.02,2718,mean,1.2,7892,32768,0.2408447265625,0.23622285160264228,0.24551258033593917,0.2517671280876175,0.010922401525117476,0.015544276484975195,0.6198362233615538,0.02507803819640295
5,markov,contractive,0.02,2718,alternating,0.45,12906,32768,0.39385986328125,0.3885639042598226,0.39917464326941826,0.40096418930337396,0.0071043260221239635,0.01240028504355134,1.6528965956308097,0.007502154143416884
5,markov,contractive,0.02,2718,alternating,0.7,11098,32768,0.33868408203125,0.3335591188469991,0.3438376535793527,0.3481889555140353,0.009504873482785281,0.014629836667036156,1.0625763829055206,0.013768268241603647
5,markov,contractive,0.02,2718,alternating,0.95,9369,32768,0.285919189453125,0.28103071687586145,0.29084563497441174,0.29820266550902386,0.012283476055898856,0.017171948633162404,0.7829510189830152,0.02193234087039986
5,markov,contractive,0.02,2718,alternating,1.2,7842,32768,0.23931884765625,0.2347071609431136,0.24397678433811737,0.2517671280876175,0.012448280431367476,0.017059967144503863,0.6198362233615538,0.027523346493018193
5,markov,sgd,0.02,3141,axis_0,0.45,11658,32768,0.35577392578125,0.3505880643716808,0.36098536362853273,0.37247556690636774,0.01670164112511774,0.021887502534686964,1.6528965956308097,0.013241906718510629
5,markov,sgd,0.02,3141,axis_0,0.7,9655,32768,0.294647216796875,0.2897143070215885,0.2996165500438665,0.30641843457937845,0.011771217782503451,0.01670412755778994,1.0625763829055206,0.01572040168266679
5,markov,sgd,0.02,3141,axis_0,0.95,7819,32768,0.238616943359375,0.234009970453602,0.24327029096879577,0.24611934532395208,0.007502401964577077,0.012109374870350076,0.7829510189830152,0.015466324938281699
5,markov,sgd,0.02,3141,axis_0,1.2,6133,32768,0.187164306640625,0.18295376903968855,0.19143037011235955,0.19284038841101792,0.005676081770392916,0.00988661937132937,0.6198362233615538,0.01595037366114444
5,markov,sgd,0.02,3141,axis_3,0.45,11151,32768,0.340301513671875,0.3351704715206556,0.34546087721703483,0.3521093892282766,0.011807875556401615,0.016938917707621015,1.6528965956308097,0.010248020204286563
5,markov,sgd,0.02,3141,axis_3,0.7,8846,32768,0.26995849609375,0.265157112036039,0.2748006871381994,0.2774149081187677,0.007456412025017678,0.0122577960827287,1.0625763829055206,0.01153591993943141
5,markov,sgd,0.02,3141,axis_3,0.95,6830,32768,0.20843505859375,0.20404782392062285,0.21287403396789176,0.21143708379782966,0.0030020252040796613,0.007389259877206816,0.7829510189830152,0.009437703889580241
5,markov,sgd,0.02,3141,axis_3,1.2,5085,32768,0.155181884765625,0.15127696056289897,0.15914803393270066,0.15568504022228957,0.0005031554566645724,0.004408079659390607,0.6198362233615538,0.007111684495437032
5,markov,sgd,0.02,3141,mean,0.45,11237,32768,0.342926025390625,0.33778526080305926,0.3480946457320029,0.35185295863554567,0.008926933244920665,0.014067697832486403,1.6528965956308097,0.008510936418934072
5,markov,sgd,0.02,3141,mean,0.7,8699,32768,0.265472412109375,0.26069690677458157,0.270289521142876,0.27705487468688905,0.011582462577514052,0.01635796791230748,1.0625763829055206,0.015394627789089451
5,markov,sgd,0.02,3141,mean,0.95,6585,32768,0.200958251953125,0.19663093074756416,0.20533864399229954,0.21101528766159028,0.010057035708465278,0.01438435691402612,0.7829510189830152,0.0183719754687977
5,markov,sgd,0.02,3141,mean,1.2,4883,32768,0.149017333984375,0.14517761928925996,0.15291937355268542,0.15524515316610832,0.006227819181733318,0.010067533876848361,0.6198362233615538,0.01624224835110341
5,markov,sgd,0.02,3141,alternating,0.45,11498,32768,0.35089111328125,0.3457219055780564,0.3560867636413262,0.35185295863554567,0.0009618453542956651,0.0061310530574892885,1.6528965956308097,0.0037092780478197064
5,markov,sgd,0.02,3141,alternating,0.7,8992,32768,0.2744140625,0.2695875920920198,0.27928054866818486,0.27705487468688905,0.002640812186889052,0.007467282594869229,1.0625763829055206,0.0070275254701695974
5,markov,sgd,0.02,3141,alternating,0.95,6786,32768,0.20709228515625,0.20271564146232196,0.2115209084043583,0.21101528766159028,0.003923002505340278,0.008299646199268318,0.7829510189830152,0.01060046669336842
5,markov,sgd,0.02,3141,alternating,1.2,4994,32768,0.15240478515625,0.1485289628051956,0.15634232790769184,0.15524515316610832,0.0028403680098583184,0.006716190360912727,0.6198362233615538,0.010835427339965476
5,markov,linear,0.02,3141,axis_0,0.45,12188,32768,0.3719482421875,0.36671138751893245,0.3772078041751353,0.38709788713505733,0.015149644947557328,0.020386499616124876,1.6528965956308097,0.012333802168879531
5,markov,linear,0.02,3141,axis_0,0.7,10299,32768,0.314300537109375,0.3092754528166289,0.319358556546471,0.3276993408271379,0.01339880371776292,0.018423888010509037,1.0625763829055206,0.017338883403497596
5,markov,linear,0.02,3141,axis_0,0.95,8633,32768,0.263458251953125,0.25869457081245595,0.2682638945223004,0.2723706743188794,0.008912422365754402,0.013676103506423454,0.7829510189830152,0.01746738068517685
5,markov,linear,0.02,3141,axis_0,1.2,7040,32768,0.21484375,0.21040696187553054,0.2193311390028106,0.22212306122319458,0.0072793112231945845,0.011716099347664044,0.6198362233615538,0.01890192748678707
5,markov,linear,0.02,3141,axis_3,0.45,11624,32768,0.354736328125,0.34955395623373836,0.3599444605226655,0.365836716895382,0.011100388770381997,0.016282760661643636,1.6528965956308097,0.009851046160228492
5,markov,linear,0.02,3141,axis_3,0.7,9468,32768,0.2889404296875,0.28403632511430915,0.29388197082563466,0.29687817417562234,0.007937744488122345,0.012841849061313193,1.0625763829055206,0.012085577345694716
5,markov,linear,0.02,3141,axis_3,0.95,7557,32768,0.230621337890625,0.22606928981229968,0.2352211817298157,0.2345633427670446,0.0039420048764196025,0.008494052954744924,0.7829510189830152,0.010848766715672654
5,markov,linear,0.02,3141,axis_3,1.2,5858,32768,0.17877197265625,0.17463669068764828,0.18296427493643214,0.18025311076634265,0.0014811381100926502,0.0056164200786943674,0.6198362233615538,0.009061135614557783
5,markov,linear,0.02,3141,mean,0.45,11661,32768,0.355865478515625,0.3506793104831555,0.3610772067445264,0.3659624897329099,0.010097011217284901,0.01528317924975442,1.6528965956308097,0.009246300881829672
5,markov,linear,0.02,3141,mean,0.7,9352,32768,0.285400390625,0.28051462920208886,0.29032421709998896,0.2970581682216714,0.011657777596671415,0.016543539019582554,1.0625763829055206,0.015569270393856974
5,markov,linear,0.02,3141,mean,0.95,7353,32768,0.224395751953125,0.21988806898064744,0.22895233737909057,0.23478007531485945,0.010384323361734449,0.014892006334212005,0.7829510189830152,0.01902035500708003
5,markov,linear,0.02,3141,mean,1.2,5659,32768,0.172698974609375,0.16862025407406467,0.1768357973052897,0.1804873593037899,0.007788384694414896,0.011867105229725228,0.6198362233615538,0.019145549715320658
5,markov,linear,0.02,3141,alternating,0.45,11999,32768,0.366180419921875,0.3609610211110502,0.3714235491514506,0.3659624897329099,0.00021793018896509864,0.0054610594185406924,1.6528965956308097,0.003303932885442564
5,markov,linear,0.02,3141,alternating,0.7,9653,32768,0.294586181640625,0.28965357499178623,0.29955522259593753,0.2970581682216714,0.0024719865810464148,0.007404593229885181,1.0625763829055206,0.006968527956209586
5,markov,linear,0.02,3141,alternating,0.95,7602,32768,0.23199462890625,0.2274329847869893,0.23660382468964872,0.23478007531485945,0.002785446408609449,0.007347090527870137,0.7829510189830152,0.009383844390947168
5,markov,linear,0.02,3141,alternating,1.2,5831,32768,0.177947998046875,0.17382028458004525,0.18213287858738508,0.1804873593037899,0.002539361256914896,0.006667074723744643,0.6198362233615538,0.010756187638707431
5,markov,contractive,0.02,3141,axis_0,0.45,11913,32768,0.363555908203125,0.35834471838947507,0.36879129398682137,0.37953609687796397,0.01598018867483897,0.0211913784884889,1.6528965956308097,0.012820752698326809
5,markov,contractive,0.02,3141,axis_0,0.7,9938,32768,0.30328369140625,0.29830895329331014,0.3082933199650421,0.3166497507581355,0.013366059351885506,0.018340797464825365,1.0625763829055206,0.017260686158555572
5,markov,contractive,0.02,3141,axis_0,0.95,8172,32768,0.2493896484375,0.2447121944927944,0.2541115629146987,0.25866180238214476,0.009272153944644757,0.013949607889350346,0.7829510189830152,0.017816705708448614
5,markov,contractive,0.02,3141,axis_0,1.2,6548,32768,0.1998291015625,0.19551103054456445,0.20420044432501205,0.20671712695869493,0.00688802539619493,0.011206096414130479,0.6198362233615538,0.01807912476195168
5,markov,contractive,0.02,3141,axis_3,0.45,12581,32768,0.383941650390625,0.37867104363387905,0.3892328371936935,0.39466305647493005,0.010721406084305052,0.015992012841051007,1.6528965956308097,0.00967514415803357
5,markov,contractive,0.02,3141,axis_3,0.7,10794,32768,0.32940673828125,0.3243179408930427,0.33452579013637324,0.33884318576627004,0.009436447485020039,0.014525244873227316,1.0625763829055206,0.013669835982528923
5,markov,contractive,0.02,3141,axis_3,0.95,9196,32768,0.2806396484375,0.2757791368371492,0.2855390703527305,0.2863570239956348,0.005717375558134785,0.010577887158485566,0.7829510189830152,0.013510279573076378
5,markov,contractive,0.02,3141,axis_3,1.2,7601,32768,0.231964111328125,0.22740267971524644,0.2365731000294125,0.23807901327402803,0.0061149019459030285,0.010676333558781587,0.6198362233615538,0.01722444277438433
5,markov,contractive,0.02,3141,mean,0.45,12593,32768,0.384307861328125,0.3790362775366497,0.38959996021351684,0.40096418930337396,0.016656327975248963,0.021927911766724262,1.6528965956308097,0.013266354244232512
5,markov,contractive,0.02,3141,mean,0.7,10826,32768,0.33038330078125,0.32529059161726376,0.3355060911309433,0.3481889555140353,0.01780565473278528,0.022898363896771523,1.0625763829055206,0.021549852100192536
5,markov,contractive,0.02,3141,mean,0.95,9177,32768,0.280059814453125,0.27520242414659934,0.2849562180277203,0.29820266550902386,0.018142851055898856,0.02300024136242451,0.7829510189830152,0.02937634769579815
5,markov,contractive,0.02,3141,mean,1.2,7673,32768,0.234161376953125,0.22958473028074414,0.23878519017812733,0.2517671280876175,0.017605751134492476,0.02218239780687334,0.6198362233615538,0.03578751446079044
5,markov,contractive,0.02,3141,alternating,0.45,13134,32768,0.40081787109375,0.39550549078602026,0.4061478383621737,0.40096418930337396,0.00014631820962396347,0.0054586985173536995,1.6528965956308097,0.003302504543710097
5,markov,contractive,0.02,3141,alternating,0.7,11360,32768,0.3466796875,0.34152532026337634,0.3518612445359647,0.3481889555140353,0.001509268014035281,0.006663635250658939,1.0625763829055206,0.006271205870807915
5,markov,contractive,0.02,3141,alternating,0.95,9682,32768,0.29547119140625,0.2905341998323672,0.3004444601833829,0.29820266550902386,0.0027314741027738565,0.007668465676656633,0.7829510189830152,0.009794310870962653
5,markov,contractive,0.02,3141,alternating,1.2,8072,32768,0.246337890625,0.24168000173290888,0.251040782257176,0.2517671280876175,0.0054292374626174755,0.010087126354708598,0.6198362233615538,0.0162738574715804
5,markov,sgd,0.02,5772,axis_0,0.45,11755,32768,0.358734130859375,0.3535384598445327,0.3639548531831084,0.37247556690636774,0.013741436046992739,0.018937107061835046,1.6528965956308097,0.011456921813434983
5,markov,sgd,0.02,5772,axis_0,0.7,9645,32768,0.294342041015625,0.2894106479372086,0.2993099117396903,0.30641843457937845,0.012076393563753451,0.017007786642169842,1.0625763829055206,0.0160061779235706
5,markov,sgd,0.02,5772,axis_0,0.95,7780,32768,0.2374267578125,0.2328278172689203,0.2420722845719301,0.24611934532395208,0.008692587511452077,0.013291528055031782,0.7829510189830152,0.01697619357121
5,markov,sgd,0.02,5772,axis_0,1.2,6150,32768,0.18768310546875,0.18346802290158157,0.19195362154358972,0.19284038841101792,0.005157282942267916,0.009372365509436348,0.6198362233615538,0.015120712788625451
5,markov,sgd,0.02,5772,axis_3,0.45,11235,32768,0.342864990234375,0.33772444976655475,0.3480333972847207,0.3521093892282766,0.009244398993901615,0.014384939461721868,1.6528965956308097,0.008702867136242128
5,markov,sgd,0.02,5772,axis_3,0.7,8917,32768,0.272125244140625,0.26731158442871117,0.2769793260567435,0.2774149081187677,0.005289663978142678,0.01010332369005651,1.0625763829055206,0.009508326980155413
5,markov,sgd,0.02,5772,axis_3,0.95,6844,32768,0.2088623046875,0.20447171545403442,0.21330455862571357,0.21143708379782966,0.0025747791103296613,0.006965368343795242,0.7829510189830152,0.008896301524509981
5,markov,sgd,0.02,5772,axis_3,1.2,5197,32768,0.158599853515625,0.15465971441547108,0.1626006079568776,0.15568504022228957,0.0029148132933354276,0.006915567734588041,0.6198362233615538,0.011157088717859837
5,markov,sgd,0.02,5772,mean,0.45,11240,32768,0.343017578125,0.3378764775345712,0.34818651822618385,0.35185295863554567,0.008835380510545665,0.013976481100974492,1.6528965956308097,0.008455750431042857
5,markov,sgd,0.02,5772,mean,0.7,8859,32768,0.270355224609375,0.26555158206671625,0.2751996036844853,0.27705487468688905,0.006699650077514052,0.0115032926201728,1.0625763829055206,0.010825850080271942
5,markov,sgd,0.02,5772,mean,0.95,6738,32768,0.20562744140625,0.2012624351779266,0.2100446877694516,0.21101528766159028,0.005387846255340278,0.009752852483663671,0.7829510189830152,0.012456529523815898
5,markov,sgd,0.02,5772,mean,1.2,4978,32768,0.15191650390625,0.14804584455985284,0.15584897077391988,0.15524515316610832,0.0033286492598583184,0.007199308606255478,0.6198362233615538,0.011614856207034036
5,markov,sgd,0.02,5772,alternating,0.45,11366,32768,0.34686279296875,0.3417077712607944,0.3520449719910269,0.35185295863554567,0.004990165666795665,0.010145187374751286,1.6528965956308097,0.00613782338324648
5,markov,sgd,0.02,5772,alternating,0.7,8945,32768,0.272979736328125,0.2681612752076853,0.2778384679117226,0.27705487468688905,0.004075138358764052,0.008893599479203762,1.0625763829055206,0.008369844862244166
5,markov,sgd,0.02,5772,alternating,0.95,6693,32768,0.204254150390625,0.1999001341763659,0.20866065104728873,0.21101528766159028,0.006761137270965278,0.011115153485224377,0.7829510189830152,0.01419648639024953
5,markov,sgd,0.02,5772,alternating,1.2,4924,32768,0.1502685546875,0.14641542383518666,0.15418378711958514,0.15524515316610832,0.004976598478608318,0.00882972933092166,0.6198362233615538,0.0142452618903675
5,markov,linear,0.02,5772,axis_0,0.45,12259,32768,0.374114990234375,0.36887178456304964,0.3793805188961754,0.38709788713505733,0.012982896900682328,0.018226102572007685,1.6528965956308097,0.011026765146825107
5,markov,linear,0.02,5772,axis_0,0.7,10301,32768,0.314361572265625,0.30933621828137503,0.31941985056227307,0.3276993408271379,0.01333776856151292,0.01836312254576289,1.0625763829055206,0.01728169648900963
5,markov,linear,0.02,5772,axis_0,0.95,8617,32768,0.262969970703125,0.2582091753437783,0.26777281421549304,0.2723706743188794,0.009400703615754402,0.014161498975101106,0.7829510189830152,0.018087337051423284
5,markov,linear,0.02,5772,axis_0,1.2,7052,32768,0.2152099609375,0.2107703901580213,0.2197000674702487,0.22212306122319458,0.0069131002856945845,0.011352671065173292,0.6198362233615538,0.018315597955221825
5,markov,linear,0.02,5772,axis_3,0.45,11700,32768,0.3570556640625,0.35186552873116783,0.362271148454677,0.365836716895382,0.008781052832881997,0.013971188164214166,1.6528965956308097,0.008452548212117416
5,markov,linear,0.02,5772,axis_3,0.7,9512,32768,0.290283203125,0.28537223630569386,0.2952313681265727,0.29687817417562234,0.006594971050622345,0.011505937869928484,1.0625763829055206,0.010828339548133491
5,markov,linear,0.02,5772,axis_3,0.95,7565,32768,0.230865478515625,0.22631171949493714,0.23546698990151643,0.2345633427670446,0.0036978642514196025,0.008251623272107461,0.7829510189830152,0.01053913089330364
5,markov,linear,0.02,5772,axis_3,1.2,5932,32768,0.1810302734375,0.17687441511578908,0.1852427498670923,0.18025311076634265,0.0007771626711573498,0.004989639100749649,0.6198362233615538,0.008049931437839131
5,markov,linear,0.02,5772,mean,0.45,11682,32768,0.35650634765625,0.35131803904972714,0.3617201027705637,0.3659624897329099,0.009456142076659901,0.014644450683182764,1.6528965956308097,0.008859871042080447
5,markov,linear,0.02,5772,mean,0.7,9503,32768,0.290008544921875,0.2850989774909536,0.29495535929475925,0.2970581682216714,0.007049623299796415,0.011959190730717828,1.0625763829055206,0.01125489981060607
5,markov,linear,0.02,5772,mean,0.95,7482,32768,0.22833251953125,0.22379661684388036,0.23291662482844588,0.23478007531485945,0.006447555783609449,0.01098345847097909,0.7829510189830152,0.014028283001975833
5,markov,linear,0.02,5772,mean,1.2,5759,32768,0.175750732421875,0.17164336270139965,0.17991566061405484,0.1804873593037899,0.004736626881914896,0.008843996602390242,0.6198362233615538,0.014268279698831819
5,markov,linear,0.02,5772,alternating,0.45,11803,32768,0.360198974609375,0.35499852893726147,0.365424211737295,0.3659624897329099,0.005763515123534901,0.01096396079564843,1.6528965956308097,0.006633180094042215
5,markov,linear,0.02,5772,alternating,0.7,9577,32768,0.292266845703125,0.28734583691116444,0.2972247005299726,0.2970581682216714,0.004791322518546415,0.009712331310506972,1.0625763829055206,0.009140360605370755
5,markov,linear,0.02,5772,alternating,0.95,7541,32768,0.230133056640625,0.22558443692519692,0.23472955890913608,0.23478007531485945,0.004647018674234449,0.00919563838966253,0.7829510189830152,0.011744845037186182
5,markov,linear,0.02,5772,alternating,1.2,5722,32768,0.17462158203125,0.17052475871592937,0.17877616497208038,0.1804873593037899,0.005865777272539896,0.009962600587860526,0.6198362233615538,0.016072956391335793
5,markov,contractive,0.02,5772,axis_0,0.45,11986,32768,0.36578369140625,0.3605655227740256,0.3710256608306888,0.37953609687796397,0.013752405471713969,0.018970574103938376,1.6528965956308097,0.011477169324496349
5,markov,contractive,0.02,5772,axis_0,0.7,9937,32768,0.303253173828125,0.29827857982897654,0.3082626636898594,0.3166497507581355,0.013396576930010506,0.018371170929158964,1.0625763829055206,0.01728927089356591
5,markov,contractive,0.02,5772,axis_0,0.95,8195,32768,0.250091552734375,0.24540964299351026,0.25481779830540713,0.25866180238214476,0.008570249647769757,0.013252159388634499,0.7829510189830152,0.016925911158335156
5,markov,contractive,0.02,5772,axis_0,1.2,6522,32768,0.19903564453125,0.19472410591546951,0.20340059607780175,0.20671712695869493,0.00768148242744493,0.011993021043225416,0.6198362233615538,0.01934869339869126
5,markov,contractive,0.02,5772,axis_3,0.45,12640,32768,0.3857421875,0.3804668073398116,0.39103782835853834,0.39466305647493005,0.008920868974930052,0.014196249135118466,1.6528965956308097,0.008588709767231764
5,markov,contractive,0.02,5772,axis_3,0.7,10812,32768,0.3299560546875,0.32486505386969095,0.33507721250132916,0.33884318576627004,0.008887131078770039,0.013978131896579093,1.0625763829055206,0.013154943137694379
5,markov,contractive,0.02,5772,axis_3,0.95,9079,32768,0.277069091796875,0.27222796084554673,0.2819497670540037,0.2863570239956348,0.009287932198759785,0.01412906315008805,0.7829510189830152,0.01804590939601875
5,markov,contractive,0.02,5772,axis_3,1.2,7603,32768,0.232025146484375,0.2274632898922518,0.23663454931637168,0.23807901327402803,0.0060538667896530285,0.010615723381776215,0.6198362233615538,0.017126658594110604
5,markov,contractive,0.02,5772,mean,0.45,12664,32768,0.386474609375,0.38119730927102463,0.39177204027402696,0.40096418930337396,0.014489579928373963,0.019766880032349332,1.6528965956308097,0.01195893323550922
5,markov,contractive,0.02,5772,mean,0.7,10920,32768,0.333251953125,0.3281478963774843,0.33838558205464275,0.3481889555140353,0.014937002389035281,0.020041059136550965,1.0625763829055206,0.018860817404721977
5,markov,contractive,0.02,5772,mean,0.95,9192,32768,0.280517578125,0.2756577228047755,0.28541636543437626,0.29820266550902386,0.017685087384023856,0.02254494270424834,0.7829510189830152,0.028794831550934367
5,markov,contractive,0.02,5772,mean,1.2,7694,32768,0.23480224609375,0.23022119418573816,0.2394303506525185,0.2517671280876175,0.016964881993867476,0.02154593390187931,0.6198362233615538,0.03476068853322155
5,markov,contractive,0.02,5772,alternating,0.45,12907,32768,0.393890380859375,0.38859434736943615,0.3992052299036517,0.40096418930337396,0.0070738084439989635,0.012369841933937809,1.6528965956308097,0.007483736107047274
5,markov,contractive,0.02,5772,alternating,0.7,11165,32768,0.340728759765625,0.33559612297375474,0.34588964214878587,0.3481889555140353,0.007460195748410281,0.01259283254028054,1.0625763829055206,0.01185122570280224
5,markov,contractive,0.02,5772,alternating,0.95,9489,32768,0.289581298828125,0.28467391256810703,0.2945260078789283,0.29820266550902386,0.008621366680898856,0.013528752940916822,0.7829510189830152,0.017279181727727345
5,markov,contractive,0.02,5772,alternating,1.2,7975,32768,0.243377685546875,0.23873907581672169,0.24806182399597945,0.2517671280876175,0.008389442540742476,0.01302805227089579,0.6198362233615538,0.021018539704312278
5,markov,sgd,0.01,1729,axis_0,0.45,11829,32768,0.360992431640625,0.35578942162446664,0.3662200923600533,0.37247556690636774,0.011483135265742739,0.0166861452819011,1.5080312054255802,0.011064854110357826
5,markov,sgd,0.01,1729,axis_0,0.7,9729,32768,0.296905517578125,0.2919614667790759,0.3018855909690957,0.30641843457937845,0.009512917001253451,0.014456967800302534,0.9694486320593017,0.014912567125493858
5,markov,sgd,0.01,1729,axis_0,0.95,7888,32768,0.24072265625,0.23610159337648645,0.24538971962912137,0.24611934532395208,0.005396689073952077,0.010017751947465625,0.7143305709910643,0.014023972029598238
5,markov,sgd,0.01,1729,axis_0,1.2,6186,32768,0.18878173828125,0.1845570714315111,0.1930616430536811,0.19284038841101792,0.004058650129767916,0.008283316979506822,0.5655117020345927,0.014647472279893029
5,markov,sgd,0.01,1729,axis_3,0.45,11270,32768,0.34393310546875,0.33878865650682755,0.3491052315115809,0.3521093892282766,0.008176283759526615,0.013320732721449069,1.5080312054255802,0.00883319434871365
5,markov,sgd,0.01,1729,axis_3,0.7,8971,32768,0.273773193359375,0.2689502938051554,0.2786362224764405,0.2774149081187677,0.003641714759392678,0.008464614313612284,0.9694486320593017,0.008731369598853072
5,markov,sgd,0.01,1729,axis_3,0.95,6965,32768,0.212554931640625,0.20813565420744856,0.21702521700226973,0.21143708379782966,0.0011178478427953387,0.005588133204440071,0.7143305709910643,0.007822895213188312
5,markov,sgd,0.01,1729,axis_3,1.2,5254,32768,0.16033935546875,0.15638154466882057,0.1643574714136576,0.15568504022228957,0.004654315246460428,0.00867243119136804,0.5655117020345927,0.015335546833366047
5,markov,sgd,0.01,1729,mean,0.45,11397,32768,0.347808837890625,0.34265044814754286,0.35299421710959056,0.35185295863554567,0.004044120744920665,0.009202510488002802,1.5080312054255802,0.006102334258663944
5,markov,sgd,0.01,1729,mean,0.7,8995,32768,0.274505615234375,0.26967863572648865,0.27937259424505156,0.27705487468688905,0.002549259452514052,0.007376238960400405,0.9694486320593017,0.007608695000922129
5,markov,sgd,0.01,1729,mean,0.95,6826,32768,0.20831298828125,0.20392671340735827,0.2127510255695921,0.21101528766159028,0.0027022993803402784,0.007088574254232011,0.7143305709910643,0.009923380773690397
5,markov,sgd,0.01,1729,mean,1.2,5022,32768,0.15325927734375,0.14937445314894143,0.15720566948557957,0.15524515316610832,0.0019858758223583184,0.0058707000171668855,0.5655117020345927,0.010381217569937698
5,markov,sgd,0.01,1729,alternating,0.45,11561,32768,0.352813720703125,0.3476378850566843,0.35801565792851225,0.35185295863554567,0.0009607620675793349,0.006162699292966589,1.5080312054255802,0.004086586053918837
5,markov,sgd,0.01,1729,alternating,0.7,9130,32768,0.27862548828125,0.2737758622957635,0.2835143822127982,0.27705487468688905,0.0015706135943609478,0.006459507525909125,0.9694486320593017,0.006663073537158793
5,markov,sgd,0.01,1729,alternating,0.95,6954,32768,0.21221923828125,0.2078025464378627,0.21668699775649655,0.21101528766159028,0.0012039506196597216,0.005671710094906274,0.7143305709910643,0.007939895512293876
5,markov,sgd,0.01,1729,alternating,1.2,5056,32768,0.154296875,0.15040117680501575,0.1582539560338791,0.15524515316610832,0.0009482781661083184,0.004843976361092572,0.5655117020345927,0.008565651857715694
5,markov,linear,0.01,1729,axis_0,0.45,12324,32768,0.3760986328125,0.37084971118897586,0.38136952558120546,0.38709788713505733,0.010999254322557328,0.016248175946081467,1.5080312054255802,0.010774429526142387
5,markov,linear,0.01,1729,axis_0,0.7,10422,32768,0.31805419921875,0.3130127157808092,0.32312795165066,0.3276993408271379,0.00964514160838792,0.014686625046328727,0.9694486320593017,0.015149461828762825
5,markov,linear,0.01,1729,axis_0,0.95,8683,32768,0.264984130859375,0.2602114802502196,0.26979847188831774,0.2723706743188794,0.007386543459504402,0.012159194068659784,0.7143305709910643,0.017021802737337815
5,markov,linear,0.01,1729,axis_0,1.2,7129,32768,0.217559814453125,0.21310251233587046,0.22206723445675755,0.22212306122319458,0.0045632467700695845,0.00902054888732412,0.5655117020345927,0.015951126837641157
5,markov,linear,0.01,1729,axis_3,0.45,11721,32768,0.357696533203125,0.3525042760772264,0.36291402570229725,0.365836716895382,0.008140183692256997,0.0133324408181556,1.5080312054255802,0.00884095817791321
5,markov,linear,0.01,1729,axis_3,0.7,9580,32768,0.2923583984375,0.28743692890829453,0.29731669774888686,0.29687817417562234,0.004519775738122345,0.009441245267327814,0.9694486320593017,0.009738778265407142
5,markov,linear,0.01,1729,axis_3,0.95,7668,32768,0.2340087890625,0.2294331934118508,0.23863157838555304,0.2345633427670446,0.0005545537045446025,0.0051301493551937916,0.7143305709910643,0.007181758087262327
5,markov,linear,0.01,1729,axis_3,1.2,6032,32768,0.18408203125,0.17989875060086233,0.18832138656356312,0.18025311076634265,0.00382892048365735,0.00806827579722047,0.5655117020345927,0.014267212806017105
5,markov,linear,0.01,1729,mean,0.45,11809,32768,0.360382080078125,0.3551810412679859,0.3656078778626401,0.3659624897329099,0.005580409654784901,0.010781448464924015,1.5080312054255802,0.007149353691180012
5,markov,linear,0.01,1729,mean,0.7,9616,32768,0.29345703125,0.28853005166055745,0.29842064559089354,0.2970581682216714,0.0036011369716714148,0.008528116561113963,0.9694486320593017,0.008796873066908711
5,markov,linear,0.01,1729,mean,0.95,7598,32768,0.23187255859375,0.22731176470117234,0.23648092584757388,0.23478007531485945,0.002907516721109449,0.007468310613687107,0.7143305709910643,0.010454978292928931
5,markov,linear,0.01,1729,mean,1.2,5822,32768,0.17767333984375,0.17354815650135383,0.18185573918198628,0.1804873593037899,0.002814019460039896,0.0069392028024360675,0.5655117020345927,0.012270661734266981
5,markov,linear,0.01,1729,alternating,0.45,12041,32768,0.367462158203125,0.362238810995247,0.3727090084706935,0.3659624897329099,0.0014996684702150986,0.006746518737783591,1.5080312054255802,0.004473726215685081
5,markov,linear,0.01,1729,alternating,0.7,9774,32768,0.29827880859375,0.2933280536755866,0.30326534233188723,0.2970581682216714,0.0012206403720785852,0.0062071741102158184,0.9694486320593017,0.006402788043581583
5,markov,linear,0.01,1729,alternating,0.95,7724,32768,0.2357177734375,0.23113045364745483,0.24035198316475767,0.23478007531485945,0.0009376981226405512,0.005571907849898222,0.7143305709910643,0.007800181143259402
5,markov,linear,0.01,1729,alternating,1.2,5943,32768,0.181365966796875,0.17720707055884,0.18558142135983893,0.1804873593037899,0.000878607493085104,0.005094062056049037,0.5655117020345927,0.0090078808939261
5,markov,contractive,0.01,1729,axis_0,0.45,12059,32768,0.368011474609375,0.3627864473838591,0.373259907455619,0.37953609687796397,0.011524622268588969,0.016749649494104846,1.5080312054255802,0.011106964785505179
5,markov,contractive,0.01,1729,axis_0,0.7,10044,32768,0.3065185546875,0.3015286872559931,0.31154273840355695,0.3166497507581355,0.010131196070635506,0.015121063502142429,0.9694486320593017,0.015597591251454225
5,markov,contractive,0.01,1729,axis_0,0.95,8219,32768,0.250823974609375,0.24613743284656014,0.2555547220803186,0.25866180238214476,0.007837827772769757,0.012524369535584612,0.7143305709910643,0.01753301628713477
5,markov,contractive,0.01,1729,axis_0,1.2,6617,32768,0.201934814453125,0.19759953635011168,0.2063229896362643,0.20671712695869493,0.00478231250556993,0.009117590608583248,0.5655117020345927,0.01612272668413415
5,markov,contractive,0.01,1729,axis_3,0.45,12678,32768,0.38690185546875,0.38162344120592057,0.39220032474996047,0.39466305647493005,0.007761201006180052,0.013039615269009486,1.5080312054255802,0.008646780797436871
5,markov,contractive,0.01,1729,axis_3,0.7,10920,32768,0.333251953125,0.3281478963774843,0.33838558205464275,0.33884318576627004,0.005591232641270039,0.010695289388785723,0.9694486320593017,0.011032342545129803
5,markov,contractive,0.01,1729,axis_3,0.95,9345,32768,0.285186767578125,0.2803021248112003,0.2901095133241937,0.2863570239956348,0.0011702564175097852,0.00605489918443447,0.7143305709910643,0.008476326550092747
5,markov,contractive,0.01,1729,axis_3,1.2,7820,32768,0.2386474609375,0.23404028272587454,0.24330100842946975,0.23807901327402803,0.0005684476634719715,0.005221995155441722,0.5655117020345927,0.009234106273405266
5,markov,contractive,0.01,1729,mean,0.45,12932,32768,0.3946533203125,0.38935543213061286,0.39996988873890693,0.40096418930337396,0.0063108689908739635,0.011608757172761108,1.5080312054255802,0.007697955540306615
5,markov,contractive,0.01,1729,mean,0.7,11119,32768,0.339324951171875,0.3341975713627569,0.3444808256392643,0.3481889555140353,0.008864004342160281,0.013991384151278374,0.9694486320593017,0.01443231099471242
5,markov,contractive,0.01,1729,mean,0.95,9493,32768,0.289703369140625,0.2847953591489082,0.2946486802519838,0.29820266550902386,0.008499296368398856,0.013407306360115667,0.7143305709910643,0.018769050219304393
5,markov,contractive,0.01,1729,mean,1.2,8000,32768,0.244140625,0.23949701785022318,0.24882962530356553,0.2517671280876175,0.0076265030876174755,0.0122701102373943,0.5655117020345927,0.021697358681083013
5,markov,contractive,0.01,1729,alternating,0.45,13330,32768,0.40679931640625,0.401473709920121,0.41214144907453654,0.40096418930337396,0.0058351271028760365,0.011177259771162573,1.5080312054255802,0.007411822600851451
5,markov,contractive,0.01,1729,alternating,0.7,11575,32768,0.353240966796875,0.3480636707390217,0.35844428863931405,0.3481889555140353,0.005052011282839719,0.010255333125278765,0.9694486320593017,0.010578521425621488
5,markov,contractive,0.01,1729,alternating,0.95,9739,32768,0.297210693359375,0.2922651481383651,0.3021922070003545,0.29820266550902386,0.0009919721496488565,0.005937517370658729,0.7143305709910643,0.008312002330267064
5,markov,contractive,0.01,1729,alternating,1.2,8270,32768,0.25238037109375,0.24768404540611286,0.25712062598731966,0.2517671280876175,0.0006132430061325245,0.0053534978997021865,0.5655117020345927,0.009466643891614307
5,markov,sgd,0.01,2718,axis_0,0.45,12056,32768,0.367919921875,0.36269517414657165,0.37316809146395813,0.37247556690636774,0.004555645031367739,0.009780392759796086,1.5080312054255802,0.006485537384510534
5,markov,sgd,0.01,2718,axis_0,0.7,10003,32768,0.305267333984375,0.3002832840432438,0.31028592228842683,0.30641843457937845,0.0011511005950034514,0.00613515053613467,0.9694486320593017,0.00632849470642131
5,markov,sgd,0.01,2718,axis_0,0.95,8040,32768,0.245361328125,0.24070976641772468,0.2500580660870192,0.24611934532395208,0.0007580171989520768,0.005409578906227397,0.7143305709910643,0.007572934893045571
5,markov,sgd,0.01,2718,axis_0,1.2,6366,32768,0.19427490234375,0.19000312463437072,0.1986009401994728,0.19284038841101792,0.0014345139327320844,0.005760551788454887,0.5655117020345927,0.010186441355200306
5,markov,sgd,0.01,2718,axis_3,0.45,11471,32768,0.350067138671875,0.344900799671812,0.35526006650675607,0.3521093892282766,0.0020422505564016147,0.00720858955646464,1.5080312054255802,0.004780132884869786
5,markov,sgd,0.01,2718,axis_3,0.7,9090,32768,0.27740478515625,0.2725618157691854,0.28228723924148913,0.2774149081187677,1.012296251767797e-05,0.004872331122721452,0.9694486320593017,0.005025878588710422
5,markov,sgd,0.01,2718,axis_3,0.95,7002,32768,0.21368408203125,0.20925614026077483,0.21816283091480215,0.21143708379782966,0.0022469982334203387,0.006725747116972491,0.7143305709910643,0.009415454678974708
5,markov,sgd,0.01,2718,axis_3,1.2,5248,32768,0.16015625,0.1562002915329751,0.1641725462624136,0.15568504022228957,0.004471209777710428,0.008487506040124021,0.5655117020345927,0.01500854183845843
5,markov,sgd,0.01,2718,mean,0.45,11472,32768,0.35009765625,0.3449312106998788,0.35529068522092266,0.35185295863554567,0.001755302385545665,0.006921747935666855,1.5080312054255802,0.004589923544528692
5,markov,sgd,0.01,2718,mean,0.7,9048,32768,0.276123046875,0.2712871152885601,0.28099869075423356,0.27705487468688905,0.0009318278118890522,0.005767759398328964,0.9694486320593017,0.005949525542242601
5,markov,sgd,0.01,2718,mean,0.95,6834,32768,0.20855712890625,0.20416893503573255,0.21299704176444187,0.21101528766159028,0.0024581587553402784,0.006846352625857727,0.7143305709910643,0.00958429178854697
5,markov,sgd,0.01,2718,mean,1.2,5061,32768,0.154449462890625,0.15055217080460412,0.15840811059502125,0.15524515316610832,0.0007956902754833184,0.0046929823615042,0.5655117020345927,0.008298647657722789
5,markov,sgd,0.01,2718,alternating,0.45,11403,32768,0.347991943359375,0.3428329043298006,0.3531779393801347,0.35185295863554567,0.003861015276170665,0.00902005430574504,1.5080312054255802,0.005981344599032682
5,markov,sgd,0.01,2718,alternating,0.7,9012,32768,0.2750244140625,0.27019455447470003,0.2798941810282382,0.27705487468688905,0.002030460624389052,0.0068603202121890194,0.9694486320593017,0.0070765175021355545
5,markov,sgd,0.01,2718,alternating,0.95,6868,32768,0.2095947265625,0.20519840375887752,0.21404258379430458,0.21101528766159028,0.0014205610990902784,0.005816883902712761,0.7143305709910643,0.008143126080467756
5,markov,sgd,0.01,2718,alternating,1.2,5036,32768,0.1536865234375,0.14979721419306746,0.15763732440613715,0.15524515316610832,0.0015586297286083184,0.005447938973040856,0.5655117020345927,0.00963364498637307
5,markov,linear,0.01,2718,axis_0,0.45,12552,32768,0.383056640625,0.37778840806629654,0.3883456101989207,0.38709788713505733,0.004041246510057328,0.009309479068760784,1.5080312054255802,0.006173266862958293
5,markov,linear,0.01,2718,axis_0,0.7,10660,32768,0.3253173828125,0.3202452366872965,0.3304205090389057,0.3276993408271379,0.0023819580146379193,0.007454104139841433,0.9694486320593017,0.007689014036780303
5,markov,linear,0.01,2718,axis_0,0.95,8956,32768,0.2733154296875,0.268495088418929,0.27817598180731473,0.2723706743188794,0.0009447553686205978,0.0058053074884353295,0.7143305709910643,0.008126920118203857
5,markov,linear,0.01,2718,axis_0,1.2,7327,32768,0.223602294921875,0.21910036925863435,0.2281532641023443,0.22212306122319458,0.0014792336986804155,0.00603020287914971,0.5655117020345927,0.010663268076424065
5,markov,linear,0.01,2718,axis_3,0.45,11868,32768,0.3621826171875,0.35697578948752184,0.36741388446352574,0.365836716895382,0.003654099707881997,0.008860927407860153,1.5080312054255802,0.005875824967003596
5,markov,linear,0.01,2718,axis_3,0.7,9707,32768,0.296234130859375,0.2912933770953027,0.3012110263944891,0.29687817417562234,0.0006440433162473447,0.00558479708031967,0.9694486320593017,0.0057607973188393185
5,markov,linear,0.01,2718,axis_3,0.95,7701,32768,0.235015869140625,0.2304333520666411,0.23964540089851666,0.2345633427670446,0.0004525263735803975,0.005082058131472056,0.7143305709910643,0.007114434601925539
5,markov,linear,0.01,2718,axis_3,1.2,6028,32768,0.1839599609375,0.17977776881023352,0.18819824946531297,0.18025311076634265,0.00370685017115735,0.007945138698970317,0.5655117020345927,0.014049468243336737
5,markov,linear,0.01,2718,mean,0.45,11930,32768,0.36407470703125,0.35886188124987206,0.36931163675438494,0.3659624897329099,0.0018877827016599014,0.00710060848303784,1.5080312054255802,0.004708528880232279
5,markov,linear,0.01,2718,mean,0.7,9735,32768,0.297088623046875,0.29214367527764123,0.30206956090483106,0.2970581682216714,3.0454825203585223e-05,0.005011392683159643,0.9694486320593017,0.00516932255865321
5,markov,linear,0.01,2718,mean,0.95,7673,32768,0.234161376953125,0.22958473028074414,0.23878519017812733,0.23478007531485945,0.0006186983617344488,0.005195345034115312,0.7143305709910643,0.0072730263061642104
5,markov,linear,0.01,2718,mean,1.2,5880,32768,0.179443359375,0.1753019346417616,0.18364168484070506,0.1804873593037899,0.001043999928789896,0.005185424662028287,0.5655117020345927,0.00916943830405669
5,markov,linear,0.01,2718,alternating,0.45,11896,32768,0.363037109375,0.35782756207454103,0.3682709446741481,0.3659624897329099,0.0029253803579099014,0.008134927658368873,1.5080312054255802,0.005394402734572805
5,markov,linear,0.01,2718,alternating,0.7,9639,32768,0.294158935546875,0.28922845376467565,0.29912592747920574,0.2970581682216714,0.0028992326747964148,0.007829714456995762,0.9694486320593017,0.008076461400913932
5,markov,linear,0.01,2718,alternating,0.95,7616,32768,0.232421875,0.2278572593087587,0.23703396641608074,0.23478007531485945,0.002358200314859449,0.006922816006100757,0.7143305709910643,0.009691333798714539
5,markov,linear,0.01,2718,alternating,1.2,5874,32768,0.17926025390625,0.17512050232684445,0.1834569388301819,0.1804873593037899,0.001227105397539896,0.005366856976945444,0.5655117020345927,0.009490266881545717
5,markov,contractive,0.01,2718,axis_0,0.45,12288,32768,0.375,0.3697542325390071,0.38026793347377247,0.37953609687796397,0.004536096877963969,0.009781864338956892,1.5080312054255802,0.0064865132125673484
5,markov,contractive,0.01,2718,axis_0,0.7,10337,32768,0.315460205078125,0.3104300138625282,0.3205231256323663,0.3166497507581355,0.0011895456800105064,0.006219736895607286,0.9694486320593017,0.0064157467347138635
5,markov,contractive,0.01,2718,axis_0,0.95,8437,32768,0.257476806640625,0.252749000702125,0.2622476364420855,0.25866180238214476,0.0011849957415197565,0.00591280168001973,0.7143305709910643,0.008277402536218339
5,markov,contractive,0.01,2718,axis_0,1.2,6794,32768,0.20733642578125,0.20295785101461888,0.2117669366733301,0.20671712695869493,0.00061929882255507,0.005049809714635173,0.5655117020345927,0.008929629035910335
5,markov,contractive,0.01,2718,axis_3,0.45,12766,32768,0.38958740234375,0.38430208261731347,0.39489230078229576,0.39466305647493005,0.005075654131180052,0.010360973857616584,1.5080312054255802,0.006870530145755586
5,markov,contractive,0.01,2718,axis_3,0.7,11011,32768,0.336029052734375,0.33091421316950365,0.3411729717364653,0.33884318576627004,0.0028141330318950386,0.007928972596766393,0.9694486320593017,0.008178847578467029
5,markov,contractive,0.01,2718,axis_3,0.95,9353,32768,0.285430908203125,0.2805449870817152,0.2903548889584715,0.2863570239956348,0.0009261157925097852,0.0058120369139195716,0.7143305709910643,0.00813634072227363
5,markov,contractive,0.01,2718,axis_3,1.2,7778,32768,0.23736572265625,0.23276719536806875,0.2420108470072386,0.23807901327402803,0.0007132906177780285,0.005311817905959276,0.5655117020345927,0.009392940741718462
5,markov,contractive,0.01,2718,mean,0.45,12993,32768,0.396514892578125,0.39121253554534663,0.4018355997017369,0.40096418930337396,0.0044492967252489635,0.009751653758027334,1.5080312054255802,0.006466480085387443
5,markov,contractive,0.01,2718,mean,0.7,11301,32768,0.344879150390625,0.3397312636810382,0.35005454633835076,0.3481889555140353,0.003309805123410281,0.008457691832997105,0.9694486320593017,0.008724228962014507
5,markov,contractive,0.01,2718,mean,0.95,9616,32768,0.29345703125,0.28853005166055745,0.29842064559089354,0.29820266550902386,0.0047456342590238565,0.009672613848466405,0.7143305709910643,0.013540809033339552
5,markov,contractive,0.01,2718,mean,1.2,8052,32768,0.2457275390625,0.24107360087116217,0.25042658844011045,0.2517671280876175,0.0060395890251174755,0.010693527216455306,0.5655117020345927,0.018909471153262143
5,markov,contractive,0.01,2718,alternating,0.45,12993,32768,0.396514892578125,0.39121253554534663,0.4018355997017369,0.40096418930337396,0.0044492967252489635,0.009751653758027334,1.5080312054255802,0.006466480085387443
5,markov,contractive,0.01,2718,alternating,0.7,11187,32768,0.341400146484375,0.3362650132032094,0.3465634062389897,0.3481889555140353,0.006788809029660281,0.011923942310825886,0.9694486320593017,0.012299715442887429
5,markov,contractive,0.01,2718,alternating,0.95,9553,32768,0.291534423828125,0.2866171096216355,0.29648871409193117,0.29820266550902386,0.0066682416808988565,0.011585555887388355,0.7143305709910643,0.016218759714167797
5,markov,contractive,0.01,2718,alternating,1.2,8071,32768,0.246307373046875,0.2416496813901871,0.25101007286591914,0.2517671280876175,0.0054597550407424755,0.010117446697430366,0.5655117020345927,0.017890782208449287
5,markov,sgd,0.01,3141,axis_0,0.45,11856,32768,0.36181640625,0.3566107495404795,0.3670465674975888,0.37247556690636774,0.010659160656367739,0.01586481736588824,1.5080312054255802,0.010520218221486367
5,markov,sgd,0.01,3141,axis_0,0.7,9809,32768,0.299346923828125,0.29439099146066444,0.30433844541839794,0.30641843457937845,0.007071510751253451,0.01202744311871401,0.9694486320593017,0.012406477992717706
5,markov,sgd,0.01,3141,axis_0,0.95,7951,32768,0.242645263671875,0.23801147022177452,0.24732471598586708,0.24611934532395208,0.0034740816520770768,0.008107875102177559,0.7143305709910643,0.011350312350385156
5,markov,sgd,0.01,3141,axis_0,1.2,6314,32768,0.19268798828125,0.18842968299972276,0.19700083615296954,0.19284038841101792,0.00015240012976791562,0.004410705411295152,0.5655117020345927,0.007799494502812864
5,markov,sgd,0.01,3141,axis_3,0.45,11298,32768,0.34478759765625,0.33964004264537423,0.34996267814805176,0.3521093892282766,0.007321791572026615,0.012469346582902385,1.5080312054255802,0.008268626363990539
5,markov,sgd,0.01,3141,axis_3,0.7,8903,32768,0.271697998046875,0.2668867474423787,0.27654974672698046,0.2774149081187677,0.005716910071892678,0.010528160676388953,0.9694486320593017,0.01085994691026078
5,markov,sgd,0.01,3141,axis_3,0.95,6834,32768,0.20855712890625,0.20416893503573255,0.21299704176444187,0.21143708379782966,0.0028799548915796613,0.00726814876209711,0.7143305709910643,0.010174769297656207
5,markov,sgd,0.01,3141,axis_3,1.2,5097,32768,0.155548095703125,0.15163936692427055,0.15951798412207002,0.15568504022228957,0.0001369445191645724,0.004045673298019026,0.5655117020345927,0.007154004565181482
5,markov,sgd,0.01,3141,mean,0.45,11404,32768,0.3480224609375,0.3428633137751535,0.3532085596769192,0.35185295863554567,0.003830497698045665,0.008989644860392165,1.5080312054255802,0.005961179601621841
5,markov,sgd,0.01,3141,mean,0.7,8980,32768,0.2740478515625,0.26922342010849687,0.27891236380662926,0.27705487468688905,0.003007023124389052,0.007831454578392183,0.9694486320593017,0.008078256360789965
5,markov,sgd,0.01,3141,mean,0.95,6854,32768,0.20916748046875,0.20477449962538105,0.21361207173454486,0.21101528766159028,0.0018478071928402784,0.006240788036209227,0.7143305709910643,0.008736554600415239
5,markov,sgd,0.01,3141,mean,1.2,5129,32768,0.156524658203125,0.1526058211081894,0.160504480749003,0.15524515316610832,0.0012795050370166816,0.005259327582894685,0.5655117020345927,0.009300121578338212
5,markov,sgd,0.01,3141,alternating,0.45,11639,32768,0.355194091796875,0.3500101771352182,0.36040368575797166,0.35185295863554567,0.003341133161329335,0.008550727122425994,1.5080312054255802,0.005670126116530129
5,markov,sgd,0.01,3141,alternating,0.7,9123,32768,0.278411865234375,0.2735634009173567,0.28329963542874836,0.27705487468688905,0.0013569905474859478,0.006244760741859312,0.9694486320593017,0.006441559186683464
5,markov,sgd,0.01,3141,alternating,0.95,6954,32768,0.21221923828125,0.2078025464378627,0.21668699775649655,0.21101528766159028,0.0012039506196597216,0.005671710094906274,0.7143305709910643,0.007939895512293876
5,markov,sgd,0.01,3141,alternating,1.2,5116,32768,0.1561279296875,0.15221319258271407,0.1601037230060206,0.15524515316610832,0.0008827765213916816,0.004858569839912286,0.5655117020345927,0.008591457652303514
5,markov,linear,0.01,3141,axis_0,0.45,12370,32768,0.37750244140625,0.3722495312840248,0.3827770736781821,0.38709788713505733,0.009595445728807328,0.014848355851032502,1.5080312054255802,0.00984618607201975
5,markov,linear,0.01,3141,axis_0,0.7,10455,32768,0.319061279296875,0.3140154604732157,0.3241391883961912,0.3276993408271379,0.00863806153026292,0.013683880353922206,0.9694486320593017,0.014115116470745773
5,markov,linear,0.01,3141,axis_0,0.95,8770,32768,0.26763916015625,0.26285107721256085,0.27246846198371566,0.2723706743188794,0.004731514162629402,0.009519597106318556,0.7143305709910643,0.013326599046588526
5,markov,linear,0.01,3141,axis_0,1.2,7230,32768,0.22064208984375,0.21616185199756313,0.2251718975138642,0.22212306122319458,0.0014809713794445845,0.005961209225631453,0.5655117020345927,0.010541265908705817
5,markov,linear,0.01,3141,axis_3,0.45,11722,32768,0.35772705078125,0.35253469286940686,0.3629446386526866,0.365836716895382,0.008109666114131997,0.013302024025975134,1.5080312054255802,0.008820788308701597
5,markov,linear,0.01,3141,axis_3,0.7,9536,32768,0.291015625,0.28610093714865265,0.2959673810087459,0.29687817417562234,0.005862549175622345,0.0107772370269697,0.9694486320593017,0.01111687269502532
5,markov,linear,0.01,3141,axis_3,0.95,7582,32768,0.23138427734375,0.2268268897268023,0.23598932511111134,0.2345633427670446,0.0031790654232946025,0.007736453040242314,0.7143305709910643,0.010830354116734407
5,markov,linear,0.01,3141,axis_3,1.2,5878,32768,0.17938232421875,0.17524145702489313,0.18358010301572497,0.18025311076634265,0.0008707865475926502,0.005011653741449518,0.5655117020345927,0.008862157446819644
5,markov,linear,0.01,3141,mean,0.45,11908,32768,0.3634033203125,0.3581926129112346,0.3686382507510222,0.3659624897329099,0.0025591694204099014,0.007769876821675292,1.5080312054255802,0.005152331592158639
5,markov,linear,0.01,3141,mean,0.7,9651,32768,0.294525146484375,0.2895928430684284,0.29949389504157586,0.2970581682216714,0.0025330217372964148,0.0074653251532429965,0.9694486320593017,0.007700588671093549
5,markov,linear,0.01,3141,mean,0.95,7631,32768,0.232879638671875,0.22831184642946217,0.2374948252765887,0.23478007531485945,0.0019004366429844488,0.006468228885397276,0.7143305709910643,0.009054951794129762
5,markov,linear,0.01,3141,mean,1.2,5907,32768,0.180267333984375,0.1761183999081516,0.1844730220427302,0.1804873593037899,0.000220025319414896,0.0043689593956383055,0.5655117020345927,0.007725674605706132
5,markov,linear,0.01,3141,alternating,0.45,12144,32768,0.37060546875,0.365372606375145,0.37586127662220675,0.3659624897329099,0.004642979017090099,0.009898786889296851,1.5080312054255802,0.00656404645585787
5,markov,linear,0.01,3141,alternating,0.7,9829,32768,0.299957275390625,0.2949983989211682,0.3049516327429215,0.2970581682216714,0.0028991071689535852,0.00789346452125006,0.9694486320593017,0.00814222049546119
5,markov,linear,0.01,3141,alternating,0.95,7772,32768,0.2371826171875,0.2325853304511743,0.24182653352760608,0.23478007531485945,0.002402541872640551,0.007046458212746631,0.7143305709910643,0.009864422018184599
5,markov,linear,0.01,3141,alternating,1.2,5951,32768,0.181610107421875,0.1774490051396945,0.18582772455112906,0.1804873593037899,0.001122748118085104,0.005340365247339163,0.5655117020345927,0.009443421291063734
5,markov,contractive,0.01,3141,axis_0,0.45,12082,32768,0.36871337890625,0.3634862155871848,0.37396382334125067,0.37953609687796397,0.010822717971713969,0.016049881290779167,1.5080312054255802,0.01064293711763726
5,markov,contractive,0.01,3141,axis_0,0.7,10092,32768,0.3079833984375,0.302986775217459,0.3130140779524596,0.3166497507581355,0.008666352320635506,0.013662975540676525,0.9694486320593017,0.014093552859684425
5,markov,contractive,0.01,3141,axis_0,0.95,8330,32768,0.25421142578125,0.24950369197857464,0.25896276350540254,0.25866180238214476,0.0044503766008947565,0.009158110403570119,0.7143305709910643,0.0128205494423459
5,markov,contractive,0.01,3141,axis_0,1.2,6741,32768,0.205718994140625,0.2013532580004037,0.2101369541290109,0.20671712695869493,0.00099813281806993,0.005363868958291218,0.5655117020345927,0.00948498313826777
5,markov,contractive,0.01,3141,axis_3,0.45,12601,32768,0.384552001953125,0.37927976855738826,0.38984470714125313,0.39466305647493005,0.010111054521805052,0.015383287917541788,1.5080312054255802,0.010200908218739733
5,markov,contractive,0.01,3141,axis_3,0.7,10831,32768,0.330535888671875,0.32544257053521375,0.3356592609192104,0.33884318576627004,0.008307297094395039,0.01340061523105629,0.9694486320593017,0.013822924482951426
5,markov,contractive,0.01,3141,axis_3,0.95,9177,32768,0.280059814453125,0.27520242414659934,0.2849562180277203,0.2863570239956348,0.006297209542509785,0.01115459984903544,0.7143305709910643,0.015615459147379785
5,markov,contractive,0.01,3141,axis_3,1.2,7635,32768,0.233001708984375,0.2284330709309324,0.23761771970361306,0.23807901327402803,0.0050773042896530285,0.009645942343095626,0.5655117020345927,0.01705701634182201
5,markov,contractive,0.01,3141,mean,0.45,13067,32768,0.398773193359375,0.3934655226479709,0.4040988136515431,0.40096418930337396,0.0021909959439989635,0.007498666655403052,1.5080312054255802,0.004972487723347117
5,markov,contractive,0.01,3141,mean,0.7,11361,32768,0.346710205078125,0.34155572870448875,0.3518918658369274,0.3481889555140353,0.001478750435910281,0.006633226809546533,0.9694486320593017,0.006842267439643749
5,markov,contractive,0.01,3141,mean,0.95,9681,32768,0.295440673828125,0.29050383308663996,0.300413797190179,0.29820266550902386,0.0027619916808988565,0.007698832422383894,0.7143305709910643,0.010777688559097382
5,markov,contractive,0.01,3141,mean,1.2,8070,32768,0.24627685546875,0.2416193610789828,0.2509793634431487,0.2517671280876175,0.0054902726188674755,0.010147767008634678,0.5655117020345927,0.017944397918071613
5,markov,contractive,0.01,3141,alternating,0.45,13183,32768,0.402313232421875,0.3969974686664341,0.4076463179405558,0.40096418930337396,0.0013490431185010365,0.006682128637181817,1.5080312054255802,0.004431028093544032
5,markov,contractive,0.01,3141,alternating,0.7,11378,32768,0.34722900390625,0.34207267578008865,0.352412424376852,0.3481889555140353,0.000959951607785281,0.006116279733946628,0.9694486320593017,0.006309029206585638
5,markov,contractive,0.01,3141,alternating,0.95,9723,32768,0.296722412109375,0.29177925923198944,0.3017016200819669,0.29820266550902386,0.0014802533996488565,0.006423406277034416,0.7143305709910643,0.008992204082939588
5,markov,contractive,0.01,3141,alternating,1.2,8211,32768,0.250579833984375,0.24589483424569972,0.2553090828049521,0.2517671280876175,0.0011872941032424755,0.005872293841917758,0.5655117020345927,0.010384035946189044
5,markov,sgd,0.01,5772,axis_0,0.45,11755,32768,0.358734130859375,0.3535384598445327,0.3639548531831084,0.37247556690636774,0.013741436046992739,0.018937107061835046,1.5080312054255802,0.012557503448007776
5,markov,sgd,0.01,5772,axis_0,0.7,9707,32768,0.296234130859375,0.2912933770953027,0.3012110263944891,0.30641843457937845,0.010184303720003451,0.015125057484075777,0.9694486320593017,0.015601711100408845
5,markov,sgd,0.01,5772,axis_0,0.95,7894,32768,0.24090576171875,0.2362834809092005,0.24557401049589372,0.24611934532395208,0.005213583605202077,0.009835864414751566,0.7143305709910643,0.013769345474190274
5,markov,sgd,0.01,5772,axis_0,1.2,6193,32768,0.188995361328125,0.18476883720990125,0.19327708533980445,0.19284038841101792,0.0038450270828929156,0.008071551201116661,0.5655117020345927,0.014273004735493379
5,markov,sgd,0.01,5772,axis_3,0.45,11273,32768,0.344024658203125,0.3388798755688792,0.3491971016753696,0.3521093892282766,0.008084731025151615,0.013229513659397396,1.5080312054255802,0.008772705506225852
5,markov,sgd,0.01,5772,axis_3,0.7,8866,32768,0.27056884765625,0.2657639910208134,0.2754144028874294,0.2774149081187677,0.006846060462517678,0.011650917097954294,0.9694486320593017,0.012018086067340597
5,markov,sgd,0.01,5772,axis_3,0.95,6865,32768,0.209503173828125,0.2051075665414156,0.21395033182739825,0.21143708379782966,0.0019339099697046613,0.006329517256414063,0.7143305709910643,0.008860767708194921
5,markov,sgd,0.01,5772,axis_3,1.2,5131,32768,0.156585693359375,0.15266622628566903,0.16056613499762654,0.15568504022228957,0.0009006531370854276,0.004881094775336964,0.5655117020345927,0.008631288720950966
5,markov,sgd,0.01,5772,mean,0.45,11232,32768,0.3427734375,0.3376332333885827,0.347941524437024,0.35185295863554567,0.009079521135545665,0.014219725246962966,1.5080312054255802,0.009429330902307177
5,markov,sgd,0.01,5772,mean,0.7,8843,32768,0.269866943359375,0.26506608118174896,0.27470862878249325,0.27705487468688905,0.007187931327514052,0.011988793505140094,0.9694486320593017,0.012366610368693298
5,markov,sgd,0.01,5772,mean,0.95,6722,32768,0.20513916015625,0.20077805259967665,0.20955259471113363,0.21101528766159028,0.005876127505340278,0.010237235061913624,0.7143305709910643,0.014331229094269975
5,markov,sgd,0.01,5772,mean,1.2,4876,32768,0.1488037109375,0.14496629615750486,0.1527034887163088,0.15524515316610832,0.006441442228608318,0.010278857008603454,0.5655117020345927,0.01817620567642063
5,markov,sgd,0.01,5772,alternating,0.45,11345,32768,0.346221923828125,0.34106919645383343,0.3514019222145303,0.35185295863554567,0.005631034807420665,0.010783762181712231,1.5080312054255802,0.007150887954383513
5,markov,sgd,0.01,5772,alternating,0.7,8965,32768,0.273590087890625,0.2687682108823627,0.2784521269770118,0.27705487468688905,0.003464786796264052,0.008286663804526362,0.9694486320593017,0.00854781112736612
5,markov,sgd,0.01,5772,alternating,0.95,6817,32768,0.208038330078125,0.20365421695503558,0.21247425447125184,0.21101528766159028,0.0029769575834652784,0.007361070706554701,0.7143305709910643,0.010304851850792175
5,markov,sgd,0.01,5772,alternating,1.2,5034,32768,0.15362548828125,0.1497368191124564,0.1575756600630655,0.15524515316610832,0.0016196648848583184,0.00550833405365192,0.5655117020345927,0.009740442211600728
5,markov,linear,0.01,5772,axis_0,0.45,12230,32768,0.37322998046875,0.36798935529761423,0.378493085608972,0.38709788713505733,0.013867906666307328,0.0191085318374431,1.5080312054255802,0.012671178002613345
5,markov,linear,0.01,5772,axis_0,0.7,10395,32768,0.317230224609375,0.31219230851608504,0.32230055592225365,0.3276993408271379,0.01046911621776292,0.015507032311052882,0.9694486320593017,0.015995723546602836
5,markov,linear,0.01,5772,axis_0,0.95,8656,32768,0.26416015625,0.2593923400217656,0.26896980924172054,0.2723706743188794,0.008210518068879402,0.012978334297113814,0.7143305709910643,0.018168527043589407
5,markov,linear,0.01,5772,axis_0,1.2,7080,32768,0.216064453125,0.21161840980547333,0.22056088024241813,0.22212306122319458,0.0060586080981945845,0.01050465141772125,0.5655117020345927,0.018575480188876226
5,markov,linear,0.01,5772,axis_3,0.45,11740,32768,0.3582763671875,0.35308219904147664,0.3634956678471057,0.365836716895382,0.007560349707881997,0.012754517853905356,1.5080312054255802,0.0084577280682371
5,markov,linear,0.01,5772,axis_3,0.7,9508,32768,0.2901611328125,0.2852507876738999,0.295108697804318,0.29687817417562234,0.006717041363122345,0.011627386501722459,0.9694486320593017,0.011993813923924549
5,markov,linear,0.01,5772,axis_3,0.95,7490,32768,0.22857666015625,0.22403902619472865,0.2331624533291027,0.2345633427670446,0.0059866826107946025,0.01052431657231595,0.7143305709910643,0.014733117970457966
5,markov,linear,0.01,5772,axis_3,1.2,5840,32768,0.17822265625,0.17409241630839267,0.18241001434385948,0.18025311076634265,0.00203045451634265,0.006160694457949978,0.5655117020345927,0.010894017640634295
5,markov,linear,0.01,5772,mean,0.45,11638,32768,0.35516357421875,0.3499797622474147,0.36037307090331433,0.3659624897329099,0.010798915514159901,0.015982727485495174,1.5080312054255802,0.010598406338007245
5,markov,linear,0.01,5772,mean,0.7,9478,32768,0.28924560546875,0.2843399367001921,0.2941886566239421,0.2970581682216714,0.007812562752921415,0.012718231521479328,0.9694486320593017,0.013119036017889133
5,markov,linear,0.01,5772,mean,0.95,7443,32768,0.227142333984375,0.22261490254237093,0.23171817960827212,0.23478007531485945,0.007637741330484449,0.01216517277248852,0.7143305709910643,0.01703017239708854
5,markov,linear,0.01,5772,mean,1.2,5696,32768,0.173828125,0.16973875037608072,0.177975400608502,0.1804873593037899,0.006659234303789896,0.01074860892770918,0.5655117020345927,0.01900687269430135
5,markov,linear,0.01,5772,alternating,0.45,11824,32768,0.36083984375,0.35563732568172657,0.36606703958927295,0.3659624897329099,0.005122645982909901,0.010325164051183333,1.5080312054255802,0.00684678408114869
5,markov,linear,0.01,5772,alternating,0.7,9584,32768,0.29248046875,0.2875583852795002,0.2974393603324445,0.2970581682216714,0.004577699471671415,0.009499782942171242,0.9694486320593017,0.009799160706423211
5,markov,linear,0.01,5772,alternating,0.95,7557,32768,0.230621337890625,0.22606928981229968,0.2352211817298157,0.23478007531485945,0.004158737424234449,0.00871078550255977,0.7143305709910643,0.012194333906883476
5,markov,linear,0.01,5772,alternating,1.2,5837,32768,0.178131103515625,0.17400170532716785,0.18231763616339575,0.1804873593037899,0.002356255788164896,0.006485653976622041,0.5655117020345927,0.01146864680834723
5,markov,contractive,0.01,5772,axis_0,0.45,11997,32768,0.366119384765625,0.36090017496498683,0.3713623358116858,0.37953609687796397,0.013416712112338969,0.018635921912977138,1.5080312054255802,0.012357782681106993
5,markov,contractive,0.01,5772,axis_0,0.7,10028,32768,0.3060302734375,0.3010426710935503,0.31105227873030056,0.3166497507581355,0.010619477320635506,0.015607079664585188,0.9694486320593017,0.016098923809333403
5,markov,contractive,0.01,5772,axis_0,0.95,8254,32768,0.25189208984375,0.24719882498756685,0.25662937065061525,0.25866180238214476,0.0067697125383947565,0.011462977394577911,0.7143305709910643,0.016047160600552408
5,markov,contractive,0.01,5772,axis_0,1.2,6594,32768,0.20123291015625,0.19690334702780113,0.20561549524945918,0.20671712695869493,0.00548421680244493,0.009813779930893801,0.5655117020345927,0.017353805227346978
5,markov,contractive,0.01,5772,axis_3,0.45,12755,32768,0.389251708984375,0.383967243222346,0.39455581299640147,0.39466305647493005,0.005411347490555052,0.010695813252584063,1.5080312054255802,0.007092567590181668
5,markov,contractive,0.01,5772,axis_3,0.7,10884,32768,0.3321533203125,0.3270535842456513,0.3372828234972746,0.33884318576627004,0.006689865453770039,0.011789601520618753,0.9694486320593017,0.012161141014326148
5,markov,contractive,0.01,5772,axis_3,0.95,9177,32768,0.280059814453125,0.27520242414659934,0.2849562180277203,0.2863570239956348,0.006297209542509785,0.01115459984903544,0.7143305709910643,0.015615459147379785
5,markov,contractive,0.01,5772,axis_3,1.2,7651,32768,0.233489990234375,0.22891797427264218,0.23810929207661405,0.23807901327402803,0.0045890230396530285,0.009161039001385846,0.5655117020345927,0.016199556911778035
5,markov,contractive,0.01,5772,mean,0.45,12879,32768,0.393035888671875,0.3877419484719455,0.39834879597378936,0.40096418930337396,0.007928300631498963,0.013222240831428478,1.5080312054255802,0.008767882775805718
5,markov,contractive,0.01,5772,mean,0.7,11124,32768,0.3394775390625,0.33434958541070064,0.3446339602999142,0.3481889555140353,0.008711416451535281,0.013839370103334636,0.9694486320593017,0.014275506350385025
5,markov,contractive,0.01,5772,mean,0.95,9471,32768,0.289031982421875,0.2841274083059645,0.29397397684921023,0.29820266550902386,0.009170683087148856,0.014075257203059355,0.7143305709910643,0.019704122677447925
5,markov,contractive,0.01,5772,mean,1.2,7985,32768,0.243682861328125,0.23904225024107822,0.24836894690775613,0.2517671280876175,0.008084266759492476,0.012724877846539251,0.5655117020345927,0.02250152879375936
5,markov,contractive,0.01,5772,alternating,0.45,12875,32768,0.392913818359375,0.3876201785850238,0.39822644688543096,0.40096418930337396,0.008050370943998963,0.013344010718350174,1.5080312054255802,0.0088486303667598
5,markov,contractive,0.01,5772,alternating,0.7,11068,32768,0.3377685546875,0.3326470620208042,0.34291881815578734,0.3481889555140353,0.010420400826535281,0.015541893493231096,0.9694486320593017,0.01603168334996463
5,markov,contractive,0.01,5772,alternating,0.95,9429,32768,0.287750244140625,0.2828522658174558,0.29268587032657883,0.29820266550902386,0.010452421368398856,0.01535039969156804,0.7143305709910643,0.021489210058965907
5,markov,contractive,0.01,5772,alternating,1.2,7910,32768,0.24139404296875,0.23676852000076648,0.2460654471370211,0.2517671280876175,0.010373085118867476,0.014998608086850995,0.5655117020345927,0.026522188723750798
5,markov,sgd,0.005,1729,axis_0,0.45,11944,32768,0.364501953125,0.3592877849866074,0.3697401494174107,0.37247556690636774,0.007973613781367739,0.013187781919760333,1.3601881022358575,0.009695557473324791
5,markov,sgd,0.005,1729,axis_0,0.7,9899,32768,0.302093505859375,0.29712440743734037,0.30709770598148023,0.30641843457937845,0.004324928720003451,0.009294027142038086,0.8744066371516227,0.010628953106203945
5,markov,sgd,0.005,1729,axis_0,0.95,7950,32768,0.24261474609375,0.23798115372158438,0.24729400275256455,0.24611934532395208,0.0035045992302020768,0.0081381916023677,0.6442996273748799,0.012631066753097107
5,markov,sgd,0.005,1729,axis_0,1.2,6278,32768,0.19158935546875,0.1873404422732569,0.19589300680417748,0.19284038841101792,0.0012510329422679156,0.005499946137761003,0.5100705383384466,0.010782716750661706
5,markov,sgd,0.005,1729,axis_3,0.45,11438,32768,0.34906005859375,0.34389724878487365,0.3542496359007478,0.3521093892282766,0.0030493306345266147,0.00821214044340296,1.3601881022358575,0.006037503511392257
5,markov,sgd,0.005,1729,axis_3,0.7,9026,32768,0.27545166015625,0.27061943488274787,0.2803237169407985,0.2774149081187677,0.001963247962517678,0.006795473236019811,0.8744066371516227,0.00777152522327146
5,markov,sgd,0.005,1729,axis_3,0.95,6919,32768,0.211151123046875,0.2067426878043632,0.21561081589125153,0.21143708379782966,0.00028596075095466134,0.004694395993466466,0.6442996273748799,0.007286044867964939
5,markov,sgd,0.005,1729,axis_3,1.2,5129,32768,0.156524658203125,0.1526058211081894,0.160504480749003,0.15568504022228957,0.0008396179808354276,0.004819440526713431,0.5100705383384466,0.009448576548672552
5,markov,sgd,0.005,1729,mean,0.45,11490,32768,0.35064697265625,0.3454786131754738,0.3558418181057839,0.35185295863554567,0.001205985979295665,0.006374345460071873,1.3601881022358575,0.004686370546539715
5,markov,sgd,0.005,1729,mean,0.7,9049,32768,0.276153564453125,0.27131746472255674,0.2810293710575079,0.27705487468688905,0.0009013102337640522,0.005737409964332307,0.8744066371516227,0.006561489495347274
5,markov,sgd,0.005,1729,mean,0.95,6894,32768,0.21038818359375,0.20598567372068247,0.21484208676593425,0.21101528766159028,0.0006271040678402784,0.005029613940907812,0.6442996273748799,0.007806327564397887
5,markov,sgd,0.005,1729,mean,1.2,5114,32768,0.15606689453125,0.15215278898419116,0.16004206717881433,0.15524515316610832,0.0008217413651416816,0.004796914012706016,0.5100705383384466,0.009404413021641968
5,markov,sgd,0.005,1729,alternating,0.45,11491,32768,0.350677490234375,0.3455090246446068,0.3558724363789119,0.35185295863554567,0.001175468401170665,0.006343933990938855,1.3601881022358575,0.004664012264561635
5,markov,sgd,0.005,1729,alternating,0.7,9100,32768,0.2777099609375,0.27286532319463724,0.28259402919008436,0.27705487468688905,0.0006550862506109478,0.005539154503195309,0.8744066371516227,0.006334758072330158
5,markov,sgd,0.005,1729,alternating,0.95,6935,32768,0.211639404296875,0.20722718898684514,0.21610279036445265,0.21101528766159028,0.0006241166352847216,0.005087502702862373,0.6442996273748799,0.007896175143839182
5,markov,sgd,0.005,1729,alternating,1.2,5184,32768,0.158203125,0.154267039736698,0.16219989635633028,0.15524515316610832,0.0029579718338916816,0.0069547431902219625,0.5100705383384466,0.013634865508753004
5,markov,linear,0.005,1729,axis_0,0.45,12446,32768,0.37982177734375,0.37456238006750836,0.3851024853907353,0.38709788713505733,0.007276109791307328,0.012535507067548968,1.3601881022358575,0.00921600993784851
5,markov,linear,0.005,1729,axis_0,0.7,10526,32768,0.32122802734375,0.31617297268722,0.3263147877677354,0.3276993408271379,0.006471313483387919,0.01152636813991792,0.8744066371516227,0.013181931209334176
5,markov,linear,0.005,1729,axis_0,0.95,8824,32768,0.269287109375,0.26448955846507993,0.274125586503171,0.2723706743188794,0.003083564943879402,0.00788111585379947,0.6442996273748799,0.01223206644695747
5,markov,linear,0.005,1729,axis_0,1.2,7205,32768,0.219879150390625,0.2154045559089729,0.22440345035017714,0.22212306122319458,0.0022439108325695845,0.00671850531422169,0.5100705383384466,0.013171718045326049
5,markov,linear,0.005,1729,axis_3,0.45,11927,32768,0.363983154296875,0.3587706167403283,0.36921981203544024,0.365836716895382,0.001853562598506997,0.007066100155053712,1.3601881022358575,0.00519494336367048
5,markov,linear,0.005,1729,axis_3,0.7,9614,32768,0.29339599609375,0.2884693217098951,0.29835931606401317,0.29687817417562234,0.0034821780818723447,0.008408852465727257,0.8744066371516227,0.009616638424794065
5,markov,linear,0.005,1729,axis_3,0.95,7621,32768,0.232574462890625,0.22800878751340356,0.237187586871725,0.2345633427670446,0.0019888798764196025,0.006554555253641042,0.6442996273748799,0.01017314767097845
5,markov,linear,0.005,1729,axis_3,1.2,5863,32768,0.178924560546875,0.1747878805942466,0.18311823363363397,0.18025311076634265,0.0013285502194676502,0.005465230172096047,0.5100705383384466,0.010714655643313609
5,markov,linear,0.005,1729,mean,0.45,11963,32768,0.365081787109375,0.35986580428864456,0.370321695229712,0.3659624897329099,0.0008807026235349014,0.006096685444265337,1.3601881022358575,0.004482237004017087
5,markov,linear,0.005,1729,mean,0.7,9726,32768,0.29681396484375,0.29187036288656604,0.30179360564448704,0.2970581682216714,0.0002442033779214148,0.005187805335105378,0.8744066371516227,0.005932943683964523
5,markov,linear,0.005,1729,mean,0.95,7690,32768,0.23468017578125,0.23009996183905063,0.23930746406964834,0.23478007531485945,9.989953360944881e-05,0.0046801134758088225,0.6442996273748799,0.0072638773591680835
5,markov,linear,0.005,1729,mean,1.2,5912,32768,0.180419921875,0.17626960073514564,0.18462696982170057,0.1804873593037899,6.7437428789896e-05,0.004217758568644259,0.5100705383384466,0.008268971155212367
5,markov,linear,0.005,1729,alternating,0.45,11993,32768,0.365997314453125,0.36077848294343723,0.37123990886159836,0.3659624897329099,3.482472021509864e-05,0.005277419128688454,1.3601881022358575,0.0038799186083259434
5,markov,linear,0.005,1729,alternating,0.7,9714,32768,0.29644775390625,0.29150594969649457,0.30142566196629444,0.2970581682216714,0.0006104143154214148,0.005552218525176844,0.8744066371516227,0.006349698514712996
5,markov,linear,0.005,1729,alternating,0.95,7731,32768,0.235931396484375,0.23134261846216234,0.24056702647788014,0.23478007531485945,0.0011513211695155512,0.005786951163020693,0.6442996273748799,0.008981770153428333
5,markov,linear,0.005,1729,alternating,1.2,5949,32768,0.181549072265625,0.17738852123033755,0.18576614901739852,0.1804873593037899,0.001061712961835104,0.005278789713608623,0.5100705383384466,0.0103491366719675
5,markov,contractive,0.005,1729,axis_0,0.45,12164,32768,0.3712158203125,0.36598113789418507,0.3764733399650412,0.37953609687796397,0.008320276565463969,0.013554958983778898,1.3601881022358575,0.00996550327230289
5,markov,contractive,0.005,1729,axis_0,0.7,10222,32768,0.31195068359375,0.3069360592082701,0.31699866015973155,0.3166497507581355,0.004699067164385506,0.0097136915498654,0.8744066371516227,0.01110889503481781
5,markov,contractive,0.005,1729,axis_0,0.95,8360,32768,0.255126953125,0.2504135565395107,0.25988379099462844,0.25866180238214476,0.0035348492571447565,0.008248245842634061,0.6442996273748799,0.01280187895845995
5,markov,contractive,0.005,1729,axis_0,1.2,6671,32768,0.203582763671875,0.1992341486705715,0.20798398255950842,0.20671712695869493,0.00313436328681993,0.007482978288123443,0.5100705383384466,0.014670477366717208
5,markov,contractive,0.005,1729,axis_3,0.45,12852,32768,0.3922119140625,0.3869200084555587,0.3975229329073121,0.39466305647493005,0.002451142412430052,0.007743048019371368,1.3601881022358575,0.005692630310942625
5,markov,contractive,0.005,1729,axis_3,0.7,10975,32768,0.334930419921875,0.32981982233864715,0.3400702918727651,0.33884318576627004,0.003912765844395039,0.009023363427622888,0.8744066371516227,0.010319413238921047
5,markov,contractive,0.005,1729,axis_3,0.95,9288,32768,0.283447265625,0.2785717819505672,0.2883611611180845,0.2863570239956348,0.002909758370634785,0.007785242045067586,0.6442996273748799,0.012083263305284846
5,markov,contractive,0.005,1729,axis_3,1.2,7742,32768,0.23626708984375,0.23167602357393333,0.24090494842456042,0.23807901327402803,0.0018119234302780285,0.006402989700094702,0.5100705383384466,0.012553145533463712
5,markov,contractive,0.005,1729,mean,0.45,13046,32768,0.39813232421875,0.3928261494787648,0.4034565621972959,0.40096418930337396,0.0028318650846239635,0.008138039824609145,1.3601881022358575,0.0059830252971864355
5,markov,contractive,0.005,1729,mean,0.7,11306,32768,0.34503173828125,0.33988329920990734,0.3502076595194494,0.3481889555140353,0.003157217232785281,0.00830565630412794,0.8744066371516227,0.009498619922629582
5,markov,contractive,0.005,1729,mean,0.95,9610,32768,0.29327392578125,0.2883478621290562,0.29823665668979715,0.29820266550902386,0.0049287397277738565,0.009854803379967636,0.6442996273748799,0.015295373396566794
5,markov,contractive,0.005,1729,mean,1.2,8128,32768,0.248046875,0.243377991104814,0.2527604579942641,0.2517671280876175,0.0037202530876174755,0.008389136982803469,0.5100705383384466,0.016447013407461367
5,markov,contractive,0.005,1729,alternating,0.45,13042,32768,0.39801025390625,0.39270436518748547,0.4033342275127208,0.40096418930337396,0.0029539353971239635,0.008259824115888492,1.3601881022358575,0.006072560186573543
5,markov,contractive,0.005,1729,alternating,0.7,11321,32768,0.345489501953125,0.34033940931553897,0.3506669955439425,0.3481889555140353,0.002699453560910281,0.007849546198496316,0.8744066371516227,0.008976997503205363
5,markov,contractive,0.005,1729,alternating,0.95,9699,32768,0.295989990234375,0.2910504385686166,0.30096572700932,0.29820266550902386,0.0022126752746488565,0.007152226940407236,0.6442996273748799,0.011100777707334879
5,markov,contractive,0.005,1729,alternating,1.2,8151,32768,0.248748779296875,0.24407540806636008,0.25346672492028394,0.2517671280876175,0.0030183487907424755,0.007691720021257398,0.5100705383384466,0.015079718280364035
5,markov,sgd,0.005,2718,axis_0,0.45,11856,32768,0.36181640625,0.3566107495404795,0.3670465674975888,0.37247556690636774,0.010659160656367739,0.01586481736588824,1.3601881022358575,0.011663693675756965
5,markov,sgd,0.005,2718,axis_0,0.7,9781,32768,0.298492431640625,0.29354063865595836,0.3034799655256065,0.30641843457937845,0.007926002938753451,0.012877795923420088,0.8744066371516227,0.014727468178157331
5,markov,sgd,0.005,2718,axis_0,0.95,7942,32768,0.24237060546875,0.23773862287253997,0.24704829573381148,0.24611934532395208,0.0037487398552020768,0.00838072245141211,0.6442996273748799,0.01300749231465233
5,markov,sgd,0.005,2718,axis_0,1.2,6319,32768,0.192840576171875,0.1885809706533194,0.19715469712169728,0.19284038841101792,1.8776085708438472e-07,0.004314308710679365,0.5100705383384466,0.008458258978715404
5,markov,sgd,0.005,2718,axis_3,0.45,11349,32768,0.346343994140625,0.3411908289549394,0.3515244086816534,0.3521093892282766,0.005765395087651615,0.010918560273337208,1.3601881022358575,0.00802724289044246
5,markov,sgd,0.005,2718,axis_3,0.7,8872,32768,0.270751953125,0.2659460569599401,0.2755985153687426,0.2774149081187677,0.006662954993767678,0.011468851158827564,0.8744066371516227,0.013116152910489468
5,markov,sgd,0.005,2718,axis_3,0.95,6850,32768,0.20904541015625,0.20465338550686454,0.2134890669409185,0.21143708379782966,0.0023916736415796613,0.006783698290965118,0.6442996273748799,0.010528794372587903
5,markov,sgd,0.005,2718,axis_3,1.2,5066,32768,0.15460205078125,0.1507031661395886,0.15856226382108937,0.15568504022228957,0.0010829894410395724,0.004981874082700982,0.5100705383384466,0.009767029671875234
5,markov,sgd,0.005,2718,mean,0.45,11536,32768,0.35205078125,0.34687756474649456,0.3572502346801883,0.35185295863554567,0.0001978226144543349,0.005397276044642629,1.3601881022358575,0.003968036505958746
5,markov,sgd,0.005,2718,mean,0.7,9019,32768,0.275238037109375,0.2704069939855286,0.2801089496776436,0.27705487468688905,0.0018168375775140522,0.006647880701360465,0.8744066371516227,0.007602733578299358
5,markov,sgd,0.005,2718,mean,0.95,6858,32768,0.20928955078125,0.2048956143434167,0.21373507592874694,0.21101528766159028,0.0017257368803402784,0.006119673318173591,0.6442996273748799,0.009498179198251987
5,markov,sgd,0.005,2718,mean,1.2,5020,32768,0.1531982421875,0.14931405957602972,0.15714400363517397,0.15524515316610832,0.0020469109786083184,0.0059310935900785955,0.5100705383384466,0.011627987002345042
5,markov,sgd,0.005,2718,alternating,0.45,11536,32768,0.35205078125,0.34687756474649456,0.3572502346801883,0.35185295863554567,0.0001978226144543349,0.005397276044642629,1.3601881022358575,0.003968036505958746
5,markov,sgd,0.005,2718,alternating,0.7,9005,32768,0.274810791015625,0.2699821163512677,0.2796794109915807,0.27705487468688905,0.002244083671264052,0.007072758335621376,0.8744066371516227,0.008088637522996014
5,markov,sgd,0.005,2718,alternating,0.95,6877,32768,0.209869384765625,0.2054709174294481,0.214319337677161,0.21101528766159028,0.0011459028959652784,0.005544370232142187,0.6442996273748799,0.008605266861214938
5,markov,sgd,0.005,2718,alternating,1.2,5092,32768,0.1553955078125,0.1514883633457406,0.15936383913756938,0.15524515316610832,0.0001503546463916816,0.004118685971461061,0.5100705383384466,0.008074738025210531
5,markov,linear,0.005,2718,axis_0,0.45,12369,32768,0.377471923828125,0.37221909991412677,0.38274647530475064,0.38709788713505733,0.009625963306932328,0.014878787220930556,1.3601881022358575,0.01093877177463398
5,markov,linear,0.005,2718,axis_0,0.7,10471,32768,0.319549560546875,0.3145016494801307,0.3246294752387153,0.3276993408271379,0.00814978028026292,0.013197691347007212,0.8744066371516227,0.015093311036611818
5,markov,linear,0.005,2718,axis_0,0.95,8732,32768,0.2664794921875,0.2616981226356581,0.27130228657841315,0.2723706743188794,0.005891182131379402,0.010672551683221287,0.6442996273748799,0.016564578388327332
5,markov,linear,0.005,2718,axis_0,1.2,7167,32768,0.218719482421875,0.21425350835630355,0.22323536816571934,0.22212306122319458,0.0034035788013195845,0.007869552866891033,0.5100705383384466,0.015428361913483731
5,markov,linear,0.005,2718,axis_3,0.45,11826,32768,0.36090087890625,0.3556981639905537,0.3661282607658491,0.365836716895382,0.004935837989131997,0.01013855290482829,1.3601881022358575,0.007453787375556869
5,markov,linear,0.005,2718,axis_3,0.7,9563,32768,0.291839599609375,0.28692074411435875,0.29679537698552216,0.29687817417562234,0.005038574566247345,0.009957430061263595,0.8744066371516227,0.011387642360195134
5,markov,linear,0.005,2718,axis_3,0.95,7540,32768,0.2301025390625,0.22555413390687948,0.23469883219575707,0.2345633427670446,0.0044608037045446025,0.009009208860165124,0.6442996273748799,0.013982949046349825
5,markov,linear,0.005,2718,axis_3,1.2,5845,32768,0.178375244140625,0.17424360217649779,0.1825639770787494,0.18025311076634265,0.0018778666257176502,0.006009508589844864,0.5100705383384466,0.011781720640876106
5,markov,linear,0.005,2718,mean,0.45,11985,32768,0.365753173828125,0.3605350999829133,0.37099505387890297,0.3659624897329099,0.00020931590478490136,0.005427389749996625,1.3601881022358575,0.003990175874259714
5,markov,linear,0.005,2718,mean,0.7,9704,32768,0.296142578125,0.29120227494911555,0.30111903932371314,0.2970581682216714,0.0009155900966714148,0.005855893272555868,0.8744066371516227,0.006696990877872822
5,markov,linear,0.005,2718,mean,0.95,7630,32768,0.23284912109375,0.22828154038754594,0.23746410158639172,0.23478007531485945,0.0019309542211094488,0.006498534927313504,0.6442996273748799,0.010086200039864978
5,markov,linear,0.005,2718,mean,1.2,5907,32768,0.180267333984375,0.1761183999081516,0.1844730220427302,0.1804873593037899,0.000220025319414896,0.0043689593956383055,0.5100705383384466,0.008565402365465331
5,markov,linear,0.005,2718,alternating,0.45,11989,32768,0.365875244140625,0.3606567912827212,0.37111748155069546,0.3659624897329099,8.724559228490136e-05,0.0053056984501886895,1.3601881022358575,0.0039007093514987073
5,markov,linear,0.005,2718,alternating,0.7,9693,32768,0.295806884765625,0.2908682357865743,0.30078175135757257,0.2970581682216714,0.0012512834560464148,0.006189932435097134,0.8744066371516227,0.00707900897831794
5,markov,linear,0.005,2718,alternating,0.95,7652,32768,0.2335205078125,0.2289482810146948,0.23814001506676954,0.23478007531485945,0.0012595675023594488,0.005831794300164644,0.6442996273748799,0.009051369971957888
5,markov,linear,0.005,2718,alternating,1.2,5868,32768,0.1790771484375,0.17493907162006525,0.18327219121183916,0.1804873593037899,0.001410210866289896,0.005548287683724645,0.5100705383384466,0.01087749098741946
5,markov,contractive,0.005,2718,axis_0,0.45,12094,32768,0.36907958984375,0.36385131675594357,0.3743310790887119,0.37953609687796397,0.010456507034213969,0.015684780122020403,1.3601881022358575,0.011531331656436333
5,markov,contractive,0.005,2718,axis_0,0.7,10080,32768,0.3076171875,0.3026222476840274,0.3126462486078418,0.3166497507581355,0.009032563258135506,0.014027503074108105,0.8744066371516227,0.016042310840414773
5,markov,contractive,0.005,2718,axis_0,0.95,8275,32768,0.252532958984375,0.24783567840236032,0.25727414166478113,0.25866180238214476,0.0061288433977697565,0.010826123979784441,0.6442996273748799,0.0168029337901283
5,markov,contractive,0.005,2718,axis_0,1.2,6738,32768,0.20562744140625,0.2012624351779266,0.2100446877694516,0.20671712695869493,0.00108968555244493,0.005454691780768323,0.5100705383384466,0.010693994988491133
5,markov,contractive,0.005,2718,axis_3,0.45,12876,32768,0.3929443359375,0.3876506210242996,0.39825703418997366,0.39466305647493005,0.0017187205374300518,0.007012435450630461,1.3601881022358575,0.005155489479068021
5,markov,contractive,0.005,2718,axis_3,0.7,11011,32768,0.336029052734375,0.33091421316950365,0.3411729717364653,0.33884318576627004,0.0028141330318950386,0.007928972596766393,0.8744066371516227,0.009067832127389838
5,markov,contractive,0.005,2718,axis_3,0.95,9299,32768,0.283782958984375,0.2789057008134966,0.2886985693726256,0.2863570239956348,0.002574065011259785,0.007451323182138203,0.6442996273748799,0.011564996882735613
5,markov,contractive,0.005,2718,axis_3,1.2,7706,32768,0.23516845703125,0.23058489440230961,0.239799007225051,0.23807901327402803,0.0029105562427780285,0.007494118871718414,0.5100705383384466,0.014692318627400997
5,markov,contractive,0.005,2718,mean,0.45,13125,32768,0.400543212890625,0.3952314596197584,0.4058726018321305,0.40096418930337396,0.00042097641274896347,0.005732729683615545,1.3601881022358575,0.004214659482899583
5,markov,contractive,0.005,2718,mean,0.7,11364,32768,0.3468017578125,0.34164695416812974,0.3519837295995245,0.3481889555140353,0.001387197701535281,0.006542001345905546,0.8744066371516227,0.007481646487972802
5,markov,contractive,0.005,2718,mean,0.95,9723,32768,0.296722412109375,0.29177925923198944,0.3017016200819669,0.29820266550902386,0.0014802533996488565,0.006423406277034416,0.6442996273748799,0.009969594896718783
5,markov,contractive,0.005,2718,mean,1.2,8174,32768,0.24945068359375,0.24477284153555187,0.25417297534068145,0.2517671280876175,0.0023164444938674755,0.006994286552065604,0.5100705383384466,0.013712390789810118
5,markov,contractive,0.005,2718,alternating,0.45,13095,32768,0.399627685546875,0.3943180349360083,0.4049551341953425,0.40096418930337396,0.0013365037564989635,0.006646154367365653,1.3601881022358575,0.004886202398360051
5,markov,contractive,0.005,2718,alternating,0.7,11323,32768,0.345550537109375,0.3404002243949295,0.3507282399485932,0.3481889555140353,0.002638418404660281,0.007788731119105774,0.8744066371516227,0.008907447391384797
5,markov,contractive,0.005,2718,alternating,0.95,9703,32768,0.296112060546875,0.2911719076200289,0.3010883769138182,0.29820266550902386,0.0020906049621488565,0.007030757888994932,0.6442996273748799,0.010912248882776629
5,markov,contractive,0.005,2718,alternating,1.2,8157,32768,0.248931884765625,0.24425734564265436,0.2536509657497743,0.2517671280876175,0.0028352433219924755,0.0075097824449631145,0.5100705383384466,0.01472302726878955
5,markov,sgd,0.005,3141,axis_0,0.45,12066,32768,0.36822509765625,0.36299941905740546,0.3734741439829941,0.37247556690636774,0.004250469250117739,0.00947614784896228,1.3601881022358575,0.006966792191010585
5,markov,sgd,0.005,3141,axis_0,0.7,9937,32768,0.303253173828125,0.29827857982897654,0.3082626636898594,0.30641843457937845,0.0031652607512534514,0.00813985475040191,0.8744066371516227,0.009309003848504015
5,markov,sgd,0.005,3141,axis_0,0.95,7992,32768,0.243896484375,0.2392544742340789,0.24858393105028825,0.24611934532395208,0.0022228609489520768,0.006864871089873187,0.6442996273748799,0.010654780475107933
5,markov,sgd,0.005,3141,axis_0,1.2,6319,32768,0.192840576171875,0.1885809706533194,0.19715469712169728,0.19284038841101792,1.8776085708438472e-07,0.004314308710679365,0.5100705383384466,0.008458258978715404
5,markov,sgd,0.005,3141,axis_3,0.45,11274,32768,0.34405517578125,0.33891028196992645,0.34922772501627186,0.3521093892282766,0.008054213447026615,0.013199107258350162,1.3601881022358575,0.009703883776555362
5,markov,sgd,0.005,3141,axis_3,0.7,8895,32768,0.271453857421875,0.26664398596983846,0.2763042703048742,0.2774149081187677,0.005961050696892678,0.010770922148929218,0.8744066371516227,0.012317978491123385
5,markov,sgd,0.005,3141,axis_3,0.95,6808,32768,0.207763671875,0.2033817235559864,0.21219748032013186,0.21143708379782966,0.0036734119228296613,0.008055360241843251,0.6442996273748799,0.012502506442016477
5,markov,sgd,0.005,3141,axis_3,1.2,5080,32768,0.155029296875,0.15112596016811167,0.1589938857652192,0.15568504022228957,0.0006557433472895724,0.004559080054177905,0.5100705383384466,0.008938136417423944
5,markov,sgd,0.005,3141,mean,0.45,11406,32768,0.34808349609375,0.3429241327358248,0.3532698002005292,0.35185295863554567,0.003769462541795665,0.008928825899720882,1.3601881022358575,0.006564405235602199
5,markov,sgd,0.005,3141,mean,0.7,8972,32768,0.2738037109375,0.26898064105849323,0.2786669049601503,0.27705487468688905,0.003251163749389052,0.008074233628395822,0.8744066371516227,0.00923395738931902
5,markov,sgd,0.005,3141,mean,0.95,6852,32768,0.2091064453125,0.20471394249115862,0.21355056941268388,0.21101528766159028,0.0019088423490902784,0.006301345170431655,0.6442996273748799,0.00978014715933597
5,markov,sgd,0.005,3141,mean,1.2,5066,32768,0.15460205078125,0.1507031661395886,0.15856226382108937,0.15524515316610832,0.0006431023848583184,0.004541987026519728,0.5100705383384466,0.008904625311854392
5,markov,sgd,0.005,3141,alternating,0.45,11481,32768,0.350372314453125,0.3452049109975116,0.35556625260346125,0.35185295863554567,0.001480644182420665,0.00664804763803406,1.3601881022358575,0.004887594316628778
5,markov,sgd,0.005,3141,alternating,0.7,9050,32768,0.27618408203125,0.2713478141847599,0.28106005133257933,0.27705487468688905,0.0008707926556390522,0.005707060502129158,0.8744066371516227,0.006526780858754563
5,markov,sgd,0.005,3141,alternating,0.95,6901,32768,0.210601806640625,0.20619763532257362,0.21505733326219026,0.21101528766159028,0.0004134810209652784,0.004817652339016654,0.6442996273748799,0.007477347703343535
5,markov,sgd,0.005,3141,alternating,1.2,5085,32768,0.155181884765625,0.15127696056289897,0.15914803393270066,0.15524515316610832,6.326840048331839e-05,0.003968192603209353,0.5100705383384466,0.007779693797128
5,markov,linear,0.005,3141,axis_0,0.45,12572,32768,0.3836669921875,0.37839712027751393,0.3889574928582027,0.38709788713505733,0.003430894947557328,0.008700766857543396,1.3601881022358575,0.0063967379535530425
5,markov,linear,0.005,3141,axis_0,0.7,10644,32768,0.3248291015625,0.3197589729823386,0.3299302968888747,0.3276993408271379,0.0028702392646379193,0.007940367844799345,0.8744066371516227,0.00908086410536072
5,markov,linear,0.005,3141,axis_0,0.95,8858,32768,0.27032470703125,0.26552123804548206,0.2751689179690118,0.2723706743188794,0.002045967287629402,0.006849436273397347,0.6442996273748799,0.010630824514526786
5,markov,linear,0.005,3141,axis_0,1.2,7272,32768,0.221923828125,0.21743415912485783,0.226462839057745,0.22212306122319458,0.00019923309819458446,0.00468890209833675,0.5100705383384466,0.00919265424270697
5,markov,linear,0.005,3141,axis_3,0.45,11735,32768,0.358123779296875,0.3529301132502124,0.363342604925415,0.365836716895382,0.007712937598506997,0.012906603645169601,1.3601881022358575,0.009488837333567257
5,markov,linear,0.005,3141,axis_3,0.7,9529,32768,0.290802001953125,0.28588839780083997,0.29575271218658,0.29687817417562234,0.006076172222497345,0.010989776374782378,0.8744066371516227,0.012568267334499594
5,markov,linear,0.005,3141,axis_3,0.95,7546,32768,0.23028564453125,0.22573595252373446,0.23488319196915095,0.2345633427670446,0.0042776982357946025,0.00882739024331014,0.6442996273748799,0.013700753295910263
5,markov,linear,0.005,3141,axis_3,1.2,5796,32768,0.1768798828125,0.17276202928046322,0.18105509367520248,0.18025311076634265,0.00337322795384265,0.007491081485879431,0.5100705383384466,0.014686363792509184
5,markov,linear,0.005,3141,mean,0.45,11823,32768,0.360809326171875,0.3556069065614501,0.36603642896684924,0.3659624897329099,0.005153163561034901,0.010355583171459792,1.3601881022358575,0.00761334638528115
5,markov,linear,0.005,3141,mean,0.7,9615,32768,0.293426513671875,0.28849968667187453,0.29838998084080387,0.2970581682216714,0.0036316545497964148,0.008558481549796881,0.8744066371516227,0.009787759134212558
5,markov,linear,0.005,3141,mean,0.95,7607,32768,0.232147216796875,0.22758451064839486,0.2367574474882111,0.23478007531485945,0.002632858517984449,0.007195564666464593,0.6442996273748799,0.011168041018092843
5,markov,linear,0.005,3141,mean,1.2,5902,32768,0.18011474609375,0.17596720019061626,0.1843190731545204,0.1804873593037899,0.000372613210039896,0.004520159113173633,0.5100705383384466,0.008861831400609883
5,markov,linear,0.005,3141,alternating,0.45,11928,32768,0.364013671875,0.35880103822087955,0.3692504202977175,0.3659624897329099,0.0019488178579099014,0.007161451512030348,1.3601881022358575,0.005265044959780532
5,markov,linear,0.005,3141,alternating,0.7,9714,32768,0.29644775390625,0.29150594969649457,0.30142566196629444,0.2970581682216714,0.0006104143154214148,0.005552218525176844,0.8744066371516227,0.006349698514712996
5,markov,linear,0.005,3141,alternating,0.95,7717,32768,0.235504150390625,0.2309182904481337,0.2401369382364665,0.23478007531485945,0.0007240750757655512,0.0053568629216070585,0.6442996273748799,0.008314241843399696
5,markov,linear,0.005,3141,alternating,1.2,5909,32768,0.180328369140625,0.17617888010587646,0.1845346012873659,0.1804873593037899,0.000158990163164896,0.00430847919791344,0.5100705383384466,0.008446830142255028
5,markov,contractive,0.005,3141,axis_0,0.45,12296,32768,0.375244140625,0.36999766975254994,0.38051273420619747,0.37953609687796397,0.004291956252963969,0.009538427125414028,1.3601881022358575,0.007012579443780533
5,markov,contractive,0.005,3141,axis_0,0.7,10273,32768,0.313507080078125,0.30848551095191395,0.31856172516476167,0.3166497507581355,0.0031426706800105064,0.008164239806221552,0.8744066371516227,0.009336891395079686
5,markov,contractive,0.005,3141,axis_0,0.95,8387,32768,0.255950927734375,0.2512324580623889,0.26071269231964694,0.25866180238214476,0.0027108746477697565,0.007429344319755837,0.6442996273748799,0.011530884085756487
5,markov,contractive,0.005,3141,axis_0,1.2,6786,32768,0.20709228515625,0.20271564146232196,0.2115209084043583,0.20671712695869493,0.00037515819755506996,0.004803781445663374,0.5100705383384466,0.009417876714290693
5,markov,contractive,0.005,3141,axis_3,0.45,12637,32768,0.385650634765625,0.38037549548329525,0.3909460509842546,0.39466305647493005,0.009012421709305052,0.014287560991634807,1.3601881022358575,0.010504106724760437
5,markov,contractive,0.005,3141,axis_3,0.7,10820,32768,0.3302001953125,0.32510821771518733,0.3353222865856131,0.33884318576627004,0.008642990453770039,0.013734968051082708,0.8744066371516227,0.01570775822999735
5,markov,contractive,0.005,3141,axis_3,0.95,9145,32768,0.279083251953125,0.2742311412927317,0.2839745492787,0.2863570239956348,0.007273772042509785,0.012125882702903101,0.6442996273748799,0.01882025409871573
5,markov,contractive,0.005,3141,axis_3,1.2,7611,32768,0.232269287109375,0.2277057319404671,0.23688034512419687,0.23807901327402803,0.0058097261646530285,0.01037328133356094,0.5100705383384466,0.020336954507021474
5,markov,contractive,0.005,3141,mean,0.45,12825,32768,0.391387939453125,0.38609808422822933,0.39669705405243183,0.40096418930337396,0.009576249850248963,0.014866105075144631,1.3601881022358575,0.01092944795702002
5,markov,contractive,0.005,3141,mean,0.7,11139,32768,0.339935302734375,0.3348056311148588,0.3450933607217711,0.3481889555140353,0.008253652779660281,0.0133833243991765,0.8744066371516227,0.015305607060317661
5,markov,contractive,0.005,3141,mean,0.95,9556,32768,0.2916259765625,0.2867081996875833,0.29658071324185165,0.29820266550902386,0.0065766889465238565,0.011494465821440536,0.6442996273748799,0.0178402490597012
5,markov,contractive,0.005,3141,mean,1.2,8042,32768,0.24542236328125,0.2407704051770875,0.25011948679537116,0.2517671280876175,0.0063447648063674755,0.010996722910529971,0.5100705383384466,0.02155921991956596
5,markov,contractive,0.005,3141,alternating,0.45,13074,32768,0.39898681640625,0.39367864914243245,0.40431289536498055,0.40096418930337396,0.0019773728971239635,0.007285540160941517,1.3601881022358575,0.005356273995461107
5,markov,contractive,0.005,3141,alternating,0.7,11323,32768,0.345550537109375,0.3404002243949295,0.3507282399485932,0.3481889555140353,0.002638418404660281,0.007788731119105774,0.8744066371516227,0.008907447391384797
5,markov,contractive,0.005,3141,alternating,0.95,9723,32768,0.296722412109375,0.29177925923198944,0.3017016200819669,0.29820266550902386,0.0014802533996488565,0.006423406277034416,0.6442996273748799,0.009969594896718783
5,markov,contractive,0.005,3141,alternating,1.2,8242,32768,0.25152587890625,0.24683491484995457,0.25626092397241057,0.2517671280876175,0.00024124918136747553,0.004932213237662908,0.5100705383384466,0.009669668931927689
5,markov,sgd,0.005,5772,axis_0,0.45,11937,32768,0.364288330078125,0.35907483256406475,0.36952589364004457,0.37247556690636774,0.008187236828242739,0.013400734342302989,1.3601881022358575,0.009852118482932659
5,markov,sgd,0.005,5772,axis_0,0.7,9836,32768,0.3001708984375,0.295210994008992,0.3051662458300727,0.30641843457937845,0.006247536141878451,0.011207440570386473,0.8744066371516227,0.012817195220400751
5,markov,sgd,0.005,5772,axis_0,0.95,7936,32768,0.2421875,0.23755672608116826,0.24686401412450584,0.24611934532395208,0.003931845323952077,0.008562619242783814,0.6442996273748799,0.01328980939764184
5,markov,sgd,0.005,5772,axis_0,1.2,6240,32768,0.1904296875,0.18619074632852264,0.19472357323558356,0.19284038841101792,0.0024107009110179156,0.006649642082495272,0.5100705383384466,0.013036710773683308
5,markov,sgd,0.005,5772,axis_3,0.45,11265,32768,0.343780517578125,0.33863662520712867,0.3489521141015772,0.3521093892282766,0.008328871650151615,0.013472764021147943,1.3601881022358575,0.009905074157759215
5,markov,sgd,0.005,5772,axis_3,0.7,8915,32768,0.272064208984375,0.2672508930873166,0.27691795792437396,0.2774149081187677,0.005350699134392678,0.01016401503145109,0.8744066371516227,0.011623899681914976
5,markov,sgd,0.005,5772,axis_3,0.95,6780,32768,0.2069091796875,0.2025339858891129,0.21133638561187243,0.21143708379782966,0.004527904110329661,0.008903097908716767,0.6442996273748799,0.013818257112752573
5,markov,sgd,0.005,5772,axis_3,1.2,5044,32768,0.1539306640625,0.15003879666411624,0.15788397963034095,0.15568504022228957,0.0017543761597895724,0.005646243558173336,0.5100705383384466,0.011069534767810661
5,markov,sgd,0.005,5772,mean,0.45,11365,32768,0.346832275390625,0.3416773627027726,0.3520143508069641,0.35185295863554567,0.005020683244920665,0.010175595932773063,1.3601881022358575,0.007481021129391269
5,markov,sgd,0.005,5772,mean,0.7,8968,32768,0.273681640625,0.2688592522157614,0.27854417485470945,0.27705487468688905,0.003373234061889052,0.00819562247112765,0.8744066371516227,0.009372781636041634
5,markov,sgd,0.005,5772,mean,0.95,6798,32768,0.20745849609375,0.20307895669902873,0.21188994989970322,0.21101528766159028,0.0035567915678402784,0.00793633096256155,0.6442996273748799,0.012317764321697905
5,markov,sgd,0.005,5772,mean,1.2,4991,32768,0.152313232421875,0.14843837707374002,0.15624982450530264,0.15524515316610832,0.0029319207442333184,0.006806776092368294,0.5100705383384466,0.013344774067016982
5,markov,sgd,0.005,5772,alternating,0.45,11444,32768,0.3492431640625,0.34407971069875837,0.3544333524400131,0.35185295863554567,0.002609794573045665,0.0077732479367872975,1.3601881022358575,0.0057148330616991466
5,markov,sgd,0.005,5772,alternating,0.7,8932,32768,0.2725830078125,0.26776677313351926,0.2774395834055477,0.27705487468688905,0.004471866874389052,0.009288101553369787,0.8744066371516227,0.010622176409394323
5,markov,sgd,0.005,5772,alternating,0.95,6766,32768,0.20648193359375,0.20211012819643895,0.21090582711879147,0.21101528766159028,0.004533354067840278,0.00890515946515133,0.6442996273748799,0.013821456798654866
5,markov,sgd,0.005,5772,alternating,1.2,4956,32768,0.1512451171875,0.14738157976997604,0.15517058192312574,0.15524515316610832,0.004000035978608318,0.007863573396132278,0.5100705383384466,0.015416639082405832
5,markov,linear,0.005,5772,axis_0,0.45,12396,32768,0.3782958984375,0.37304075466538056,0.38357262362374106,0.38709788713505733,0.008801988697557328,0.01405713246967677,1.3601881022358575,0.010334697419106857
5,markov,linear,0.005,5772,axis_0,0.7,10534,32768,0.32147216796875,0.3164160804913004,0.3265599178893774,0.3276993408271379,0.006227172858387919,0.011283260335837542,0.8744066371516227,0.0129039051814528
5,markov,linear,0.005,5772,axis_0,0.95,8745,32768,0.266876220703125,0.2620925497333037,0.2717012460531142,0.2723706743188794,0.005494453615754402,0.010278124585575699,0.6442996273748799,0.0159523987736151
5,markov,linear,0.005,5772,axis_0,1.2,7162,32768,0.21856689453125,0.21410205856095743,0.22308166931201662,0.22212306122319458,0.0035561666919445845,0.008021002662237153,0.5100705383384466,0.015725281229465923
5,markov,linear,0.005,5772,axis_3,0.45,11711,32768,0.357391357421875,0.3522001094146184,0.3626078949392729,0.365836716895382,0.008445359473506997,0.013636607480763618,1.3601881022358575,0.01002553062943865
5,markov,linear,0.005,5772,axis_3,0.7,9578,32768,0.29229736328125,0.2873762008834159,0.2972553662964017,0.29687817417562234,0.004580810894372345,0.009501973292206423,0.8744066371516227,0.010866767117824123
5,markov,linear,0.005,5772,axis_3,0.95,7564,32768,0.2308349609375,0.22628141566664195,0.2354362639980047,0.2345633427670446,0.0037283818295446025,0.008281927100402653,0.6442996273748799,0.012854154726344252
5,markov,linear,0.005,5772,axis_3,1.2,5790,32768,0.17669677734375,0.17258061965679078,0.18087032497798114,0.18025311076634265,0.00355633342259265,0.007672491109551871,0.5100705383384466,0.015042019746023736
5,markov,linear,0.005,5772,mean,0.45,11916,32768,0.3636474609375,0.35843598194821247,0.36888311965652315,0.3659624897329099,0.0023150287954099014,0.007526507784697434,1.3601881022358575,0.005533431569005397
5,markov,linear,0.005,5772,mean,0.7,9672,32768,0.295166015625,0.2902305335698491,0.30013782905669983,0.2970581682216714,0.0018921525966714148,0.00682763465182229,0.8744066371516227,0.007808306069202873
5,markov,linear,0.005,5772,mean,0.95,7594,32768,0.23175048828125,0.22719054515194853,0.23635802646897763,0.23478007531485945,0.003029587033609449,0.007589530162910918,0.6442996273748799,0.011779504194086734
5,markov,linear,0.005,5772,mean,1.2,5864,32768,0.178955078125,0.17481811870990827,0.18314902523875978,0.1804873593037899,0.001532281178789896,0.00566924059388163,0.5100705383384466,0.011114620758825173
5,markov,linear,0.005,5772,alternating,0.45,11902,32768,0.36322021484375,0.35801008708496884,0.36845459812048015,0.3659624897329099,0.0027422748891599014,0.00795240264794106,1.3601881022358575,0.0058465462496466595
5,markov,linear,0.005,5772,alternating,0.7,9631,32768,0.293914794921875,0.2889855296934932,0.2988806136398313,0.2970581682216714,0.0031433732997964148,0.008072638528178189,0.8744066371516227,0.009232133180592942
5,markov,linear,0.005,5772,alternating,0.95,7538,32768,0.23004150390625,0.22549352797167357,0.2346373786675842,0.23478007531485945,0.004738571408609449,0.009286547343185875,0.6442996273748799,0.01441339859379211
5,markov,linear,0.005,5772,alternating,1.2,5806,32768,0.17718505859375,0.17306438228248752,0.18136303787540037,0.1804873593037899,0.003302300710039896,0.007422977021302374,0.5100705383384466,0.014552844093843767
5,markov,contractive,0.005,5772,axis_0,0.45,12155,32768,0.370941162109375,0.3657072976035735,0.3761979125677536,0.37953609687796397,0.008594934768588969,0.013828799274390458,1.3601881022358575,0.010166828581766651
5,markov,contractive,0.005,5772,axis_0,0.7,10173,32768,0.310455322265625,0.3054474323835751,0.3154968297210565,0.3166497507581355,0.006194428492510506,0.011202318374560427,0.8744066371516227,0.012811337309895027
5,markov,contractive,0.005,5772,axis_0,0.95,8318,32768,0.25384521484375,0.24913975384414727,0.2585943448206733,0.25866180238214476,0.0048165875383947565,0.009522048537997485,0.6442996273748799,0.014778913619419444
5,markov,contractive,0.005,5772,axis_0,1.2,6675,32768,0.203704833984375,0.19935523555630774,0.2081070145814628,0.20671712695869493,0.00301229297431993,0.007361891402387188,0.5100705383384466,0.01443308493442599
5,markov,contractive,0.005,5772,axis_3,0.45,12676,32768,0.3868408203125,0.38156256495332747,0.3921391415152814,0.39466305647493005,0.007822236162430052,0.013100491521602586,1.3601881022358575,0.009631382233139805
5,markov,contractive,0.005,5772,axis_3,0.7,10878,32768,0.33197021484375,0.3268712019283546,0.33709902736658,0.33884318576627004,0.006872970922520039,0.011971983837915423,0.8744066371516227,0.01369155188130105
5,markov,contractive,0.005,5772,axis_3,0.95,9121,32768,0.278350830078125,0.27350269791829557,0.28323827895284664,0.2863570239956348,0.008006193917509785,0.012854326077339218,0.6442996273748799,0.019950851329392505
5,markov,contractive,0.005,5772,axis_3,1.2,7644,32768,0.2332763671875,0.22870582801077574,0.23789423021315267,0.23807901327402803,0.0048026460865280285,0.009373185263252287,0.5100705383384466,0.01837625300568312
5,markov,contractive,0.005,5772,mean,0.45,13020,32768,0.3973388671875,0.3920345577341043,0.4026613805991444,0.40096418930337396,0.0036253221158739635,0.00892963156926968,1.3601881022358575,0.006564997557757844
5,markov,contractive,0.005,5772,mean,0.7,11347,32768,0.346282958984375,0.34113001265757675,0.3514631654948984,0.3481889555140353,0.001905996529660281,0.007058942856458528,0.8744066371516227,0.008072837689628038
5,markov,contractive,0.005,5772,mean,0.95,9701,32768,0.296051025390625,0.2911111730413314,0.3010270520145566,0.29820266550902386,0.0021516401183988565,0.007091492467692473,0.6442996273748799,0.011006513377302254
5,markov,contractive,0.005,5772,mean,1.2,8164,32768,0.2491455078125,0.24446960756706787,0.25386591196561814,0.2517671280876175,0.0026216202751174755,0.007297520520549605,0.5100705383384466,0.014306884973833733
5,markov,contractive,0.005,5772,alternating,0.45,13016,32768,0.397216796875,0.39191277567913624,0.40253904367834537,0.40096418930337396,0.0037473924283739635,0.009051413624237725,1.3601881022358575,0.006654530803025804
5,markov,contractive,0.005,5772,alternating,0.7,11235,32768,0.342864990234375,0.33772444976655475,0.3480333972847207,0.3481889555140353,0.005323965279660281,0.010464505747480535,0.8744066371516227,0.0119675506827906
5,markov,contractive,0.005,5772,alternating,0.95,9585,32768,0.292510986328125,0.2875887494392537,0.29747002591138755,0.29820266550902386,0.0056916791808988565,0.010613916069770135,0.6442996273748799,0.01647357164090757
5,markov,contractive,0.005,5772,alternating,1.2,8073,32768,0.246368408203125,0.24171032210714227,0.2510714916169234,0.2517671280876175,0.0053987198844924755,0.010056805980475203,0.5100705383384466,0.019716500414305876
